Region,Ort,Land,Breitengrad,Laengengrad,MittelC_1961_1990,Jahr,AnomalieC
Europa,"Reykjavík",IS,64.13,-21.9,4.3,1850,-0.87
Europa,"Reykjavík",IS,64.13,-21.9,4.3,1851,-0.53
Europa,"Reykjavík",IS,64.13,-21.9,4.3,1852,-0.35
Europa,"Reykjavík",IS,64.13,-21.9,4.3,1853,-0.21
Europa,"Reykjavík",IS,64.13,-21.9,4.3,1854,0.1
Europa,"Reykjavík",IS,64.13,-21.9,4.3,1855,-0.71
Europa,"Reykjavík",IS,64.13,-21.9,4.3,1856,-0.57
Europa,"Reykjavík",IS,64.13,-21.9,4.3,1857,-0.78
Europa,"Reykjavík",IS,64.13,-21.9,4.3,1858,-0.41
Europa,"Reykjavík",IS,64.13,-21.9,4.3,1859,-0.38
Europa,"Reykjavík",IS,64.13,-21.9,4.3,1860,-0.6
Europa,"Reykjavík",IS,64.13,-21.9,4.3,1861,-0.62
Europa,"Reykjavík",IS,64.13,-21.9,4.3,1862,-0.45
Europa,"Reykjavík",IS,64.13,-21.9,4.3,1863,-0.65
Europa,"Reykjavík",IS,64.13,-21.9,4.3,1864,-0.86
Europa,"Reykjavík",IS,64.13,-21.9,4.3,1865,-0.68
Europa,"Reykjavík",IS,64.13,-21.9,4.3,1866,-1.04
Europa,"Reykjavík",IS,64.13,-21.9,4.3,1867,-0.39
Europa,"Reykjavík",IS,64.13,-21.9,4.3,1868,-0.65
Europa,"Reykjavík",IS,64.13,-21.9,4.3,1869,0.36
Europa,"Reykjavík",IS,64.13,-21.9,4.3,1870,0.17
Europa,"Reykjavík",IS,64.13,-21.9,4.3,1871,-0.18
Europa,"Reykjavík",IS,64.13,-21.9,4.3,1872,-0.96
Europa,"Reykjavík",IS,64.13,-21.9,4.3,1873,-0.54
Europa,"Reykjavík",IS,64.13,-21.9,4.3,1874,-0.22
Europa,"Reykjavík",IS,64.13,-21.9,4.3,1875,-0.98
Europa,"Reykjavík",IS,64.13,-21.9,4.3,1876,-0.81
Europa,"Reykjavík",IS,64.13,-21.9,4.3,1877,0.08
Europa,"Reykjavík",IS,64.13,-21.9,4.3,1878,0.04
Europa,"Reykjavík",IS,64.13,-21.9,4.3,1879,-0.36
Europa,"Reykjavík",IS,64.13,-21.9,4.3,1880,-0.2
Europa,"Reykjavík",IS,64.13,-21.9,4.3,1881,-0.78
Europa,"Reykjavík",IS,64.13,-21.9,4.3,1882,0.09
Europa,"Reykjavík",IS,64.13,-21.9,4.3,1883,-0.8
Europa,"Reykjavík",IS,64.13,-21.9,4.3,1884,-0.33
Europa,"Reykjavík",IS,64.13,-21.9,4.3,1885,-0.77
Europa,"Reykjavík",IS,64.13,-21.9,4.3,1886,-0.77
Europa,"Reykjavík",IS,64.13,-21.9,4.3,1887,-0.49
Europa,"Reykjavík",IS,64.13,-21.9,4.3,1888,0.05
Europa,"Reykjavík",IS,64.13,-21.9,4.3,1889,-0.35
Europa,"Reykjavík",IS,64.13,-21.9,4.3,1890,-0.57
Europa,"Reykjavík",IS,64.13,-21.9,4.3,1891,-0.6
Europa,"Reykjavík",IS,64.13,-21.9,4.3,1892,-0.68
Europa,"Reykjavík",IS,64.13,-21.9,4.3,1893,-1.33
Europa,"Reykjavík",IS,64.13,-21.9,4.3,1894,-0.28
Europa,"Reykjavík",IS,64.13,-21.9,4.3,1895,-1.34
Europa,"Reykjavík",IS,64.13,-21.9,4.3,1896,-0.87
Europa,"Reykjavík",IS,64.13,-21.9,4.3,1897,-0.19
Europa,"Reykjavík",IS,64.13,-21.9,4.3,1898,-0.58
Europa,"Reykjavík",IS,64.13,-21.9,4.3,1899,0.06
Europa,"Reykjavík",IS,64.13,-21.9,4.3,1900,-0.17
Europa,"Reykjavík",IS,64.13,-21.9,4.3,1901,-0.05
Europa,"Reykjavík",IS,64.13,-21.9,4.3,1902,-0.67
Europa,"Reykjavík",IS,64.13,-21.9,4.3,1903,-0.51
Europa,"Reykjavík",IS,64.13,-21.9,4.3,1904,-0.73
Europa,"Reykjavík",IS,64.13,-21.9,4.3,1905,-0.24
Europa,"Reykjavík",IS,64.13,-21.9,4.3,1906,0.22
Europa,"Reykjavík",IS,64.13,-21.9,4.3,1907,-0.43
Europa,"Reykjavík",IS,64.13,-21.9,4.3,1908,-0.65
Europa,"Reykjavík",IS,64.13,-21.9,4.3,1909,-1.01
Europa,"Reykjavík",IS,64.13,-21.9,4.3,1910,-0.57
Europa,"Reykjavík",IS,64.13,-21.9,4.3,1911,-0.74
Europa,"Reykjavík",IS,64.13,-21.9,4.3,1912,-1.17
Europa,"Reykjavík",IS,64.13,-21.9,4.3,1913,-1.37
Europa,"Reykjavík",IS,64.13,-21.9,4.3,1914,0.24
Europa,"Reykjavík",IS,64.13,-21.9,4.3,1915,-0.1
Europa,"Reykjavík",IS,64.13,-21.9,4.3,1916,-1.08
Europa,"Reykjavík",IS,64.13,-21.9,4.3,1917,-1.19
Europa,"Reykjavík",IS,64.13,-21.9,4.3,1918,-0.89
Europa,"Reykjavík",IS,64.13,-21.9,4.3,1919,-0.65
Europa,"Reykjavík",IS,64.13,-21.9,4.3,1920,-0.67
Europa,"Reykjavík",IS,64.13,-21.9,4.3,1921,-0.14
Europa,"Reykjavík",IS,64.13,-21.9,4.3,1922,-0.1
Europa,"Reykjavík",IS,64.13,-21.9,4.3,1923,-0.2
Europa,"Reykjavík",IS,64.13,-21.9,4.3,1924,0.04
Europa,"Reykjavík",IS,64.13,-21.9,4.3,1925,-0.03
Europa,"Reykjavík",IS,64.13,-21.9,4.3,1926,-0.17
Europa,"Reykjavík",IS,64.13,-21.9,4.3,1927,-1.1
Europa,"Reykjavík",IS,64.13,-21.9,4.3,1928,-0.6
Europa,"Reykjavík",IS,64.13,-21.9,4.3,1929,-0.49
Europa,"Reykjavík",IS,64.13,-21.9,4.3,1930,-0.2
Europa,"Reykjavík",IS,64.13,-21.9,4.3,1931,0.07
Europa,"Reykjavík",IS,64.13,-21.9,4.3,1932,-0.11
Europa,"Reykjavík",IS,64.13,-21.9,4.3,1933,-0.54
Europa,"Reykjavík",IS,64.13,-21.9,4.3,1934,-0.1
Europa,"Reykjavík",IS,64.13,-21.9,4.3,1935,-0.21
Europa,"Reykjavík",IS,64.13,-21.9,4.3,1936,0.24
Europa,"Reykjavík",IS,64.13,-21.9,4.3,1937,0.53
Europa,"Reykjavík",IS,64.13,-21.9,4.3,1938,0.11
Europa,"Reykjavík",IS,64.13,-21.9,4.3,1939,0.09
Europa,"Reykjavík",IS,64.13,-21.9,4.3,1940,-0.27
Europa,"Reykjavík",IS,64.13,-21.9,4.3,1941,-0.26
Europa,"Reykjavík",IS,64.13,-21.9,4.3,1942,-0.12
Europa,"Reykjavík",IS,64.13,-21.9,4.3,1943,0.36
Europa,"Reykjavík",IS,64.13,-21.9,4.3,1944,0.71
Europa,"Reykjavík",IS,64.13,-21.9,4.3,1945,0.11
Europa,"Reykjavík",IS,64.13,-21.9,4.3,1946,-0.06
Europa,"Reykjavík",IS,64.13,-21.9,4.3,1947,0.12
Europa,"Reykjavík",IS,64.13,-21.9,4.3,1948,0.89
Europa,"Reykjavík",IS,64.13,-21.9,4.3,1949,-0.2
Europa,"Reykjavík",IS,64.13,-21.9,4.3,1950,-0.58
Europa,"Reykjavík",IS,64.13,-21.9,4.3,1951,-0.04
Europa,"Reykjavík",IS,64.13,-21.9,4.3,1952,0.21
Europa,"Reykjavík",IS,64.13,-21.9,4.3,1953,0
Europa,"Reykjavík",IS,64.13,-21.9,4.3,1954,-0.6
Europa,"Reykjavík",IS,64.13,-21.9,4.3,1955,0.07
Europa,"Reykjavík",IS,64.13,-21.9,4.3,1956,0.29
Europa,"Reykjavík",IS,64.13,-21.9,4.3,1957,0.38
Europa,"Reykjavík",IS,64.13,-21.9,4.3,1958,-0.25
Europa,"Reykjavík",IS,64.13,-21.9,4.3,1959,0.07
Europa,"Reykjavík",IS,64.13,-21.9,4.3,1960,0.01
Europa,"Reykjavík",IS,64.13,-21.9,4.3,1961,-0.27
Europa,"Reykjavík",IS,64.13,-21.9,4.3,1962,0.32
Europa,"Reykjavík",IS,64.13,-21.9,4.3,1963,-0.66
Europa,"Reykjavík",IS,64.13,-21.9,4.3,1964,-0.37
Europa,"Reykjavík",IS,64.13,-21.9,4.3,1965,0.11
Europa,"Reykjavík",IS,64.13,-21.9,4.3,1966,0.18
Europa,"Reykjavík",IS,64.13,-21.9,4.3,1967,0.18
Europa,"Reykjavík",IS,64.13,-21.9,4.3,1968,-0.35
Europa,"Reykjavík",IS,64.13,-21.9,4.3,1969,0.07
Europa,"Reykjavík",IS,64.13,-21.9,4.3,1970,0.09
Europa,"Reykjavík",IS,64.13,-21.9,4.3,1971,-0.88
Europa,"Reykjavík",IS,64.13,-21.9,4.3,1972,-0.42
Europa,"Reykjavík",IS,64.13,-21.9,4.3,1973,0.12
Europa,"Reykjavík",IS,64.13,-21.9,4.3,1974,-0.3
Europa,"Reykjavík",IS,64.13,-21.9,4.3,1975,-0.29
Europa,"Reykjavík",IS,64.13,-21.9,4.3,1976,0.24
Europa,"Reykjavík",IS,64.13,-21.9,4.3,1977,0.22
Europa,"Reykjavík",IS,64.13,-21.9,4.3,1978,0.35
Europa,"Reykjavík",IS,64.13,-21.9,4.3,1979,-0.26
Europa,"Reykjavík",IS,64.13,-21.9,4.3,1980,0.28
Europa,"Reykjavík",IS,64.13,-21.9,4.3,1981,0.82
Europa,"Reykjavík",IS,64.13,-21.9,4.3,1982,0.49
Europa,"Reykjavík",IS,64.13,-21.9,4.3,1983,0.66
Europa,"Reykjavík",IS,64.13,-21.9,4.3,1984,-0.32
Europa,"Reykjavík",IS,64.13,-21.9,4.3,1985,-0.05
Europa,"Reykjavík",IS,64.13,-21.9,4.3,1986,-0.11
Europa,"Reykjavík",IS,64.13,-21.9,4.3,1987,-0.12
Europa,"Reykjavík",IS,64.13,-21.9,4.3,1988,-0.44
Europa,"Reykjavík",IS,64.13,-21.9,4.3,1989,0.22
Europa,"Reykjavík",IS,64.13,-21.9,4.3,1990,0.48
Europa,"Reykjavík",IS,64.13,-21.9,4.3,1991,-0.25
Europa,"Reykjavík",IS,64.13,-21.9,4.3,1992,-0.72
Europa,"Reykjavík",IS,64.13,-21.9,4.3,1993,0.17
Europa,"Reykjavík",IS,64.13,-21.9,4.3,1994,0.54
Europa,"Reykjavík",IS,64.13,-21.9,4.3,1995,0.32
Europa,"Reykjavík",IS,64.13,-21.9,4.3,1996,-0.12
Europa,"Reykjavík",IS,64.13,-21.9,4.3,1997,0.12
Europa,"Reykjavík",IS,64.13,-21.9,4.3,1998,0.91
Europa,"Reykjavík",IS,64.13,-21.9,4.3,1999,0.08
Europa,"Reykjavík",IS,64.13,-21.9,4.3,2000,0.97
Europa,"Reykjavík",IS,64.13,-21.9,4.3,2001,1.25
Europa,"Reykjavík",IS,64.13,-21.9,4.3,2002,0.81
Europa,"Reykjavík",IS,64.13,-21.9,4.3,2003,0.71
Europa,"Reykjavík",IS,64.13,-21.9,4.3,2004,0.83
Europa,"Reykjavík",IS,64.13,-21.9,4.3,2005,1.91
Europa,"Reykjavík",IS,64.13,-21.9,4.3,2006,1.61
Europa,"Reykjavík",IS,64.13,-21.9,4.3,2007,1.84
Europa,"Reykjavík",IS,64.13,-21.9,4.3,2008,1.43
Europa,"Reykjavík",IS,64.13,-21.9,4.3,2009,1
Europa,"Reykjavík",IS,64.13,-21.9,4.3,2010,1.29
Europa,"Reykjavík",IS,64.13,-21.9,4.3,2011,1.16
Europa,"Reykjavík",IS,64.13,-21.9,4.3,2012,1.11
Europa,"Reykjavík",IS,64.13,-21.9,4.3,2013,1.15
Europa,"Reykjavík",IS,64.13,-21.9,4.3,2014,1.59
Europa,"Reykjavík",IS,64.13,-21.9,4.3,2015,1.69
Europa,"Reykjavík",IS,64.13,-21.9,4.3,2016,1.45
Europa,"Reykjavík",IS,64.13,-21.9,4.3,2017,1.21
Europa,"Reykjavík",IS,64.13,-21.9,4.3,2018,1.9
Europa,"Reykjavík",IS,64.13,-21.9,4.3,2019,2.29
Europa,"Reykjavík",IS,64.13,-21.9,4.3,2020,1.55
Europa,"Reykjavík",IS,64.13,-21.9,4.3,2021,1.33
Europa,"Reykjavík",IS,64.13,-21.9,4.3,2022,1.15
Europa,"Reykjavík",IS,64.13,-21.9,4.3,2023,1.96
Europa,"Reykjavík",IS,64.13,-21.9,4.3,2024,1.75
Europa,"Reykjavík",IS,64.13,-21.9,4.3,2025,2.17
Europa,"Helsinki",FI,60.17,24.94,5,1850,-0.85
Europa,"Helsinki",FI,60.17,24.94,5,1851,-0.61
Europa,"Helsinki",FI,60.17,24.94,5,1852,-0.01
Europa,"Helsinki",FI,60.17,24.94,5,1853,-0.45
Europa,"Helsinki",FI,60.17,24.94,5,1854,-0.18
Europa,"Helsinki",FI,60.17,24.94,5,1855,-0.23
Europa,"Helsinki",FI,60.17,24.94,5,1856,-0.24
Europa,"Helsinki",FI,60.17,24.94,5,1857,-0.84
Europa,"Helsinki",FI,60.17,24.94,5,1858,-0.75
Europa,"Helsinki",FI,60.17,24.94,5,1859,-0.55
Europa,"Helsinki",FI,60.17,24.94,5,1860,-0.57
Europa,"Helsinki",FI,60.17,24.94,5,1861,-0.38
Europa,"Helsinki",FI,60.17,24.94,5,1862,-1.38
Europa,"Helsinki",FI,60.17,24.94,5,1863,-0.41
Europa,"Helsinki",FI,60.17,24.94,5,1864,-0.65
Europa,"Helsinki",FI,60.17,24.94,5,1865,-0.6
Europa,"Helsinki",FI,60.17,24.94,5,1866,-0.62
Europa,"Helsinki",FI,60.17,24.94,5,1867,-0.29
Europa,"Helsinki",FI,60.17,24.94,5,1868,-0.36
Europa,"Helsinki",FI,60.17,24.94,5,1869,-0.71
Europa,"Helsinki",FI,60.17,24.94,5,1870,-0.92
Europa,"Helsinki",FI,60.17,24.94,5,1871,-0.71
Europa,"Helsinki",FI,60.17,24.94,5,1872,-0.39
Europa,"Helsinki",FI,60.17,24.94,5,1873,-0.26
Europa,"Helsinki",FI,60.17,24.94,5,1874,-0.72
Europa,"Helsinki",FI,60.17,24.94,5,1875,-1.13
Europa,"Helsinki",FI,60.17,24.94,5,1876,-0.35
Europa,"Helsinki",FI,60.17,24.94,5,1877,-0.36
Europa,"Helsinki",FI,60.17,24.94,5,1878,0
Europa,"Helsinki",FI,60.17,24.94,5,1879,-0.86
Europa,"Helsinki",FI,60.17,24.94,5,1880,-1.3
Europa,"Helsinki",FI,60.17,24.94,5,1881,0.17
Europa,"Helsinki",FI,60.17,24.94,5,1882,-0.14
Europa,"Helsinki",FI,60.17,24.94,5,1883,0.01
Europa,"Helsinki",FI,60.17,24.94,5,1884,-0.73
Europa,"Helsinki",FI,60.17,24.94,5,1885,-0.99
Europa,"Helsinki",FI,60.17,24.94,5,1886,-0.83
Europa,"Helsinki",FI,60.17,24.94,5,1887,-0.59
Europa,"Helsinki",FI,60.17,24.94,5,1888,-0.39
Europa,"Helsinki",FI,60.17,24.94,5,1889,-0.22
Europa,"Helsinki",FI,60.17,24.94,5,1890,-1.05
Europa,"Helsinki",FI,60.17,24.94,5,1891,-0.69
Europa,"Helsinki",FI,60.17,24.94,5,1892,-0.67
Europa,"Helsinki",FI,60.17,24.94,5,1893,-0.83
Europa,"Helsinki",FI,60.17,24.94,5,1894,-0.01
Europa,"Helsinki",FI,60.17,24.94,5,1895,-0.26
Europa,"Helsinki",FI,60.17,24.94,5,1896,0
Europa,"Helsinki",FI,60.17,24.94,5,1897,0.05
Europa,"Helsinki",FI,60.17,24.94,5,1898,-0.99
Europa,"Helsinki",FI,60.17,24.94,5,1899,0.05
Europa,"Helsinki",FI,60.17,24.94,5,1900,-0.01
Europa,"Helsinki",FI,60.17,24.94,5,1901,-0.62
Europa,"Helsinki",FI,60.17,24.94,5,1902,-1.25
Europa,"Helsinki",FI,60.17,24.94,5,1903,-0.75
Europa,"Helsinki",FI,60.17,24.94,5,1904,-1.24
Europa,"Helsinki",FI,60.17,24.94,5,1905,-0.55
Europa,"Helsinki",FI,60.17,24.94,5,1906,-0.11
Europa,"Helsinki",FI,60.17,24.94,5,1907,-0.95
Europa,"Helsinki",FI,60.17,24.94,5,1908,-0.54
Europa,"Helsinki",FI,60.17,24.94,5,1909,-0.07
Europa,"Helsinki",FI,60.17,24.94,5,1910,-0.92
Europa,"Helsinki",FI,60.17,24.94,5,1911,-0.6
Europa,"Helsinki",FI,60.17,24.94,5,1912,0.23
Europa,"Helsinki",FI,60.17,24.94,5,1913,-0.49
Europa,"Helsinki",FI,60.17,24.94,5,1914,-0.71
Europa,"Helsinki",FI,60.17,24.94,5,1915,0.06
Europa,"Helsinki",FI,60.17,24.94,5,1916,-0.4
Europa,"Helsinki",FI,60.17,24.94,5,1917,-0.53
Europa,"Helsinki",FI,60.17,24.94,5,1918,-0.25
Europa,"Helsinki",FI,60.17,24.94,5,1919,-0.98
Europa,"Helsinki",FI,60.17,24.94,5,1920,-0.54
Europa,"Helsinki",FI,60.17,24.94,5,1921,0.04
Europa,"Helsinki",FI,60.17,24.94,5,1922,0.15
Europa,"Helsinki",FI,60.17,24.94,5,1923,-0.12
Europa,"Helsinki",FI,60.17,24.94,5,1924,0.13
Europa,"Helsinki",FI,60.17,24.94,5,1925,-1.02
Europa,"Helsinki",FI,60.17,24.94,5,1926,-0.51
Europa,"Helsinki",FI,60.17,24.94,5,1927,-0.08
Europa,"Helsinki",FI,60.17,24.94,5,1928,-0.21
Europa,"Helsinki",FI,60.17,24.94,5,1929,-0.62
Europa,"Helsinki",FI,60.17,24.94,5,1930,0.52
Europa,"Helsinki",FI,60.17,24.94,5,1931,0.22
Europa,"Helsinki",FI,60.17,24.94,5,1932,0.24
Europa,"Helsinki",FI,60.17,24.94,5,1933,0.07
Europa,"Helsinki",FI,60.17,24.94,5,1934,0.11
Europa,"Helsinki",FI,60.17,24.94,5,1935,0.75
Europa,"Helsinki",FI,60.17,24.94,5,1936,0.96
Europa,"Helsinki",FI,60.17,24.94,5,1937,1.41
Europa,"Helsinki",FI,60.17,24.94,5,1938,0.89
Europa,"Helsinki",FI,60.17,24.94,5,1939,0.49
Europa,"Helsinki",FI,60.17,24.94,5,1940,-0.63
Europa,"Helsinki",FI,60.17,24.94,5,1941,-0.61
Europa,"Helsinki",FI,60.17,24.94,5,1942,-1.12
Europa,"Helsinki",FI,60.17,24.94,5,1943,0.08
Europa,"Helsinki",FI,60.17,24.94,5,1944,0.51
Europa,"Helsinki",FI,60.17,24.94,5,1945,0.21
Europa,"Helsinki",FI,60.17,24.94,5,1946,-0.99
Europa,"Helsinki",FI,60.17,24.94,5,1947,-0.39
Europa,"Helsinki",FI,60.17,24.94,5,1948,-0.41
Europa,"Helsinki",FI,60.17,24.94,5,1949,-0.36
Europa,"Helsinki",FI,60.17,24.94,5,1950,-0.25
Europa,"Helsinki",FI,60.17,24.94,5,1951,0.36
Europa,"Helsinki",FI,60.17,24.94,5,1952,0.35
Europa,"Helsinki",FI,60.17,24.94,5,1953,-0.01
Europa,"Helsinki",FI,60.17,24.94,5,1954,0.18
Europa,"Helsinki",FI,60.17,24.94,5,1955,0.66
Europa,"Helsinki",FI,60.17,24.94,5,1956,0.34
Europa,"Helsinki",FI,60.17,24.94,5,1957,1.16
Europa,"Helsinki",FI,60.17,24.94,5,1958,-0.45
Europa,"Helsinki",FI,60.17,24.94,5,1959,-0.07
Europa,"Helsinki",FI,60.17,24.94,5,1960,0.56
Europa,"Helsinki",FI,60.17,24.94,5,1961,-0.44
Europa,"Helsinki",FI,60.17,24.94,5,1962,-0.54
Europa,"Helsinki",FI,60.17,24.94,5,1963,-0.31
Europa,"Helsinki",FI,60.17,24.94,5,1964,-0.72
Europa,"Helsinki",FI,60.17,24.94,5,1965,0.3
Europa,"Helsinki",FI,60.17,24.94,5,1966,0.14
Europa,"Helsinki",FI,60.17,24.94,5,1967,-0.23
Europa,"Helsinki",FI,60.17,24.94,5,1968,-0.15
Europa,"Helsinki",FI,60.17,24.94,5,1969,0.08
Europa,"Helsinki",FI,60.17,24.94,5,1970,0.69
Europa,"Helsinki",FI,60.17,24.94,5,1971,-0.16
Europa,"Helsinki",FI,60.17,24.94,5,1972,-0.03
Europa,"Helsinki",FI,60.17,24.94,5,1973,0.19
Europa,"Helsinki",FI,60.17,24.94,5,1974,-0.69
Europa,"Helsinki",FI,60.17,24.94,5,1975,-0.53
Europa,"Helsinki",FI,60.17,24.94,5,1976,-0.6
Europa,"Helsinki",FI,60.17,24.94,5,1977,-0.03
Europa,"Helsinki",FI,60.17,24.94,5,1978,0.31
Europa,"Helsinki",FI,60.17,24.94,5,1979,0.52
Europa,"Helsinki",FI,60.17,24.94,5,1980,-0.07
Europa,"Helsinki",FI,60.17,24.94,5,1981,0.72
Europa,"Helsinki",FI,60.17,24.94,5,1982,-0.26
Europa,"Helsinki",FI,60.17,24.94,5,1983,0.55
Europa,"Helsinki",FI,60.17,24.94,5,1984,-0.35
Europa,"Helsinki",FI,60.17,24.94,5,1985,-0.64
Europa,"Helsinki",FI,60.17,24.94,5,1986,0.2
Europa,"Helsinki",FI,60.17,24.94,5,1987,0.29
Europa,"Helsinki",FI,60.17,24.94,5,1988,0.82
Europa,"Helsinki",FI,60.17,24.94,5,1989,0.22
Europa,"Helsinki",FI,60.17,24.94,5,1990,0.72
Europa,"Helsinki",FI,60.17,24.94,5,1991,0.79
Europa,"Helsinki",FI,60.17,24.94,5,1992,0.69
Europa,"Helsinki",FI,60.17,24.94,5,1993,0.33
Europa,"Helsinki",FI,60.17,24.94,5,1994,0.87
Europa,"Helsinki",FI,60.17,24.94,5,1995,0.98
Europa,"Helsinki",FI,60.17,24.94,5,1996,0.73
Europa,"Helsinki",FI,60.17,24.94,5,1997,0.32
Europa,"Helsinki",FI,60.17,24.94,5,1998,1.17
Europa,"Helsinki",FI,60.17,24.94,5,1999,0.88
Europa,"Helsinki",FI,60.17,24.94,5,2000,0.03
Europa,"Helsinki",FI,60.17,24.94,5,2001,0.67
Europa,"Helsinki",FI,60.17,24.94,5,2002,1.22
Europa,"Helsinki",FI,60.17,24.94,5,2003,0.56
Europa,"Helsinki",FI,60.17,24.94,5,2004,0.76
Europa,"Helsinki",FI,60.17,24.94,5,2005,0.96
Europa,"Helsinki",FI,60.17,24.94,5,2006,1.37
Europa,"Helsinki",FI,60.17,24.94,5,2007,0.34
Europa,"Helsinki",FI,60.17,24.94,5,2008,0.74
Europa,"Helsinki",FI,60.17,24.94,5,2009,1.77
Europa,"Helsinki",FI,60.17,24.94,5,2010,1.13
Europa,"Helsinki",FI,60.17,24.94,5,2011,1.5
Europa,"Helsinki",FI,60.17,24.94,5,2012,1.43
Europa,"Helsinki",FI,60.17,24.94,5,2013,1.5
Europa,"Helsinki",FI,60.17,24.94,5,2014,2.16
Europa,"Helsinki",FI,60.17,24.94,5,2015,1.74
Europa,"Helsinki",FI,60.17,24.94,5,2016,2.76
Europa,"Helsinki",FI,60.17,24.94,5,2017,1.59
Europa,"Helsinki",FI,60.17,24.94,5,2018,0.93
Europa,"Helsinki",FI,60.17,24.94,5,2019,1.68
Europa,"Helsinki",FI,60.17,24.94,5,2020,1.3
Europa,"Helsinki",FI,60.17,24.94,5,2021,2.1
Europa,"Helsinki",FI,60.17,24.94,5,2022,1.87
Europa,"Helsinki",FI,60.17,24.94,5,2023,1.83
Europa,"Helsinki",FI,60.17,24.94,5,2024,2.44
Europa,"Helsinki",FI,60.17,24.94,5,2025,3.11
Europa,"Oslo",NO,59.91,10.75,5.7,1850,0.03
Europa,"Oslo",NO,59.91,10.75,5.7,1851,0.13
Europa,"Oslo",NO,59.91,10.75,5.7,1852,-0.76
Europa,"Oslo",NO,59.91,10.75,5.7,1853,-0.94
Europa,"Oslo",NO,59.91,10.75,5.7,1854,-0.46
Europa,"Oslo",NO,59.91,10.75,5.7,1855,0.42
Europa,"Oslo",NO,59.91,10.75,5.7,1856,0.55
Europa,"Oslo",NO,59.91,10.75,5.7,1857,-0.02
Europa,"Oslo",NO,59.91,10.75,5.7,1858,-1.03
Europa,"Oslo",NO,59.91,10.75,5.7,1859,-0.19
Europa,"Oslo",NO,59.91,10.75,5.7,1860,-0.56
Europa,"Oslo",NO,59.91,10.75,5.7,1861,-0.69
Europa,"Oslo",NO,59.91,10.75,5.7,1862,-1.76
Europa,"Oslo",NO,59.91,10.75,5.7,1863,-0.19
Europa,"Oslo",NO,59.91,10.75,5.7,1864,-0.41
Europa,"Oslo",NO,59.91,10.75,5.7,1865,-0.58
Europa,"Oslo",NO,59.91,10.75,5.7,1866,-0.2
Europa,"Oslo",NO,59.91,10.75,5.7,1867,-0.53
Europa,"Oslo",NO,59.91,10.75,5.7,1868,-0.5
Europa,"Oslo",NO,59.91,10.75,5.7,1869,-0.33
Europa,"Oslo",NO,59.91,10.75,5.7,1870,-0.08
Europa,"Oslo",NO,59.91,10.75,5.7,1871,-0.13
Europa,"Oslo",NO,59.91,10.75,5.7,1872,0.2
Europa,"Oslo",NO,59.91,10.75,5.7,1873,-0.2
Europa,"Oslo",NO,59.91,10.75,5.7,1874,-0.75
Europa,"Oslo",NO,59.91,10.75,5.7,1875,-0.87
Europa,"Oslo",NO,59.91,10.75,5.7,1876,-0.74
Europa,"Oslo",NO,59.91,10.75,5.7,1877,0.04
Europa,"Oslo",NO,59.91,10.75,5.7,1878,0.44
Europa,"Oslo",NO,59.91,10.75,5.7,1879,0.19
Europa,"Oslo",NO,59.91,10.75,5.7,1880,-0.65
Europa,"Oslo",NO,59.91,10.75,5.7,1881,-0.16
Europa,"Oslo",NO,59.91,10.75,5.7,1882,-0.15
Europa,"Oslo",NO,59.91,10.75,5.7,1883,-0.04
Europa,"Oslo",NO,59.91,10.75,5.7,1884,-0.8
Europa,"Oslo",NO,59.91,10.75,5.7,1885,-0.18
Europa,"Oslo",NO,59.91,10.75,5.7,1886,0.3
Europa,"Oslo",NO,59.91,10.75,5.7,1887,-0.33
Europa,"Oslo",NO,59.91,10.75,5.7,1888,-0.43
Europa,"Oslo",NO,59.91,10.75,5.7,1889,-0.48
Europa,"Oslo",NO,59.91,10.75,5.7,1890,-0.98
Europa,"Oslo",NO,59.91,10.75,5.7,1891,-0.27
Europa,"Oslo",NO,59.91,10.75,5.7,1892,-0.66
Europa,"Oslo",NO,59.91,10.75,5.7,1893,-0.7
Europa,"Oslo",NO,59.91,10.75,5.7,1894,-0.03
Europa,"Oslo",NO,59.91,10.75,5.7,1895,-0.38
Europa,"Oslo",NO,59.91,10.75,5.7,1896,-0.26
Europa,"Oslo",NO,59.91,10.75,5.7,1897,-0.16
Europa,"Oslo",NO,59.91,10.75,5.7,1898,-0.58
Europa,"Oslo",NO,59.91,10.75,5.7,1899,-0.28
Europa,"Oslo",NO,59.91,10.75,5.7,1900,0.05
Europa,"Oslo",NO,59.91,10.75,5.7,1901,0.26
Europa,"Oslo",NO,59.91,10.75,5.7,1902,-0.65
Europa,"Oslo",NO,59.91,10.75,5.7,1903,-1.15
Europa,"Oslo",NO,59.91,10.75,5.7,1904,-0.54
Europa,"Oslo",NO,59.91,10.75,5.7,1905,-0.01
Europa,"Oslo",NO,59.91,10.75,5.7,1906,-0.28
Europa,"Oslo",NO,59.91,10.75,5.7,1907,-1
Europa,"Oslo",NO,59.91,10.75,5.7,1908,-0.6
Europa,"Oslo",NO,59.91,10.75,5.7,1909,-0.92
Europa,"Oslo",NO,59.91,10.75,5.7,1910,-0.91
Europa,"Oslo",NO,59.91,10.75,5.7,1911,-0.72
Europa,"Oslo",NO,59.91,10.75,5.7,1912,-0.3
Europa,"Oslo",NO,59.91,10.75,5.7,1913,-0.07
Europa,"Oslo",NO,59.91,10.75,5.7,1914,-0.47
Europa,"Oslo",NO,59.91,10.75,5.7,1915,-0.52
Europa,"Oslo",NO,59.91,10.75,5.7,1916,-0.43
Europa,"Oslo",NO,59.91,10.75,5.7,1917,-1
Europa,"Oslo",NO,59.91,10.75,5.7,1918,-0.86
Europa,"Oslo",NO,59.91,10.75,5.7,1919,-0.47
Europa,"Oslo",NO,59.91,10.75,5.7,1920,0.13
Europa,"Oslo",NO,59.91,10.75,5.7,1921,0.34
Europa,"Oslo",NO,59.91,10.75,5.7,1922,-0.44
Europa,"Oslo",NO,59.91,10.75,5.7,1923,-0.27
Europa,"Oslo",NO,59.91,10.75,5.7,1924,-0.55
Europa,"Oslo",NO,59.91,10.75,5.7,1925,-0.2
Europa,"Oslo",NO,59.91,10.75,5.7,1926,0.05
Europa,"Oslo",NO,59.91,10.75,5.7,1927,0.05
Europa,"Oslo",NO,59.91,10.75,5.7,1928,1.5
Europa,"Oslo",NO,59.91,10.75,5.7,1929,-0.19
Europa,"Oslo",NO,59.91,10.75,5.7,1930,-0.57
Europa,"Oslo",NO,59.91,10.75,5.7,1931,-0.04
Europa,"Oslo",NO,59.91,10.75,5.7,1932,0.46
Europa,"Oslo",NO,59.91,10.75,5.7,1933,-0.43
Europa,"Oslo",NO,59.91,10.75,5.7,1934,0.38
Europa,"Oslo",NO,59.91,10.75,5.7,1935,0.46
Europa,"Oslo",NO,59.91,10.75,5.7,1936,0.28
Europa,"Oslo",NO,59.91,10.75,5.7,1937,-0.09
Europa,"Oslo",NO,59.91,10.75,5.7,1938,0.2
Europa,"Oslo",NO,59.91,10.75,5.7,1939,-0.14
Europa,"Oslo",NO,59.91,10.75,5.7,1940,0.16
Europa,"Oslo",NO,59.91,10.75,5.7,1941,0.37
Europa,"Oslo",NO,59.91,10.75,5.7,1942,0.5
Europa,"Oslo",NO,59.91,10.75,5.7,1943,0.6
Europa,"Oslo",NO,59.91,10.75,5.7,1944,0.49
Europa,"Oslo",NO,59.91,10.75,5.7,1945,0.13
Europa,"Oslo",NO,59.91,10.75,5.7,1946,0.37
Europa,"Oslo",NO,59.91,10.75,5.7,1947,-0.09
Europa,"Oslo",NO,59.91,10.75,5.7,1948,-0.06
Europa,"Oslo",NO,59.91,10.75,5.7,1949,-0.24
Europa,"Oslo",NO,59.91,10.75,5.7,1950,-0.46
Europa,"Oslo",NO,59.91,10.75,5.7,1951,0.46
Europa,"Oslo",NO,59.91,10.75,5.7,1952,0.22
Europa,"Oslo",NO,59.91,10.75,5.7,1953,0.5
Europa,"Oslo",NO,59.91,10.75,5.7,1954,0.21
Europa,"Oslo",NO,59.91,10.75,5.7,1955,0.23
Europa,"Oslo",NO,59.91,10.75,5.7,1956,-0.33
Europa,"Oslo",NO,59.91,10.75,5.7,1957,0.45
Europa,"Oslo",NO,59.91,10.75,5.7,1958,0.69
Europa,"Oslo",NO,59.91,10.75,5.7,1959,0.42
Europa,"Oslo",NO,59.91,10.75,5.7,1960,0.04
Europa,"Oslo",NO,59.91,10.75,5.7,1961,0.03
Europa,"Oslo",NO,59.91,10.75,5.7,1962,0.25
Europa,"Oslo",NO,59.91,10.75,5.7,1963,-0.53
Europa,"Oslo",NO,59.91,10.75,5.7,1964,-1.11
Europa,"Oslo",NO,59.91,10.75,5.7,1965,0.28
Europa,"Oslo",NO,59.91,10.75,5.7,1966,0.02
Europa,"Oslo",NO,59.91,10.75,5.7,1967,-0.24
Europa,"Oslo",NO,59.91,10.75,5.7,1968,-0.25
Europa,"Oslo",NO,59.91,10.75,5.7,1969,-0.69
Europa,"Oslo",NO,59.91,10.75,5.7,1970,-0.83
Europa,"Oslo",NO,59.91,10.75,5.7,1971,-0.47
Europa,"Oslo",NO,59.91,10.75,5.7,1972,-0.71
Europa,"Oslo",NO,59.91,10.75,5.7,1973,-0.17
Europa,"Oslo",NO,59.91,10.75,5.7,1974,-0.72
Europa,"Oslo",NO,59.91,10.75,5.7,1975,-0.02
Europa,"Oslo",NO,59.91,10.75,5.7,1976,-0.51
Europa,"Oslo",NO,59.91,10.75,5.7,1977,0.11
Europa,"Oslo",NO,59.91,10.75,5.7,1978,-0.34
Europa,"Oslo",NO,59.91,10.75,5.7,1979,-0.02
Europa,"Oslo",NO,59.91,10.75,5.7,1980,0.77
Europa,"Oslo",NO,59.91,10.75,5.7,1981,0.92
Europa,"Oslo",NO,59.91,10.75,5.7,1982,0.31
Europa,"Oslo",NO,59.91,10.75,5.7,1983,0.4
Europa,"Oslo",NO,59.91,10.75,5.7,1984,0.07
Europa,"Oslo",NO,59.91,10.75,5.7,1985,-0.06
Europa,"Oslo",NO,59.91,10.75,5.7,1986,0.34
Europa,"Oslo",NO,59.91,10.75,5.7,1987,1.03
Europa,"Oslo",NO,59.91,10.75,5.7,1988,0.33
Europa,"Oslo",NO,59.91,10.75,5.7,1989,0.47
Europa,"Oslo",NO,59.91,10.75,5.7,1990,1.35
Europa,"Oslo",NO,59.91,10.75,5.7,1991,0.65
Europa,"Oslo",NO,59.91,10.75,5.7,1992,0.15
Europa,"Oslo",NO,59.91,10.75,5.7,1993,0.96
Europa,"Oslo",NO,59.91,10.75,5.7,1994,1.1
Europa,"Oslo",NO,59.91,10.75,5.7,1995,1.04
Europa,"Oslo",NO,59.91,10.75,5.7,1996,0.84
Europa,"Oslo",NO,59.91,10.75,5.7,1997,1.29
Europa,"Oslo",NO,59.91,10.75,5.7,1998,1.1
Europa,"Oslo",NO,59.91,10.75,5.7,1999,1.33
Europa,"Oslo",NO,59.91,10.75,5.7,2000,1.5
Europa,"Oslo",NO,59.91,10.75,5.7,2001,1.01
Europa,"Oslo",NO,59.91,10.75,5.7,2002,0.92
Europa,"Oslo",NO,59.91,10.75,5.7,2003,1.44
Europa,"Oslo",NO,59.91,10.75,5.7,2004,2.53
Europa,"Oslo",NO,59.91,10.75,5.7,2005,1.12
Europa,"Oslo",NO,59.91,10.75,5.7,2006,1.32
Europa,"Oslo",NO,59.91,10.75,5.7,2007,1.39
Europa,"Oslo",NO,59.91,10.75,5.7,2008,1.33
Europa,"Oslo",NO,59.91,10.75,5.7,2009,1.63
Europa,"Oslo",NO,59.91,10.75,5.7,2010,1.52
Europa,"Oslo",NO,59.91,10.75,5.7,2011,1.86
Europa,"Oslo",NO,59.91,10.75,5.7,2012,1.15
Europa,"Oslo",NO,59.91,10.75,5.7,2013,1.37
Europa,"Oslo",NO,59.91,10.75,5.7,2014,2.42
Europa,"Oslo",NO,59.91,10.75,5.7,2015,1.91
Europa,"Oslo",NO,59.91,10.75,5.7,2016,2.04
Europa,"Oslo",NO,59.91,10.75,5.7,2017,2.24
Europa,"Oslo",NO,59.91,10.75,5.7,2018,1.39
Europa,"Oslo",NO,59.91,10.75,5.7,2019,1.97
Europa,"Oslo",NO,59.91,10.75,5.7,2020,2.4
Europa,"Oslo",NO,59.91,10.75,5.7,2021,2.23
Europa,"Oslo",NO,59.91,10.75,5.7,2022,1.74
Europa,"Oslo",NO,59.91,10.75,5.7,2023,2.98
Europa,"Oslo",NO,59.91,10.75,5.7,2024,2.9
Europa,"Oslo",NO,59.91,10.75,5.7,2025,3.22
Europa,"Stockholm",SE,59.33,18.07,6.6,1850,-0.72
Europa,"Stockholm",SE,59.33,18.07,6.6,1851,-0.55
Europa,"Stockholm",SE,59.33,18.07,6.6,1852,-0.27
Europa,"Stockholm",SE,59.33,18.07,6.6,1853,-0.09
Europa,"Stockholm",SE,59.33,18.07,6.6,1854,-0.6
Europa,"Stockholm",SE,59.33,18.07,6.6,1855,-0.76
Europa,"Stockholm",SE,59.33,18.07,6.6,1856,-0.58
Europa,"Stockholm",SE,59.33,18.07,6.6,1857,-0.49
Europa,"Stockholm",SE,59.33,18.07,6.6,1858,0.06
Europa,"Stockholm",SE,59.33,18.07,6.6,1859,-0.61
Europa,"Stockholm",SE,59.33,18.07,6.6,1860,-0.74
Europa,"Stockholm",SE,59.33,18.07,6.6,1861,-0.63
Europa,"Stockholm",SE,59.33,18.07,6.6,1862,-0.45
Europa,"Stockholm",SE,59.33,18.07,6.6,1863,-0.73
Europa,"Stockholm",SE,59.33,18.07,6.6,1864,-0.73
Europa,"Stockholm",SE,59.33,18.07,6.6,1865,0
Europa,"Stockholm",SE,59.33,18.07,6.6,1866,-0.35
Europa,"Stockholm",SE,59.33,18.07,6.6,1867,0.27
Europa,"Stockholm",SE,59.33,18.07,6.6,1868,-0.76
Europa,"Stockholm",SE,59.33,18.07,6.6,1869,-0.78
Europa,"Stockholm",SE,59.33,18.07,6.6,1870,-0.32
Europa,"Stockholm",SE,59.33,18.07,6.6,1871,-0.33
Europa,"Stockholm",SE,59.33,18.07,6.6,1872,-0.71
Europa,"Stockholm",SE,59.33,18.07,6.6,1873,-0.33
Europa,"Stockholm",SE,59.33,18.07,6.6,1874,-1.32
Europa,"Stockholm",SE,59.33,18.07,6.6,1875,-1.37
Europa,"Stockholm",SE,59.33,18.07,6.6,1876,-1.12
Europa,"Stockholm",SE,59.33,18.07,6.6,1877,0.27
Europa,"Stockholm",SE,59.33,18.07,6.6,1878,0.15
Europa,"Stockholm",SE,59.33,18.07,6.6,1879,-0.29
Europa,"Stockholm",SE,59.33,18.07,6.6,1880,-0.83
Europa,"Stockholm",SE,59.33,18.07,6.6,1881,0.08
Europa,"Stockholm",SE,59.33,18.07,6.6,1882,0.14
Europa,"Stockholm",SE,59.33,18.07,6.6,1883,-0.19
Europa,"Stockholm",SE,59.33,18.07,6.6,1884,-0.14
Europa,"Stockholm",SE,59.33,18.07,6.6,1885,0.1
Europa,"Stockholm",SE,59.33,18.07,6.6,1886,0.48
Europa,"Stockholm",SE,59.33,18.07,6.6,1887,-0.3
Europa,"Stockholm",SE,59.33,18.07,6.6,1888,-0.24
Europa,"Stockholm",SE,59.33,18.07,6.6,1889,-0.52
Europa,"Stockholm",SE,59.33,18.07,6.6,1890,-1.2
Europa,"Stockholm",SE,59.33,18.07,6.6,1891,-0.32
Europa,"Stockholm",SE,59.33,18.07,6.6,1892,-0.88
Europa,"Stockholm",SE,59.33,18.07,6.6,1893,-1.08
Europa,"Stockholm",SE,59.33,18.07,6.6,1894,-0.82
Europa,"Stockholm",SE,59.33,18.07,6.6,1895,-0.73
Europa,"Stockholm",SE,59.33,18.07,6.6,1896,-0.27
Europa,"Stockholm",SE,59.33,18.07,6.6,1897,-0.25
Europa,"Stockholm",SE,59.33,18.07,6.6,1898,-0.03
Europa,"Stockholm",SE,59.33,18.07,6.6,1899,-0.63
Europa,"Stockholm",SE,59.33,18.07,6.6,1900,-0.62
Europa,"Stockholm",SE,59.33,18.07,6.6,1901,-0.69
Europa,"Stockholm",SE,59.33,18.07,6.6,1902,-0.66
Europa,"Stockholm",SE,59.33,18.07,6.6,1903,-0.58
Europa,"Stockholm",SE,59.33,18.07,6.6,1904,0.05
Europa,"Stockholm",SE,59.33,18.07,6.6,1905,-0.15
Europa,"Stockholm",SE,59.33,18.07,6.6,1906,-0.55
Europa,"Stockholm",SE,59.33,18.07,6.6,1907,-0.89
Europa,"Stockholm",SE,59.33,18.07,6.6,1908,-0.7
Europa,"Stockholm",SE,59.33,18.07,6.6,1909,-0.72
Europa,"Stockholm",SE,59.33,18.07,6.6,1910,-1.02
Europa,"Stockholm",SE,59.33,18.07,6.6,1911,-0.49
Europa,"Stockholm",SE,59.33,18.07,6.6,1912,-0.91
Europa,"Stockholm",SE,59.33,18.07,6.6,1913,-0.19
Europa,"Stockholm",SE,59.33,18.07,6.6,1914,-0.06
Europa,"Stockholm",SE,59.33,18.07,6.6,1915,-0.36
Europa,"Stockholm",SE,59.33,18.07,6.6,1916,-0.8
Europa,"Stockholm",SE,59.33,18.07,6.6,1917,-1.16
Europa,"Stockholm",SE,59.33,18.07,6.6,1918,-0.49
Europa,"Stockholm",SE,59.33,18.07,6.6,1919,-0.28
Europa,"Stockholm",SE,59.33,18.07,6.6,1920,-0.12
Europa,"Stockholm",SE,59.33,18.07,6.6,1921,-0.72
Europa,"Stockholm",SE,59.33,18.07,6.6,1922,-0.29
Europa,"Stockholm",SE,59.33,18.07,6.6,1923,-0.19
Europa,"Stockholm",SE,59.33,18.07,6.6,1924,-0.36
Europa,"Stockholm",SE,59.33,18.07,6.6,1925,-0.68
Europa,"Stockholm",SE,59.33,18.07,6.6,1926,0.99
Europa,"Stockholm",SE,59.33,18.07,6.6,1927,-0.06
Europa,"Stockholm",SE,59.33,18.07,6.6,1928,-0.76
Europa,"Stockholm",SE,59.33,18.07,6.6,1929,-0.9
Europa,"Stockholm",SE,59.33,18.07,6.6,1930,-0.17
Europa,"Stockholm",SE,59.33,18.07,6.6,1931,0.31
Europa,"Stockholm",SE,59.33,18.07,6.6,1932,0.04
Europa,"Stockholm",SE,59.33,18.07,6.6,1933,-0.03
Europa,"Stockholm",SE,59.33,18.07,6.6,1934,-0.1
Europa,"Stockholm",SE,59.33,18.07,6.6,1935,-0.25
Europa,"Stockholm",SE,59.33,18.07,6.6,1936,0.05
Europa,"Stockholm",SE,59.33,18.07,6.6,1937,0.38
Europa,"Stockholm",SE,59.33,18.07,6.6,1938,0.08
Europa,"Stockholm",SE,59.33,18.07,6.6,1939,-0.22
Europa,"Stockholm",SE,59.33,18.07,6.6,1940,0.16
Europa,"Stockholm",SE,59.33,18.07,6.6,1941,-0.04
Europa,"Stockholm",SE,59.33,18.07,6.6,1942,0.11
Europa,"Stockholm",SE,59.33,18.07,6.6,1943,-0.67
Europa,"Stockholm",SE,59.33,18.07,6.6,1944,-0.28
Europa,"Stockholm",SE,59.33,18.07,6.6,1945,0.2
Europa,"Stockholm",SE,59.33,18.07,6.6,1946,0.15
Europa,"Stockholm",SE,59.33,18.07,6.6,1947,-0.16
Europa,"Stockholm",SE,59.33,18.07,6.6,1948,-0.23
Europa,"Stockholm",SE,59.33,18.07,6.6,1949,0.33
Europa,"Stockholm",SE,59.33,18.07,6.6,1950,-0.48
Europa,"Stockholm",SE,59.33,18.07,6.6,1951,-0.06
Europa,"Stockholm",SE,59.33,18.07,6.6,1952,0.22
Europa,"Stockholm",SE,59.33,18.07,6.6,1953,0.27
Europa,"Stockholm",SE,59.33,18.07,6.6,1954,0.48
Europa,"Stockholm",SE,59.33,18.07,6.6,1955,-0.34
Europa,"Stockholm",SE,59.33,18.07,6.6,1956,-0.65
Europa,"Stockholm",SE,59.33,18.07,6.6,1957,-0.28
Europa,"Stockholm",SE,59.33,18.07,6.6,1958,-0.01
Europa,"Stockholm",SE,59.33,18.07,6.6,1959,0.08
Europa,"Stockholm",SE,59.33,18.07,6.6,1960,-0.57
Europa,"Stockholm",SE,59.33,18.07,6.6,1961,0.31
Europa,"Stockholm",SE,59.33,18.07,6.6,1962,0.16
Europa,"Stockholm",SE,59.33,18.07,6.6,1963,-0.32
Europa,"Stockholm",SE,59.33,18.07,6.6,1964,-0.07
Europa,"Stockholm",SE,59.33,18.07,6.6,1965,0.47
Europa,"Stockholm",SE,59.33,18.07,6.6,1966,0.17
Europa,"Stockholm",SE,59.33,18.07,6.6,1967,-0.25
Europa,"Stockholm",SE,59.33,18.07,6.6,1968,-0.15
Europa,"Stockholm",SE,59.33,18.07,6.6,1969,0.06
Europa,"Stockholm",SE,59.33,18.07,6.6,1970,-0.08
Europa,"Stockholm",SE,59.33,18.07,6.6,1971,-0.14
Europa,"Stockholm",SE,59.33,18.07,6.6,1972,-0.43
Europa,"Stockholm",SE,59.33,18.07,6.6,1973,-0.03
Europa,"Stockholm",SE,59.33,18.07,6.6,1974,-0.02
Europa,"Stockholm",SE,59.33,18.07,6.6,1975,0.47
Europa,"Stockholm",SE,59.33,18.07,6.6,1976,-0.83
Europa,"Stockholm",SE,59.33,18.07,6.6,1977,-0.23
Europa,"Stockholm",SE,59.33,18.07,6.6,1978,0.34
Europa,"Stockholm",SE,59.33,18.07,6.6,1979,-0.22
Europa,"Stockholm",SE,59.33,18.07,6.6,1980,0.02
Europa,"Stockholm",SE,59.33,18.07,6.6,1981,0.12
Europa,"Stockholm",SE,59.33,18.07,6.6,1982,-0.72
Europa,"Stockholm",SE,59.33,18.07,6.6,1983,-0.63
Europa,"Stockholm",SE,59.33,18.07,6.6,1984,-0.34
Europa,"Stockholm",SE,59.33,18.07,6.6,1985,-0.14
Europa,"Stockholm",SE,59.33,18.07,6.6,1986,0.49
Europa,"Stockholm",SE,59.33,18.07,6.6,1987,0.35
Europa,"Stockholm",SE,59.33,18.07,6.6,1988,0.87
Europa,"Stockholm",SE,59.33,18.07,6.6,1989,0.24
Europa,"Stockholm",SE,59.33,18.07,6.6,1990,0.52
Europa,"Stockholm",SE,59.33,18.07,6.6,1991,0.72
Europa,"Stockholm",SE,59.33,18.07,6.6,1992,0.01
Europa,"Stockholm",SE,59.33,18.07,6.6,1993,0.21
Europa,"Stockholm",SE,59.33,18.07,6.6,1994,0.93
Europa,"Stockholm",SE,59.33,18.07,6.6,1995,1.28
Europa,"Stockholm",SE,59.33,18.07,6.6,1996,1.17
Europa,"Stockholm",SE,59.33,18.07,6.6,1997,1.36
Europa,"Stockholm",SE,59.33,18.07,6.6,1998,0.9
Europa,"Stockholm",SE,59.33,18.07,6.6,1999,0.73
Europa,"Stockholm",SE,59.33,18.07,6.6,2000,1.03
Europa,"Stockholm",SE,59.33,18.07,6.6,2001,0.78
Europa,"Stockholm",SE,59.33,18.07,6.6,2002,1.41
Europa,"Stockholm",SE,59.33,18.07,6.6,2003,1.25
Europa,"Stockholm",SE,59.33,18.07,6.6,2004,0.91
Europa,"Stockholm",SE,59.33,18.07,6.6,2005,1.09
Europa,"Stockholm",SE,59.33,18.07,6.6,2006,1.11
Europa,"Stockholm",SE,59.33,18.07,6.6,2007,1.69
Europa,"Stockholm",SE,59.33,18.07,6.6,2008,0.58
Europa,"Stockholm",SE,59.33,18.07,6.6,2009,1.4
Europa,"Stockholm",SE,59.33,18.07,6.6,2010,1.57
Europa,"Stockholm",SE,59.33,18.07,6.6,2011,1.35
Europa,"Stockholm",SE,59.33,18.07,6.6,2012,2.07
Europa,"Stockholm",SE,59.33,18.07,6.6,2013,1.15
Europa,"Stockholm",SE,59.33,18.07,6.6,2014,1.7
Europa,"Stockholm",SE,59.33,18.07,6.6,2015,1.94
Europa,"Stockholm",SE,59.33,18.07,6.6,2016,1.29
Europa,"Stockholm",SE,59.33,18.07,6.6,2017,1.67
Europa,"Stockholm",SE,59.33,18.07,6.6,2018,1.3
Europa,"Stockholm",SE,59.33,18.07,6.6,2019,1.78
Europa,"Stockholm",SE,59.33,18.07,6.6,2020,1.55
Europa,"Stockholm",SE,59.33,18.07,6.6,2021,1.7
Europa,"Stockholm",SE,59.33,18.07,6.6,2022,1.19
Europa,"Stockholm",SE,59.33,18.07,6.6,2023,2.65
Europa,"Stockholm",SE,59.33,18.07,6.6,2024,2.65
Europa,"Stockholm",SE,59.33,18.07,6.6,2025,2.43
Europa,"Sankt Petersburg",RU,59.94,30.31,4.4,1850,-1.09
Europa,"Sankt Petersburg",RU,59.94,30.31,4.4,1851,0.1
Europa,"Sankt Petersburg",RU,59.94,30.31,4.4,1852,-0.76
Europa,"Sankt Petersburg",RU,59.94,30.31,4.4,1853,-0.11
Europa,"Sankt Petersburg",RU,59.94,30.31,4.4,1854,-0.32
Europa,"Sankt Petersburg",RU,59.94,30.31,4.4,1855,0.46
Europa,"Sankt Petersburg",RU,59.94,30.31,4.4,1856,-1.05
Europa,"Sankt Petersburg",RU,59.94,30.31,4.4,1857,-1.21
Europa,"Sankt Petersburg",RU,59.94,30.31,4.4,1858,-1.57
Europa,"Sankt Petersburg",RU,59.94,30.31,4.4,1859,-0.56
Europa,"Sankt Petersburg",RU,59.94,30.31,4.4,1860,-0.56
Europa,"Sankt Petersburg",RU,59.94,30.31,4.4,1861,-0.94
Europa,"Sankt Petersburg",RU,59.94,30.31,4.4,1862,-1.06
Europa,"Sankt Petersburg",RU,59.94,30.31,4.4,1863,-1.07
Europa,"Sankt Petersburg",RU,59.94,30.31,4.4,1864,-1.11
Europa,"Sankt Petersburg",RU,59.94,30.31,4.4,1865,-0.66
Europa,"Sankt Petersburg",RU,59.94,30.31,4.4,1866,-1.14
Europa,"Sankt Petersburg",RU,59.94,30.31,4.4,1867,-0.8
Europa,"Sankt Petersburg",RU,59.94,30.31,4.4,1868,-0.91
Europa,"Sankt Petersburg",RU,59.94,30.31,4.4,1869,0.05
Europa,"Sankt Petersburg",RU,59.94,30.31,4.4,1870,-1.53
Europa,"Sankt Petersburg",RU,59.94,30.31,4.4,1871,-0.46
Europa,"Sankt Petersburg",RU,59.94,30.31,4.4,1872,-0.49
Europa,"Sankt Petersburg",RU,59.94,30.31,4.4,1873,-0.6
Europa,"Sankt Petersburg",RU,59.94,30.31,4.4,1874,-0.64
Europa,"Sankt Petersburg",RU,59.94,30.31,4.4,1875,-1.4
Europa,"Sankt Petersburg",RU,59.94,30.31,4.4,1876,0.09
Europa,"Sankt Petersburg",RU,59.94,30.31,4.4,1877,-0.12
Europa,"Sankt Petersburg",RU,59.94,30.31,4.4,1878,0.88
Europa,"Sankt Petersburg",RU,59.94,30.31,4.4,1879,-0.96
Europa,"Sankt Petersburg",RU,59.94,30.31,4.4,1880,-1.24
Europa,"Sankt Petersburg",RU,59.94,30.31,4.4,1881,-0.67
Europa,"Sankt Petersburg",RU,59.94,30.31,4.4,1882,-0.18
Europa,"Sankt Petersburg",RU,59.94,30.31,4.4,1883,-0.29
Europa,"Sankt Petersburg",RU,59.94,30.31,4.4,1884,-1.92
Europa,"Sankt Petersburg",RU,59.94,30.31,4.4,1885,-0.96
Europa,"Sankt Petersburg",RU,59.94,30.31,4.4,1886,-1.17
Europa,"Sankt Petersburg",RU,59.94,30.31,4.4,1887,-0.99
Europa,"Sankt Petersburg",RU,59.94,30.31,4.4,1888,-1.27
Europa,"Sankt Petersburg",RU,59.94,30.31,4.4,1889,-0.39
Europa,"Sankt Petersburg",RU,59.94,30.31,4.4,1890,-0.6
Europa,"Sankt Petersburg",RU,59.94,30.31,4.4,1891,-0.21
Europa,"Sankt Petersburg",RU,59.94,30.31,4.4,1892,-1.17
Europa,"Sankt Petersburg",RU,59.94,30.31,4.4,1893,-0.76
Europa,"Sankt Petersburg",RU,59.94,30.31,4.4,1894,-0.73
Europa,"Sankt Petersburg",RU,59.94,30.31,4.4,1895,-0.15
Europa,"Sankt Petersburg",RU,59.94,30.31,4.4,1896,0.13
Europa,"Sankt Petersburg",RU,59.94,30.31,4.4,1897,-0.13
Europa,"Sankt Petersburg",RU,59.94,30.31,4.4,1898,-0.55
Europa,"Sankt Petersburg",RU,59.94,30.31,4.4,1899,-0.02
Europa,"Sankt Petersburg",RU,59.94,30.31,4.4,1900,-0.07
Europa,"Sankt Petersburg",RU,59.94,30.31,4.4,1901,-0.46
Europa,"Sankt Petersburg",RU,59.94,30.31,4.4,1902,-0.04
Europa,"Sankt Petersburg",RU,59.94,30.31,4.4,1903,-0.7
Europa,"Sankt Petersburg",RU,59.94,30.31,4.4,1904,-1.48
Europa,"Sankt Petersburg",RU,59.94,30.31,4.4,1905,-0.82
Europa,"Sankt Petersburg",RU,59.94,30.31,4.4,1906,-0.75
Europa,"Sankt Petersburg",RU,59.94,30.31,4.4,1907,-0.92
Europa,"Sankt Petersburg",RU,59.94,30.31,4.4,1908,-1.57
Europa,"Sankt Petersburg",RU,59.94,30.31,4.4,1909,-1.02
Europa,"Sankt Petersburg",RU,59.94,30.31,4.4,1910,-0.69
Europa,"Sankt Petersburg",RU,59.94,30.31,4.4,1911,-0.75
Europa,"Sankt Petersburg",RU,59.94,30.31,4.4,1912,-1.17
Europa,"Sankt Petersburg",RU,59.94,30.31,4.4,1913,-0.72
Europa,"Sankt Petersburg",RU,59.94,30.31,4.4,1914,-0.59
Europa,"Sankt Petersburg",RU,59.94,30.31,4.4,1915,0.02
Europa,"Sankt Petersburg",RU,59.94,30.31,4.4,1916,-0.41
Europa,"Sankt Petersburg",RU,59.94,30.31,4.4,1917,-0.96
Europa,"Sankt Petersburg",RU,59.94,30.31,4.4,1918,-0.79
Europa,"Sankt Petersburg",RU,59.94,30.31,4.4,1919,-0.94
Europa,"Sankt Petersburg",RU,59.94,30.31,4.4,1920,-1.25
Europa,"Sankt Petersburg",RU,59.94,30.31,4.4,1921,-0.35
Europa,"Sankt Petersburg",RU,59.94,30.31,4.4,1922,-0.14
Europa,"Sankt Petersburg",RU,59.94,30.31,4.4,1923,-0.7
Europa,"Sankt Petersburg",RU,59.94,30.31,4.4,1924,-0.45
Europa,"Sankt Petersburg",RU,59.94,30.31,4.4,1925,0.48
Europa,"Sankt Petersburg",RU,59.94,30.31,4.4,1926,0.59
Europa,"Sankt Petersburg",RU,59.94,30.31,4.4,1927,0.62
Europa,"Sankt Petersburg",RU,59.94,30.31,4.4,1928,-0.18
Europa,"Sankt Petersburg",RU,59.94,30.31,4.4,1929,-0.87
Europa,"Sankt Petersburg",RU,59.94,30.31,4.4,1930,0.16
Europa,"Sankt Petersburg",RU,59.94,30.31,4.4,1931,-0.21
Europa,"Sankt Petersburg",RU,59.94,30.31,4.4,1932,0.19
Europa,"Sankt Petersburg",RU,59.94,30.31,4.4,1933,-0.34
Europa,"Sankt Petersburg",RU,59.94,30.31,4.4,1934,-0.02
Europa,"Sankt Petersburg",RU,59.94,30.31,4.4,1935,-0.15
Europa,"Sankt Petersburg",RU,59.94,30.31,4.4,1936,0.02
Europa,"Sankt Petersburg",RU,59.94,30.31,4.4,1937,0.34
Europa,"Sankt Petersburg",RU,59.94,30.31,4.4,1938,-0.18
Europa,"Sankt Petersburg",RU,59.94,30.31,4.4,1939,-0.08
Europa,"Sankt Petersburg",RU,59.94,30.31,4.4,1940,0.15
Europa,"Sankt Petersburg",RU,59.94,30.31,4.4,1941,-0.4
Europa,"Sankt Petersburg",RU,59.94,30.31,4.4,1942,-0.73
Europa,"Sankt Petersburg",RU,59.94,30.31,4.4,1943,0.1
Europa,"Sankt Petersburg",RU,59.94,30.31,4.4,1944,-0.91
Europa,"Sankt Petersburg",RU,59.94,30.31,4.4,1945,-0.37
Europa,"Sankt Petersburg",RU,59.94,30.31,4.4,1946,0.31
Europa,"Sankt Petersburg",RU,59.94,30.31,4.4,1947,0.45
Europa,"Sankt Petersburg",RU,59.94,30.31,4.4,1948,-0.05
Europa,"Sankt Petersburg",RU,59.94,30.31,4.4,1949,0.32
Europa,"Sankt Petersburg",RU,59.94,30.31,4.4,1950,0.02
Europa,"Sankt Petersburg",RU,59.94,30.31,4.4,1951,-0.19
Europa,"Sankt Petersburg",RU,59.94,30.31,4.4,1952,0.39
Europa,"Sankt Petersburg",RU,59.94,30.31,4.4,1953,0.24
Europa,"Sankt Petersburg",RU,59.94,30.31,4.4,1954,0.3
Europa,"Sankt Petersburg",RU,59.94,30.31,4.4,1955,0.25
Europa,"Sankt Petersburg",RU,59.94,30.31,4.4,1956,0.15
Europa,"Sankt Petersburg",RU,59.94,30.31,4.4,1957,0.11
Europa,"Sankt Petersburg",RU,59.94,30.31,4.4,1958,0.1
Europa,"Sankt Petersburg",RU,59.94,30.31,4.4,1959,-1.51
Europa,"Sankt Petersburg",RU,59.94,30.31,4.4,1960,0.01
Europa,"Sankt Petersburg",RU,59.94,30.31,4.4,1961,0.18
Europa,"Sankt Petersburg",RU,59.94,30.31,4.4,1962,0.09
Europa,"Sankt Petersburg",RU,59.94,30.31,4.4,1963,0.07
Europa,"Sankt Petersburg",RU,59.94,30.31,4.4,1964,-0.08
Europa,"Sankt Petersburg",RU,59.94,30.31,4.4,1965,-0.3
Europa,"Sankt Petersburg",RU,59.94,30.31,4.4,1966,-0.18
Europa,"Sankt Petersburg",RU,59.94,30.31,4.4,1967,-0.15
Europa,"Sankt Petersburg",RU,59.94,30.31,4.4,1968,0.07
Europa,"Sankt Petersburg",RU,59.94,30.31,4.4,1969,0.06
Europa,"Sankt Petersburg",RU,59.94,30.31,4.4,1970,-0.33
Europa,"Sankt Petersburg",RU,59.94,30.31,4.4,1971,-0.67
Europa,"Sankt Petersburg",RU,59.94,30.31,4.4,1972,-0.61
Europa,"Sankt Petersburg",RU,59.94,30.31,4.4,1973,-0.08
Europa,"Sankt Petersburg",RU,59.94,30.31,4.4,1974,-0.24
Europa,"Sankt Petersburg",RU,59.94,30.31,4.4,1975,-0.9
Europa,"Sankt Petersburg",RU,59.94,30.31,4.4,1976,-0.25
Europa,"Sankt Petersburg",RU,59.94,30.31,4.4,1977,0.21
Europa,"Sankt Petersburg",RU,59.94,30.31,4.4,1978,0.36
Europa,"Sankt Petersburg",RU,59.94,30.31,4.4,1979,-0.61
Europa,"Sankt Petersburg",RU,59.94,30.31,4.4,1980,-0.15
Europa,"Sankt Petersburg",RU,59.94,30.31,4.4,1981,0.65
Europa,"Sankt Petersburg",RU,59.94,30.31,4.4,1982,0.28
Europa,"Sankt Petersburg",RU,59.94,30.31,4.4,1983,0.34
Europa,"Sankt Petersburg",RU,59.94,30.31,4.4,1984,0.29
Europa,"Sankt Petersburg",RU,59.94,30.31,4.4,1985,0.75
Europa,"Sankt Petersburg",RU,59.94,30.31,4.4,1986,-0.55
Europa,"Sankt Petersburg",RU,59.94,30.31,4.4,1987,0.08
Europa,"Sankt Petersburg",RU,59.94,30.31,4.4,1988,0.63
Europa,"Sankt Petersburg",RU,59.94,30.31,4.4,1989,0.29
Europa,"Sankt Petersburg",RU,59.94,30.31,4.4,1990,0.73
Europa,"Sankt Petersburg",RU,59.94,30.31,4.4,1991,0.86
Europa,"Sankt Petersburg",RU,59.94,30.31,4.4,1992,0.51
Europa,"Sankt Petersburg",RU,59.94,30.31,4.4,1993,-0.09
Europa,"Sankt Petersburg",RU,59.94,30.31,4.4,1994,-0.07
Europa,"Sankt Petersburg",RU,59.94,30.31,4.4,1995,0.73
Europa,"Sankt Petersburg",RU,59.94,30.31,4.4,1996,0.03
Europa,"Sankt Petersburg",RU,59.94,30.31,4.4,1997,1.04
Europa,"Sankt Petersburg",RU,59.94,30.31,4.4,1998,0.74
Europa,"Sankt Petersburg",RU,59.94,30.31,4.4,1999,1.41
Europa,"Sankt Petersburg",RU,59.94,30.31,4.4,2000,0.54
Europa,"Sankt Petersburg",RU,59.94,30.31,4.4,2001,0.07
Europa,"Sankt Petersburg",RU,59.94,30.31,4.4,2002,0.61
Europa,"Sankt Petersburg",RU,59.94,30.31,4.4,2003,0.65
Europa,"Sankt Petersburg",RU,59.94,30.31,4.4,2004,-0.1
Europa,"Sankt Petersburg",RU,59.94,30.31,4.4,2005,1.89
Europa,"Sankt Petersburg",RU,59.94,30.31,4.4,2006,1.21
Europa,"Sankt Petersburg",RU,59.94,30.31,4.4,2007,1.22
Europa,"Sankt Petersburg",RU,59.94,30.31,4.4,2008,0.77
Europa,"Sankt Petersburg",RU,59.94,30.31,4.4,2009,0.79
Europa,"Sankt Petersburg",RU,59.94,30.31,4.4,2010,1.06
Europa,"Sankt Petersburg",RU,59.94,30.31,4.4,2011,1.43
Europa,"Sankt Petersburg",RU,59.94,30.31,4.4,2012,1.6
Europa,"Sankt Petersburg",RU,59.94,30.31,4.4,2013,1.53
Europa,"Sankt Petersburg",RU,59.94,30.31,4.4,2014,1.17
Europa,"Sankt Petersburg",RU,59.94,30.31,4.4,2015,1.46
Europa,"Sankt Petersburg",RU,59.94,30.31,4.4,2016,1.84
Europa,"Sankt Petersburg",RU,59.94,30.31,4.4,2017,1.86
Europa,"Sankt Petersburg",RU,59.94,30.31,4.4,2018,1.77
Europa,"Sankt Petersburg",RU,59.94,30.31,4.4,2019,1.87
Europa,"Sankt Petersburg",RU,59.94,30.31,4.4,2020,1.93
Europa,"Sankt Petersburg",RU,59.94,30.31,4.4,2021,2.21
Europa,"Sankt Petersburg",RU,59.94,30.31,4.4,2022,1.62
Europa,"Sankt Petersburg",RU,59.94,30.31,4.4,2023,2.16
Europa,"Sankt Petersburg",RU,59.94,30.31,4.4,2024,2.57
Europa,"Sankt Petersburg",RU,59.94,30.31,4.4,2025,2.66
Europa,"Riga",LV,56.95,24.11,6.2,1850,-0.92
Europa,"Riga",LV,56.95,24.11,6.2,1851,0.25
Europa,"Riga",LV,56.95,24.11,6.2,1852,0.35
Europa,"Riga",LV,56.95,24.11,6.2,1853,-0.63
Europa,"Riga",LV,56.95,24.11,6.2,1854,-0.25
Europa,"Riga",LV,56.95,24.11,6.2,1855,-0.63
Europa,"Riga",LV,56.95,24.11,6.2,1856,-0.54
Europa,"Riga",LV,56.95,24.11,6.2,1857,-1.04
Europa,"Riga",LV,56.95,24.11,6.2,1858,-0.69
Europa,"Riga",LV,56.95,24.11,6.2,1859,0.35
Europa,"Riga",LV,56.95,24.11,6.2,1860,-0.93
Europa,"Riga",LV,56.95,24.11,6.2,1861,-0.72
Europa,"Riga",LV,56.95,24.11,6.2,1862,-1.29
Europa,"Riga",LV,56.95,24.11,6.2,1863,-0.05
Europa,"Riga",LV,56.95,24.11,6.2,1864,-1.18
Europa,"Riga",LV,56.95,24.11,6.2,1865,-0.26
Europa,"Riga",LV,56.95,24.11,6.2,1866,-1.12
Europa,"Riga",LV,56.95,24.11,6.2,1867,-0.26
Europa,"Riga",LV,56.95,24.11,6.2,1868,-0.21
Europa,"Riga",LV,56.95,24.11,6.2,1869,-0.27
Europa,"Riga",LV,56.95,24.11,6.2,1870,-0.79
Europa,"Riga",LV,56.95,24.11,6.2,1871,-1.18
Europa,"Riga",LV,56.95,24.11,6.2,1872,-0.73
Europa,"Riga",LV,56.95,24.11,6.2,1873,-1.04
Europa,"Riga",LV,56.95,24.11,6.2,1874,-0.47
Europa,"Riga",LV,56.95,24.11,6.2,1875,-0.81
Europa,"Riga",LV,56.95,24.11,6.2,1876,-0.5
Europa,"Riga",LV,56.95,24.11,6.2,1877,0.37
Europa,"Riga",LV,56.95,24.11,6.2,1878,0.36
Europa,"Riga",LV,56.95,24.11,6.2,1879,-0.36
Europa,"Riga",LV,56.95,24.11,6.2,1880,0.01
Europa,"Riga",LV,56.95,24.11,6.2,1881,-0.74
Europa,"Riga",LV,56.95,24.11,6.2,1882,-0.75
Europa,"Riga",LV,56.95,24.11,6.2,1883,-0.68
Europa,"Riga",LV,56.95,24.11,6.2,1884,-0.1
Europa,"Riga",LV,56.95,24.11,6.2,1885,-0.58
Europa,"Riga",LV,56.95,24.11,6.2,1886,-0.5
Europa,"Riga",LV,56.95,24.11,6.2,1887,-0.68
Europa,"Riga",LV,56.95,24.11,6.2,1888,-0.91
Europa,"Riga",LV,56.95,24.11,6.2,1889,-0.85
Europa,"Riga",LV,56.95,24.11,6.2,1890,-0.73
Europa,"Riga",LV,56.95,24.11,6.2,1891,-0.55
Europa,"Riga",LV,56.95,24.11,6.2,1892,-0.91
Europa,"Riga",LV,56.95,24.11,6.2,1893,-0.77
Europa,"Riga",LV,56.95,24.11,6.2,1894,-0.78
Europa,"Riga",LV,56.95,24.11,6.2,1895,-1.32
Europa,"Riga",LV,56.95,24.11,6.2,1896,0.25
Europa,"Riga",LV,56.95,24.11,6.2,1897,-0.62
Europa,"Riga",LV,56.95,24.11,6.2,1898,-0.87
Europa,"Riga",LV,56.95,24.11,6.2,1899,-0.3
Europa,"Riga",LV,56.95,24.11,6.2,1900,0.52
Europa,"Riga",LV,56.95,24.11,6.2,1901,-0.15
Europa,"Riga",LV,56.95,24.11,6.2,1902,-1.45
Europa,"Riga",LV,56.95,24.11,6.2,1903,-0.8
Europa,"Riga",LV,56.95,24.11,6.2,1904,-1.55
Europa,"Riga",LV,56.95,24.11,6.2,1905,0.49
Europa,"Riga",LV,56.95,24.11,6.2,1906,0.39
Europa,"Riga",LV,56.95,24.11,6.2,1907,-0.32
Europa,"Riga",LV,56.95,24.11,6.2,1908,-0.73
Europa,"Riga",LV,56.95,24.11,6.2,1909,-1.21
Europa,"Riga",LV,56.95,24.11,6.2,1910,-0.83
Europa,"Riga",LV,56.95,24.11,6.2,1911,-0.66
Europa,"Riga",LV,56.95,24.11,6.2,1912,-1.1
Europa,"Riga",LV,56.95,24.11,6.2,1913,-0.73
Europa,"Riga",LV,56.95,24.11,6.2,1914,-0.88
Europa,"Riga",LV,56.95,24.11,6.2,1915,-0.27
Europa,"Riga",LV,56.95,24.11,6.2,1916,-0.86
Europa,"Riga",LV,56.95,24.11,6.2,1917,-0.43
Europa,"Riga",LV,56.95,24.11,6.2,1918,-1.27
Europa,"Riga",LV,56.95,24.11,6.2,1919,-0.25
Europa,"Riga",LV,56.95,24.11,6.2,1920,-0.17
Europa,"Riga",LV,56.95,24.11,6.2,1921,-0.53
Europa,"Riga",LV,56.95,24.11,6.2,1922,-0.43
Europa,"Riga",LV,56.95,24.11,6.2,1923,-0.52
Europa,"Riga",LV,56.95,24.11,6.2,1924,-0.3
Europa,"Riga",LV,56.95,24.11,6.2,1925,-0.18
Europa,"Riga",LV,56.95,24.11,6.2,1926,0.15
Europa,"Riga",LV,56.95,24.11,6.2,1927,-0.41
Europa,"Riga",LV,56.95,24.11,6.2,1928,-0.68
Europa,"Riga",LV,56.95,24.11,6.2,1929,-1.04
Europa,"Riga",LV,56.95,24.11,6.2,1930,-0.37
Europa,"Riga",LV,56.95,24.11,6.2,1931,-0.37
Europa,"Riga",LV,56.95,24.11,6.2,1932,-0.42
Europa,"Riga",LV,56.95,24.11,6.2,1933,-0.6
Europa,"Riga",LV,56.95,24.11,6.2,1934,0.27
Europa,"Riga",LV,56.95,24.11,6.2,1935,0.02
Europa,"Riga",LV,56.95,24.11,6.2,1936,-0.22
Europa,"Riga",LV,56.95,24.11,6.2,1937,0.31
Europa,"Riga",LV,56.95,24.11,6.2,1938,0.71
Europa,"Riga",LV,56.95,24.11,6.2,1939,0.47
Europa,"Riga",LV,56.95,24.11,6.2,1940,0.31
Europa,"Riga",LV,56.95,24.11,6.2,1941,-1.06
Europa,"Riga",LV,56.95,24.11,6.2,1942,0.22
Europa,"Riga",LV,56.95,24.11,6.2,1943,0.5
Europa,"Riga",LV,56.95,24.11,6.2,1944,-0.68
Europa,"Riga",LV,56.95,24.11,6.2,1945,-0.81
Europa,"Riga",LV,56.95,24.11,6.2,1946,-0.14
Europa,"Riga",LV,56.95,24.11,6.2,1947,0.29
Europa,"Riga",LV,56.95,24.11,6.2,1948,-0.08
Europa,"Riga",LV,56.95,24.11,6.2,1949,0.48
Europa,"Riga",LV,56.95,24.11,6.2,1950,0.3
Europa,"Riga",LV,56.95,24.11,6.2,1951,0.13
Europa,"Riga",LV,56.95,24.11,6.2,1952,0.39
Europa,"Riga",LV,56.95,24.11,6.2,1953,0.02
Europa,"Riga",LV,56.95,24.11,6.2,1954,0.27
Europa,"Riga",LV,56.95,24.11,6.2,1955,-0.35
Europa,"Riga",LV,56.95,24.11,6.2,1956,0.17
Europa,"Riga",LV,56.95,24.11,6.2,1957,0.52
Europa,"Riga",LV,56.95,24.11,6.2,1958,0.04
Europa,"Riga",LV,56.95,24.11,6.2,1959,0.43
Europa,"Riga",LV,56.95,24.11,6.2,1960,0.34
Europa,"Riga",LV,56.95,24.11,6.2,1961,0.22
Europa,"Riga",LV,56.95,24.11,6.2,1962,0.4
Europa,"Riga",LV,56.95,24.11,6.2,1963,-0.38
Europa,"Riga",LV,56.95,24.11,6.2,1964,-0.95
Europa,"Riga",LV,56.95,24.11,6.2,1965,-0.35
Europa,"Riga",LV,56.95,24.11,6.2,1966,0.11
Europa,"Riga",LV,56.95,24.11,6.2,1967,0.4
Europa,"Riga",LV,56.95,24.11,6.2,1968,-0.42
Europa,"Riga",LV,56.95,24.11,6.2,1969,0.32
Europa,"Riga",LV,56.95,24.11,6.2,1970,0.33
Europa,"Riga",LV,56.95,24.11,6.2,1971,0.24
Europa,"Riga",LV,56.95,24.11,6.2,1972,-0.95
Europa,"Riga",LV,56.95,24.11,6.2,1973,-0.02
Europa,"Riga",LV,56.95,24.11,6.2,1974,-0.65
Europa,"Riga",LV,56.95,24.11,6.2,1975,-0.27
Europa,"Riga",LV,56.95,24.11,6.2,1976,-0.62
Europa,"Riga",LV,56.95,24.11,6.2,1977,0.59
Europa,"Riga",LV,56.95,24.11,6.2,1978,0.3
Europa,"Riga",LV,56.95,24.11,6.2,1979,-0.09
Europa,"Riga",LV,56.95,24.11,6.2,1980,0.21
Europa,"Riga",LV,56.95,24.11,6.2,1981,0.07
Europa,"Riga",LV,56.95,24.11,6.2,1982,-0.05
Europa,"Riga",LV,56.95,24.11,6.2,1983,-0.38
Europa,"Riga",LV,56.95,24.11,6.2,1984,-0.28
Europa,"Riga",LV,56.95,24.11,6.2,1985,-0.12
Europa,"Riga",LV,56.95,24.11,6.2,1986,0.8
Europa,"Riga",LV,56.95,24.11,6.2,1987,-0.01
Europa,"Riga",LV,56.95,24.11,6.2,1988,0.71
Europa,"Riga",LV,56.95,24.11,6.2,1989,0.34
Europa,"Riga",LV,56.95,24.11,6.2,1990,0.49
Europa,"Riga",LV,56.95,24.11,6.2,1991,1.21
Europa,"Riga",LV,56.95,24.11,6.2,1992,0.15
Europa,"Riga",LV,56.95,24.11,6.2,1993,-0.42
Europa,"Riga",LV,56.95,24.11,6.2,1994,0.49
Europa,"Riga",LV,56.95,24.11,6.2,1995,1.65
Europa,"Riga",LV,56.95,24.11,6.2,1996,0.42
Europa,"Riga",LV,56.95,24.11,6.2,1997,1.59
Europa,"Riga",LV,56.95,24.11,6.2,1998,1.89
Europa,"Riga",LV,56.95,24.11,6.2,1999,1.37
Europa,"Riga",LV,56.95,24.11,6.2,2000,1.14
Europa,"Riga",LV,56.95,24.11,6.2,2001,1.12
Europa,"Riga",LV,56.95,24.11,6.2,2002,1.12
Europa,"Riga",LV,56.95,24.11,6.2,2003,0.95
Europa,"Riga",LV,56.95,24.11,6.2,2004,0.5
Europa,"Riga",LV,56.95,24.11,6.2,2005,1.49
Europa,"Riga",LV,56.95,24.11,6.2,2006,1.49
Europa,"Riga",LV,56.95,24.11,6.2,2007,1.41
Europa,"Riga",LV,56.95,24.11,6.2,2008,0.7
Europa,"Riga",LV,56.95,24.11,6.2,2009,0.8
Europa,"Riga",LV,56.95,24.11,6.2,2010,1.14
Europa,"Riga",LV,56.95,24.11,6.2,2011,1.35
Europa,"Riga",LV,56.95,24.11,6.2,2012,1.9
Europa,"Riga",LV,56.95,24.11,6.2,2013,0.87
Europa,"Riga",LV,56.95,24.11,6.2,2014,1.2
Europa,"Riga",LV,56.95,24.11,6.2,2015,1.99
Europa,"Riga",LV,56.95,24.11,6.2,2016,2.31
Europa,"Riga",LV,56.95,24.11,6.2,2017,2.26
Europa,"Riga",LV,56.95,24.11,6.2,2018,1.47
Europa,"Riga",LV,56.95,24.11,6.2,2019,2.07
Europa,"Riga",LV,56.95,24.11,6.2,2020,2.94
Europa,"Riga",LV,56.95,24.11,6.2,2021,2.67
Europa,"Riga",LV,56.95,24.11,6.2,2022,2.28
Europa,"Riga",LV,56.95,24.11,6.2,2023,2.39
Europa,"Riga",LV,56.95,24.11,6.2,2024,2.83
Europa,"Riga",LV,56.95,24.11,6.2,2025,3.16
Europa,"Kopenhagen",DK,55.68,12.57,8,1850,-0.32
Europa,"Kopenhagen",DK,55.68,12.57,8,1851,-0.55
Europa,"Kopenhagen",DK,55.68,12.57,8,1852,-0.3
Europa,"Kopenhagen",DK,55.68,12.57,8,1853,-0.48
Europa,"Kopenhagen",DK,55.68,12.57,8,1854,0.3
Europa,"Kopenhagen",DK,55.68,12.57,8,1855,0.28
Europa,"Kopenhagen",DK,55.68,12.57,8,1856,0.24
Europa,"Kopenhagen",DK,55.68,12.57,8,1857,-0.76
Europa,"Kopenhagen",DK,55.68,12.57,8,1858,-0.59
Europa,"Kopenhagen",DK,55.68,12.57,8,1859,-0.17
Europa,"Kopenhagen",DK,55.68,12.57,8,1860,-0.17
Europa,"Kopenhagen",DK,55.68,12.57,8,1861,-0.48
Europa,"Kopenhagen",DK,55.68,12.57,8,1862,-1.06
Europa,"Kopenhagen",DK,55.68,12.57,8,1863,-0.54
Europa,"Kopenhagen",DK,55.68,12.57,8,1864,-0.71
Europa,"Kopenhagen",DK,55.68,12.57,8,1865,0
Europa,"Kopenhagen",DK,55.68,12.57,8,1866,-0.4
Europa,"Kopenhagen",DK,55.68,12.57,8,1867,-1.02
Europa,"Kopenhagen",DK,55.68,12.57,8,1868,0.08
Europa,"Kopenhagen",DK,55.68,12.57,8,1869,-0.75
Europa,"Kopenhagen",DK,55.68,12.57,8,1870,-0.58
Europa,"Kopenhagen",DK,55.68,12.57,8,1871,-1.47
Europa,"Kopenhagen",DK,55.68,12.57,8,1872,-0.6
Europa,"Kopenhagen",DK,55.68,12.57,8,1873,-0.35
Europa,"Kopenhagen",DK,55.68,12.57,8,1874,-0.29
Europa,"Kopenhagen",DK,55.68,12.57,8,1875,-0.49
Europa,"Kopenhagen",DK,55.68,12.57,8,1876,-0.54
Europa,"Kopenhagen",DK,55.68,12.57,8,1877,-0.06
Europa,"Kopenhagen",DK,55.68,12.57,8,1878,-0.02
Europa,"Kopenhagen",DK,55.68,12.57,8,1879,-0.89
Europa,"Kopenhagen",DK,55.68,12.57,8,1880,-0.63
Europa,"Kopenhagen",DK,55.68,12.57,8,1881,-0.68
Europa,"Kopenhagen",DK,55.68,12.57,8,1882,-0.88
Europa,"Kopenhagen",DK,55.68,12.57,8,1883,-0.62
Europa,"Kopenhagen",DK,55.68,12.57,8,1884,-0.75
Europa,"Kopenhagen",DK,55.68,12.57,8,1885,-1.15
Europa,"Kopenhagen",DK,55.68,12.57,8,1886,-1
Europa,"Kopenhagen",DK,55.68,12.57,8,1887,-1.15
Europa,"Kopenhagen",DK,55.68,12.57,8,1888,-1.06
Europa,"Kopenhagen",DK,55.68,12.57,8,1889,-0.54
Europa,"Kopenhagen",DK,55.68,12.57,8,1890,-0.81
Europa,"Kopenhagen",DK,55.68,12.57,8,1891,-0.41
Europa,"Kopenhagen",DK,55.68,12.57,8,1892,-0.86
Europa,"Kopenhagen",DK,55.68,12.57,8,1893,-0.32
Europa,"Kopenhagen",DK,55.68,12.57,8,1894,-1.26
Europa,"Kopenhagen",DK,55.68,12.57,8,1895,-1.08
Europa,"Kopenhagen",DK,55.68,12.57,8,1896,-0.75
Europa,"Kopenhagen",DK,55.68,12.57,8,1897,-0.79
Europa,"Kopenhagen",DK,55.68,12.57,8,1898,-1.05
Europa,"Kopenhagen",DK,55.68,12.57,8,1899,-1.06
Europa,"Kopenhagen",DK,55.68,12.57,8,1900,-0.32
Europa,"Kopenhagen",DK,55.68,12.57,8,1901,-0.41
Europa,"Kopenhagen",DK,55.68,12.57,8,1902,-0.67
Europa,"Kopenhagen",DK,55.68,12.57,8,1903,-1.04
Europa,"Kopenhagen",DK,55.68,12.57,8,1904,-0.92
Europa,"Kopenhagen",DK,55.68,12.57,8,1905,-0.95
Europa,"Kopenhagen",DK,55.68,12.57,8,1906,-0.66
Europa,"Kopenhagen",DK,55.68,12.57,8,1907,-1.34
Europa,"Kopenhagen",DK,55.68,12.57,8,1908,-0.89
Europa,"Kopenhagen",DK,55.68,12.57,8,1909,-0.85
Europa,"Kopenhagen",DK,55.68,12.57,8,1910,-0.71
Europa,"Kopenhagen",DK,55.68,12.57,8,1911,-0.51
Europa,"Kopenhagen",DK,55.68,12.57,8,1912,-0.71
Europa,"Kopenhagen",DK,55.68,12.57,8,1913,-0.95
Europa,"Kopenhagen",DK,55.68,12.57,8,1914,-0.15
Europa,"Kopenhagen",DK,55.68,12.57,8,1915,-0.06
Europa,"Kopenhagen",DK,55.68,12.57,8,1916,-0.58
Europa,"Kopenhagen",DK,55.68,12.57,8,1917,-0.45
Europa,"Kopenhagen",DK,55.68,12.57,8,1918,-0.89
Europa,"Kopenhagen",DK,55.68,12.57,8,1919,-1
Europa,"Kopenhagen",DK,55.68,12.57,8,1920,-0.2
Europa,"Kopenhagen",DK,55.68,12.57,8,1921,-0.42
Europa,"Kopenhagen",DK,55.68,12.57,8,1922,-0.07
Europa,"Kopenhagen",DK,55.68,12.57,8,1923,-0.68
Europa,"Kopenhagen",DK,55.68,12.57,8,1924,-0.52
Europa,"Kopenhagen",DK,55.68,12.57,8,1925,-0.69
Europa,"Kopenhagen",DK,55.68,12.57,8,1926,-0.76
Europa,"Kopenhagen",DK,55.68,12.57,8,1927,-0.36
Europa,"Kopenhagen",DK,55.68,12.57,8,1928,0.43
Europa,"Kopenhagen",DK,55.68,12.57,8,1929,-0.2
Europa,"Kopenhagen",DK,55.68,12.57,8,1930,0.29
Europa,"Kopenhagen",DK,55.68,12.57,8,1931,0.23
Europa,"Kopenhagen",DK,55.68,12.57,8,1932,-0.23
Europa,"Kopenhagen",DK,55.68,12.57,8,1933,-0.78
Europa,"Kopenhagen",DK,55.68,12.57,8,1934,-0.38
Europa,"Kopenhagen",DK,55.68,12.57,8,1935,0.14
Europa,"Kopenhagen",DK,55.68,12.57,8,1936,0.12
Europa,"Kopenhagen",DK,55.68,12.57,8,1937,0.42
Europa,"Kopenhagen",DK,55.68,12.57,8,1938,-0.42
Europa,"Kopenhagen",DK,55.68,12.57,8,1939,-0.14
Europa,"Kopenhagen",DK,55.68,12.57,8,1940,-0.68
Europa,"Kopenhagen",DK,55.68,12.57,8,1941,0.52
Europa,"Kopenhagen",DK,55.68,12.57,8,1942,0.11
Europa,"Kopenhagen",DK,55.68,12.57,8,1943,-0.26
Europa,"Kopenhagen",DK,55.68,12.57,8,1944,0.42
Europa,"Kopenhagen",DK,55.68,12.57,8,1945,0.44
Europa,"Kopenhagen",DK,55.68,12.57,8,1946,0.56
Europa,"Kopenhagen",DK,55.68,12.57,8,1947,-0.19
Europa,"Kopenhagen",DK,55.68,12.57,8,1948,-0.44
Europa,"Kopenhagen",DK,55.68,12.57,8,1949,-0.34
Europa,"Kopenhagen",DK,55.68,12.57,8,1950,-0.68
Europa,"Kopenhagen",DK,55.68,12.57,8,1951,-0.19
Europa,"Kopenhagen",DK,55.68,12.57,8,1952,-0.45
Europa,"Kopenhagen",DK,55.68,12.57,8,1953,0.08
Europa,"Kopenhagen",DK,55.68,12.57,8,1954,-0.61
Europa,"Kopenhagen",DK,55.68,12.57,8,1955,-0.56
Europa,"Kopenhagen",DK,55.68,12.57,8,1956,-0.63
Europa,"Kopenhagen",DK,55.68,12.57,8,1957,-0.56
Europa,"Kopenhagen",DK,55.68,12.57,8,1958,-0.16
Europa,"Kopenhagen",DK,55.68,12.57,8,1959,0.45
Europa,"Kopenhagen",DK,55.68,12.57,8,1960,-0.21
Europa,"Kopenhagen",DK,55.68,12.57,8,1961,0.24
Europa,"Kopenhagen",DK,55.68,12.57,8,1962,0.13
Europa,"Kopenhagen",DK,55.68,12.57,8,1963,0.04
Europa,"Kopenhagen",DK,55.68,12.57,8,1964,0.4
Europa,"Kopenhagen",DK,55.68,12.57,8,1965,-0.36
Europa,"Kopenhagen",DK,55.68,12.57,8,1966,0.07
Europa,"Kopenhagen",DK,55.68,12.57,8,1967,-0.16
Europa,"Kopenhagen",DK,55.68,12.57,8,1968,-0.78
Europa,"Kopenhagen",DK,55.68,12.57,8,1969,-0.24
Europa,"Kopenhagen",DK,55.68,12.57,8,1970,0.06
Europa,"Kopenhagen",DK,55.68,12.57,8,1971,-0.13
Europa,"Kopenhagen",DK,55.68,12.57,8,1972,-0.51
Europa,"Kopenhagen",DK,55.68,12.57,8,1973,0.29
Europa,"Kopenhagen",DK,55.68,12.57,8,1974,-0.24
Europa,"Kopenhagen",DK,55.68,12.57,8,1975,0.28
Europa,"Kopenhagen",DK,55.68,12.57,8,1976,-0.02
Europa,"Kopenhagen",DK,55.68,12.57,8,1977,0.12
Europa,"Kopenhagen",DK,55.68,12.57,8,1978,-0.37
Europa,"Kopenhagen",DK,55.68,12.57,8,1979,0.37
Europa,"Kopenhagen",DK,55.68,12.57,8,1980,0.46
Europa,"Kopenhagen",DK,55.68,12.57,8,1981,0.26
Europa,"Kopenhagen",DK,55.68,12.57,8,1982,-0.48
Europa,"Kopenhagen",DK,55.68,12.57,8,1983,0.27
Europa,"Kopenhagen",DK,55.68,12.57,8,1984,0.16
Europa,"Kopenhagen",DK,55.68,12.57,8,1985,-0.13
Europa,"Kopenhagen",DK,55.68,12.57,8,1986,-0.55
Europa,"Kopenhagen",DK,55.68,12.57,8,1987,-0.65
Europa,"Kopenhagen",DK,55.68,12.57,8,1988,0.04
Europa,"Kopenhagen",DK,55.68,12.57,8,1989,0.27
Europa,"Kopenhagen",DK,55.68,12.57,8,1990,1.16
Europa,"Kopenhagen",DK,55.68,12.57,8,1991,0.64
Europa,"Kopenhagen",DK,55.68,12.57,8,1992,0.05
Europa,"Kopenhagen",DK,55.68,12.57,8,1993,0.46
Europa,"Kopenhagen",DK,55.68,12.57,8,1994,0.04
Europa,"Kopenhagen",DK,55.68,12.57,8,1995,0.92
Europa,"Kopenhagen",DK,55.68,12.57,8,1996,0.61
Europa,"Kopenhagen",DK,55.68,12.57,8,1997,0.34
Europa,"Kopenhagen",DK,55.68,12.57,8,1998,0.31
Europa,"Kopenhagen",DK,55.68,12.57,8,1999,0.37
Europa,"Kopenhagen",DK,55.68,12.57,8,2000,0.12
Europa,"Kopenhagen",DK,55.68,12.57,8,2001,0.81
Europa,"Kopenhagen",DK,55.68,12.57,8,2002,0.45
Europa,"Kopenhagen",DK,55.68,12.57,8,2003,0.44
Europa,"Kopenhagen",DK,55.68,12.57,8,2004,0.68
Europa,"Kopenhagen",DK,55.68,12.57,8,2005,1.48
Europa,"Kopenhagen",DK,55.68,12.57,8,2006,0.25
Europa,"Kopenhagen",DK,55.68,12.57,8,2007,1.11
Europa,"Kopenhagen",DK,55.68,12.57,8,2008,1.02
Europa,"Kopenhagen",DK,55.68,12.57,8,2009,1.22
Europa,"Kopenhagen",DK,55.68,12.57,8,2010,1.12
Europa,"Kopenhagen",DK,55.68,12.57,8,2011,0.62
Europa,"Kopenhagen",DK,55.68,12.57,8,2012,1.08
Europa,"Kopenhagen",DK,55.68,12.57,8,2013,1.22
Europa,"Kopenhagen",DK,55.68,12.57,8,2014,0.9
Europa,"Kopenhagen",DK,55.68,12.57,8,2015,1.68
Europa,"Kopenhagen",DK,55.68,12.57,8,2016,1.71
Europa,"Kopenhagen",DK,55.68,12.57,8,2017,1.73
Europa,"Kopenhagen",DK,55.68,12.57,8,2018,1.26
Europa,"Kopenhagen",DK,55.68,12.57,8,2019,1.61
Europa,"Kopenhagen",DK,55.68,12.57,8,2020,1.83
Europa,"Kopenhagen",DK,55.68,12.57,8,2021,1.23
Europa,"Kopenhagen",DK,55.68,12.57,8,2022,1.54
Europa,"Kopenhagen",DK,55.68,12.57,8,2023,1.42
Europa,"Kopenhagen",DK,55.68,12.57,8,2024,2.64
Europa,"Kopenhagen",DK,55.68,12.57,8,2025,2.01
Europa,"Moskau",RU,55.75,37.62,4.6,1850,-1.49
Europa,"Moskau",RU,55.75,37.62,4.6,1851,0.11
Europa,"Moskau",RU,55.75,37.62,4.6,1852,-0.88
Europa,"Moskau",RU,55.75,37.62,4.6,1853,-0.72
Europa,"Moskau",RU,55.75,37.62,4.6,1854,-0.71
Europa,"Moskau",RU,55.75,37.62,4.6,1855,-1.2
Europa,"Moskau",RU,55.75,37.62,4.6,1856,-1.18
Europa,"Moskau",RU,55.75,37.62,4.6,1857,-0.91
Europa,"Moskau",RU,55.75,37.62,4.6,1858,0.32
Europa,"Moskau",RU,55.75,37.62,4.6,1859,-1.03
Europa,"Moskau",RU,55.75,37.62,4.6,1860,-1.69
Europa,"Moskau",RU,55.75,37.62,4.6,1861,-1.26
Europa,"Moskau",RU,55.75,37.62,4.6,1862,-2.3
Europa,"Moskau",RU,55.75,37.62,4.6,1863,-0.24
Europa,"Moskau",RU,55.75,37.62,4.6,1864,-1.1
Europa,"Moskau",RU,55.75,37.62,4.6,1865,-1.09
Europa,"Moskau",RU,55.75,37.62,4.6,1866,-0.46
Europa,"Moskau",RU,55.75,37.62,4.6,1867,-1
Europa,"Moskau",RU,55.75,37.62,4.6,1868,-0.4
Europa,"Moskau",RU,55.75,37.62,4.6,1869,-0.38
Europa,"Moskau",RU,55.75,37.62,4.6,1870,0.08
Europa,"Moskau",RU,55.75,37.62,4.6,1871,-0.53
Europa,"Moskau",RU,55.75,37.62,4.6,1872,-0.27
Europa,"Moskau",RU,55.75,37.62,4.6,1873,-0.19
Europa,"Moskau",RU,55.75,37.62,4.6,1874,-0.29
Europa,"Moskau",RU,55.75,37.62,4.6,1875,-0.42
Europa,"Moskau",RU,55.75,37.62,4.6,1876,-0.55
Europa,"Moskau",RU,55.75,37.62,4.6,1877,-0.11
Europa,"Moskau",RU,55.75,37.62,4.6,1878,-0.07
Europa,"Moskau",RU,55.75,37.62,4.6,1879,-0.3
Europa,"Moskau",RU,55.75,37.62,4.6,1880,-0.87
Europa,"Moskau",RU,55.75,37.62,4.6,1881,-0.86
Europa,"Moskau",RU,55.75,37.62,4.6,1882,-1.56
Europa,"Moskau",RU,55.75,37.62,4.6,1883,-1
Europa,"Moskau",RU,55.75,37.62,4.6,1884,-0.97
Europa,"Moskau",RU,55.75,37.62,4.6,1885,-0.88
Europa,"Moskau",RU,55.75,37.62,4.6,1886,-0.95
Europa,"Moskau",RU,55.75,37.62,4.6,1887,-0.81
Europa,"Moskau",RU,55.75,37.62,4.6,1888,-1.14
Europa,"Moskau",RU,55.75,37.62,4.6,1889,-1.04
Europa,"Moskau",RU,55.75,37.62,4.6,1890,-1.45
Europa,"Moskau",RU,55.75,37.62,4.6,1891,-1.11
Europa,"Moskau",RU,55.75,37.62,4.6,1892,-0.82
Europa,"Moskau",RU,55.75,37.62,4.6,1893,-0.87
Europa,"Moskau",RU,55.75,37.62,4.6,1894,-0.45
Europa,"Moskau",RU,55.75,37.62,4.6,1895,-1.48
Europa,"Moskau",RU,55.75,37.62,4.6,1896,-0.78
Europa,"Moskau",RU,55.75,37.62,4.6,1897,0.18
Europa,"Moskau",RU,55.75,37.62,4.6,1898,-1.15
Europa,"Moskau",RU,55.75,37.62,4.6,1899,-0.82
Europa,"Moskau",RU,55.75,37.62,4.6,1900,-0.96
Europa,"Moskau",RU,55.75,37.62,4.6,1901,-0.86
Europa,"Moskau",RU,55.75,37.62,4.6,1902,-0.62
Europa,"Moskau",RU,55.75,37.62,4.6,1903,-1.05
Europa,"Moskau",RU,55.75,37.62,4.6,1904,-1.29
Europa,"Moskau",RU,55.75,37.62,4.6,1905,-1.3
Europa,"Moskau",RU,55.75,37.62,4.6,1906,-0.59
Europa,"Moskau",RU,55.75,37.62,4.6,1907,-0.61
Europa,"Moskau",RU,55.75,37.62,4.6,1908,-0.38
Europa,"Moskau",RU,55.75,37.62,4.6,1909,-0.39
Europa,"Moskau",RU,55.75,37.62,4.6,1910,0.13
Europa,"Moskau",RU,55.75,37.62,4.6,1911,-0.46
Europa,"Moskau",RU,55.75,37.62,4.6,1912,-1.19
Europa,"Moskau",RU,55.75,37.62,4.6,1913,-0.76
Europa,"Moskau",RU,55.75,37.62,4.6,1914,-0.24
Europa,"Moskau",RU,55.75,37.62,4.6,1915,-0.27
Europa,"Moskau",RU,55.75,37.62,4.6,1916,-0.69
Europa,"Moskau",RU,55.75,37.62,4.6,1917,-0.36
Europa,"Moskau",RU,55.75,37.62,4.6,1918,-1.37
Europa,"Moskau",RU,55.75,37.62,4.6,1919,-1.32
Europa,"Moskau",RU,55.75,37.62,4.6,1920,-1.24
Europa,"Moskau",RU,55.75,37.62,4.6,1921,-1.09
Europa,"Moskau",RU,55.75,37.62,4.6,1922,-1.45
Europa,"Moskau",RU,55.75,37.62,4.6,1923,-0.36
Europa,"Moskau",RU,55.75,37.62,4.6,1924,-0.57
Europa,"Moskau",RU,55.75,37.62,4.6,1925,-0.91
Europa,"Moskau",RU,55.75,37.62,4.6,1926,0.48
Europa,"Moskau",RU,55.75,37.62,4.6,1927,-0.07
Europa,"Moskau",RU,55.75,37.62,4.6,1928,-0.27
Europa,"Moskau",RU,55.75,37.62,4.6,1929,-0.6
Europa,"Moskau",RU,55.75,37.62,4.6,1930,0.22
Europa,"Moskau",RU,55.75,37.62,4.6,1931,-0.05
Europa,"Moskau",RU,55.75,37.62,4.6,1932,-0.03
Europa,"Moskau",RU,55.75,37.62,4.6,1933,-0.64
Europa,"Moskau",RU,55.75,37.62,4.6,1934,-0.14
Europa,"Moskau",RU,55.75,37.62,4.6,1935,-0.35
Europa,"Moskau",RU,55.75,37.62,4.6,1936,-0.37
Europa,"Moskau",RU,55.75,37.62,4.6,1937,0.38
Europa,"Moskau",RU,55.75,37.62,4.6,1938,-0.01
Europa,"Moskau",RU,55.75,37.62,4.6,1939,0.06
Europa,"Moskau",RU,55.75,37.62,4.6,1940,0.34
Europa,"Moskau",RU,55.75,37.62,4.6,1941,-0.28
Europa,"Moskau",RU,55.75,37.62,4.6,1942,0.07
Europa,"Moskau",RU,55.75,37.62,4.6,1943,0.18
Europa,"Moskau",RU,55.75,37.62,4.6,1944,0.57
Europa,"Moskau",RU,55.75,37.62,4.6,1945,0.28
Europa,"Moskau",RU,55.75,37.62,4.6,1946,-0.79
Europa,"Moskau",RU,55.75,37.62,4.6,1947,-0.01
Europa,"Moskau",RU,55.75,37.62,4.6,1948,0.71
Europa,"Moskau",RU,55.75,37.62,4.6,1949,0.86
Europa,"Moskau",RU,55.75,37.62,4.6,1950,-0.48
Europa,"Moskau",RU,55.75,37.62,4.6,1951,0.17
Europa,"Moskau",RU,55.75,37.62,4.6,1952,0.49
Europa,"Moskau",RU,55.75,37.62,4.6,1953,0.33
Europa,"Moskau",RU,55.75,37.62,4.6,1954,-0.24
Europa,"Moskau",RU,55.75,37.62,4.6,1955,-0.2
Europa,"Moskau",RU,55.75,37.62,4.6,1956,-0.08
Europa,"Moskau",RU,55.75,37.62,4.6,1957,-0.15
Europa,"Moskau",RU,55.75,37.62,4.6,1958,-0.04
Europa,"Moskau",RU,55.75,37.62,4.6,1959,-0.1
Europa,"Moskau",RU,55.75,37.62,4.6,1960,-0.08
Europa,"Moskau",RU,55.75,37.62,4.6,1961,0.49
Europa,"Moskau",RU,55.75,37.62,4.6,1962,0.16
Europa,"Moskau",RU,55.75,37.62,4.6,1963,-0.62
Europa,"Moskau",RU,55.75,37.62,4.6,1964,0.12
Europa,"Moskau",RU,55.75,37.62,4.6,1965,-0.34
Europa,"Moskau",RU,55.75,37.62,4.6,1966,-0.52
Europa,"Moskau",RU,55.75,37.62,4.6,1967,0.44
Europa,"Moskau",RU,55.75,37.62,4.6,1968,-0.26
Europa,"Moskau",RU,55.75,37.62,4.6,1969,0.45
Europa,"Moskau",RU,55.75,37.62,4.6,1970,0.08
Europa,"Moskau",RU,55.75,37.62,4.6,1971,-0.2
Europa,"Moskau",RU,55.75,37.62,4.6,1972,-1.05
Europa,"Moskau",RU,55.75,37.62,4.6,1973,0.52
Europa,"Moskau",RU,55.75,37.62,4.6,1974,-0.86
Europa,"Moskau",RU,55.75,37.62,4.6,1975,-0.92
Europa,"Moskau",RU,55.75,37.62,4.6,1976,-1.23
Europa,"Moskau",RU,55.75,37.62,4.6,1977,-0.64
Europa,"Moskau",RU,55.75,37.62,4.6,1978,0.33
Europa,"Moskau",RU,55.75,37.62,4.6,1979,0.4
Europa,"Moskau",RU,55.75,37.62,4.6,1980,0.36
Europa,"Moskau",RU,55.75,37.62,4.6,1981,0.24
Europa,"Moskau",RU,55.75,37.62,4.6,1982,-0.32
Europa,"Moskau",RU,55.75,37.62,4.6,1983,0.25
Europa,"Moskau",RU,55.75,37.62,4.6,1984,-0.24
Europa,"Moskau",RU,55.75,37.62,4.6,1985,-0.18
Europa,"Moskau",RU,55.75,37.62,4.6,1986,0.05
Europa,"Moskau",RU,55.75,37.62,4.6,1987,1.09
Europa,"Moskau",RU,55.75,37.62,4.6,1988,0.44
Europa,"Moskau",RU,55.75,37.62,4.6,1989,1.29
Europa,"Moskau",RU,55.75,37.62,4.6,1990,0.65
Europa,"Moskau",RU,55.75,37.62,4.6,1991,0.72
Europa,"Moskau",RU,55.75,37.62,4.6,1992,0.35
Europa,"Moskau",RU,55.75,37.62,4.6,1993,-0.17
Europa,"Moskau",RU,55.75,37.62,4.6,1994,0.12
Europa,"Moskau",RU,55.75,37.62,4.6,1995,0.62
Europa,"Moskau",RU,55.75,37.62,4.6,1996,0.82
Europa,"Moskau",RU,55.75,37.62,4.6,1997,0.75
Europa,"Moskau",RU,55.75,37.62,4.6,1998,2.11
Europa,"Moskau",RU,55.75,37.62,4.6,1999,0.77
Europa,"Moskau",RU,55.75,37.62,4.6,2000,0.81
Europa,"Moskau",RU,55.75,37.62,4.6,2001,0.13
Europa,"Moskau",RU,55.75,37.62,4.6,2002,0.59
Europa,"Moskau",RU,55.75,37.62,4.6,2003,1.72
Europa,"Moskau",RU,55.75,37.62,4.6,2004,0.66
Europa,"Moskau",RU,55.75,37.62,4.6,2005,0.85
Europa,"Moskau",RU,55.75,37.62,4.6,2006,1.26
Europa,"Moskau",RU,55.75,37.62,4.6,2007,0.68
Europa,"Moskau",RU,55.75,37.62,4.6,2008,1.46
Europa,"Moskau",RU,55.75,37.62,4.6,2009,0.88
Europa,"Moskau",RU,55.75,37.62,4.6,2010,0.88
Europa,"Moskau",RU,55.75,37.62,4.6,2011,0.97
Europa,"Moskau",RU,55.75,37.62,4.6,2012,0.51
Europa,"Moskau",RU,55.75,37.62,4.6,2013,1.44
Europa,"Moskau",RU,55.75,37.62,4.6,2014,1.83
Europa,"Moskau",RU,55.75,37.62,4.6,2015,2.52
Europa,"Moskau",RU,55.75,37.62,4.6,2016,2.63
Europa,"Moskau",RU,55.75,37.62,4.6,2017,1.87
Europa,"Moskau",RU,55.75,37.62,4.6,2018,1.74
Europa,"Moskau",RU,55.75,37.62,4.6,2019,2.04
Europa,"Moskau",RU,55.75,37.62,4.6,2020,1.72
Europa,"Moskau",RU,55.75,37.62,4.6,2021,1.25
Europa,"Moskau",RU,55.75,37.62,4.6,2022,1.67
Europa,"Moskau",RU,55.75,37.62,4.6,2023,1.7
Europa,"Moskau",RU,55.75,37.62,4.6,2024,1.23
Europa,"Moskau",RU,55.75,37.62,4.6,2025,2.21
Europa,"Dublin",IE,53.35,-6.26,9.4,1850,-0.52
Europa,"Dublin",IE,53.35,-6.26,9.4,1851,-0.28
Europa,"Dublin",IE,53.35,-6.26,9.4,1852,0.16
Europa,"Dublin",IE,53.35,-6.26,9.4,1853,0.07
Europa,"Dublin",IE,53.35,-6.26,9.4,1854,0.19
Europa,"Dublin",IE,53.35,-6.26,9.4,1855,0.15
Europa,"Dublin",IE,53.35,-6.26,9.4,1856,-0.41
Europa,"Dublin",IE,53.35,-6.26,9.4,1857,-0.48
Europa,"Dublin",IE,53.35,-6.26,9.4,1858,-0.86
Europa,"Dublin",IE,53.35,-6.26,9.4,1859,-0.15
Europa,"Dublin",IE,53.35,-6.26,9.4,1860,-0.33
Europa,"Dublin",IE,53.35,-6.26,9.4,1861,-0.72
Europa,"Dublin",IE,53.35,-6.26,9.4,1862,-0.56
Europa,"Dublin",IE,53.35,-6.26,9.4,1863,-0.2
Europa,"Dublin",IE,53.35,-6.26,9.4,1864,-0.37
Europa,"Dublin",IE,53.35,-6.26,9.4,1865,-0.96
Europa,"Dublin",IE,53.35,-6.26,9.4,1866,-0.17
Europa,"Dublin",IE,53.35,-6.26,9.4,1867,-0.58
Europa,"Dublin",IE,53.35,-6.26,9.4,1868,-0.75
Europa,"Dublin",IE,53.35,-6.26,9.4,1869,-0.14
Europa,"Dublin",IE,53.35,-6.26,9.4,1870,-0.53
Europa,"Dublin",IE,53.35,-6.26,9.4,1871,-0.47
Europa,"Dublin",IE,53.35,-6.26,9.4,1872,-0.16
Europa,"Dublin",IE,53.35,-6.26,9.4,1873,-0.49
Europa,"Dublin",IE,53.35,-6.26,9.4,1874,0.09
Europa,"Dublin",IE,53.35,-6.26,9.4,1875,-0.37
Europa,"Dublin",IE,53.35,-6.26,9.4,1876,-0.32
Europa,"Dublin",IE,53.35,-6.26,9.4,1877,0.28
Europa,"Dublin",IE,53.35,-6.26,9.4,1878,0.52
Europa,"Dublin",IE,53.35,-6.26,9.4,1879,-0.12
Europa,"Dublin",IE,53.35,-6.26,9.4,1880,-0.28
Europa,"Dublin",IE,53.35,-6.26,9.4,1881,-0.24
Europa,"Dublin",IE,53.35,-6.26,9.4,1882,-0.36
Europa,"Dublin",IE,53.35,-6.26,9.4,1883,-0.67
Europa,"Dublin",IE,53.35,-6.26,9.4,1884,-1.16
Europa,"Dublin",IE,53.35,-6.26,9.4,1885,-0.47
Europa,"Dublin",IE,53.35,-6.26,9.4,1886,-0.63
Europa,"Dublin",IE,53.35,-6.26,9.4,1887,-0.33
Europa,"Dublin",IE,53.35,-6.26,9.4,1888,0.18
Europa,"Dublin",IE,53.35,-6.26,9.4,1889,0.32
Europa,"Dublin",IE,53.35,-6.26,9.4,1890,-0.28
Europa,"Dublin",IE,53.35,-6.26,9.4,1891,-0.25
Europa,"Dublin",IE,53.35,-6.26,9.4,1892,-0.54
Europa,"Dublin",IE,53.35,-6.26,9.4,1893,-0.31
Europa,"Dublin",IE,53.35,-6.26,9.4,1894,-0.71
Europa,"Dublin",IE,53.35,-6.26,9.4,1895,-0.11
Europa,"Dublin",IE,53.35,-6.26,9.4,1896,-0.34
Europa,"Dublin",IE,53.35,-6.26,9.4,1897,-0.28
Europa,"Dublin",IE,53.35,-6.26,9.4,1898,-0.47
Europa,"Dublin",IE,53.35,-6.26,9.4,1899,-0.57
Europa,"Dublin",IE,53.35,-6.26,9.4,1900,0.05
Europa,"Dublin",IE,53.35,-6.26,9.4,1901,-0.15
Europa,"Dublin",IE,53.35,-6.26,9.4,1902,-0.61
Europa,"Dublin",IE,53.35,-6.26,9.4,1903,-0.66
Europa,"Dublin",IE,53.35,-6.26,9.4,1904,-0.42
Europa,"Dublin",IE,53.35,-6.26,9.4,1905,-0.06
Europa,"Dublin",IE,53.35,-6.26,9.4,1906,-0.18
Europa,"Dublin",IE,53.35,-6.26,9.4,1907,-0.36
Europa,"Dublin",IE,53.35,-6.26,9.4,1908,-0.44
Europa,"Dublin",IE,53.35,-6.26,9.4,1909,-0.33
Europa,"Dublin",IE,53.35,-6.26,9.4,1910,-0.61
Europa,"Dublin",IE,53.35,-6.26,9.4,1911,-0.5
Europa,"Dublin",IE,53.35,-6.26,9.4,1912,-0.37
Europa,"Dublin",IE,53.35,-6.26,9.4,1913,-0.6
Europa,"Dublin",IE,53.35,-6.26,9.4,1914,-0.1
Europa,"Dublin",IE,53.35,-6.26,9.4,1915,-0.45
Europa,"Dublin",IE,53.35,-6.26,9.4,1916,-1.17
Europa,"Dublin",IE,53.35,-6.26,9.4,1917,-1.18
Europa,"Dublin",IE,53.35,-6.26,9.4,1918,-0.8
Europa,"Dublin",IE,53.35,-6.26,9.4,1919,-0.43
Europa,"Dublin",IE,53.35,-6.26,9.4,1920,0.13
Europa,"Dublin",IE,53.35,-6.26,9.4,1921,0.4
Europa,"Dublin",IE,53.35,-6.26,9.4,1922,-0.47
Europa,"Dublin",IE,53.35,-6.26,9.4,1923,-0.44
Europa,"Dublin",IE,53.35,-6.26,9.4,1924,-0.53
Europa,"Dublin",IE,53.35,-6.26,9.4,1925,-0.14
Europa,"Dublin",IE,53.35,-6.26,9.4,1926,0.1
Europa,"Dublin",IE,53.35,-6.26,9.4,1927,-0.08
Europa,"Dublin",IE,53.35,-6.26,9.4,1928,0.23
Europa,"Dublin",IE,53.35,-6.26,9.4,1929,-0.03
Europa,"Dublin",IE,53.35,-6.26,9.4,1930,0.59
Europa,"Dublin",IE,53.35,-6.26,9.4,1931,0.17
Europa,"Dublin",IE,53.35,-6.26,9.4,1932,-0.38
Europa,"Dublin",IE,53.35,-6.26,9.4,1933,-0.34
Europa,"Dublin",IE,53.35,-6.26,9.4,1934,0.21
Europa,"Dublin",IE,53.35,-6.26,9.4,1935,-0.03
Europa,"Dublin",IE,53.35,-6.26,9.4,1936,-0.67
Europa,"Dublin",IE,53.35,-6.26,9.4,1937,0.15
Europa,"Dublin",IE,53.35,-6.26,9.4,1938,0.15
Europa,"Dublin",IE,53.35,-6.26,9.4,1939,0.14
Europa,"Dublin",IE,53.35,-6.26,9.4,1940,0.4
Europa,"Dublin",IE,53.35,-6.26,9.4,1941,0.27
Europa,"Dublin",IE,53.35,-6.26,9.4,1942,-0.11
Europa,"Dublin",IE,53.35,-6.26,9.4,1943,-0.05
Europa,"Dublin",IE,53.35,-6.26,9.4,1944,0.45
Europa,"Dublin",IE,53.35,-6.26,9.4,1945,0.08
Europa,"Dublin",IE,53.35,-6.26,9.4,1946,0.14
Europa,"Dublin",IE,53.35,-6.26,9.4,1947,0
Europa,"Dublin",IE,53.35,-6.26,9.4,1948,-0.46
Europa,"Dublin",IE,53.35,-6.26,9.4,1949,-0.31
Europa,"Dublin",IE,53.35,-6.26,9.4,1950,-0.51
Europa,"Dublin",IE,53.35,-6.26,9.4,1951,0.03
Europa,"Dublin",IE,53.35,-6.26,9.4,1952,0.08
Europa,"Dublin",IE,53.35,-6.26,9.4,1953,0.63
Europa,"Dublin",IE,53.35,-6.26,9.4,1954,0.04
Europa,"Dublin",IE,53.35,-6.26,9.4,1955,-0.13
Europa,"Dublin",IE,53.35,-6.26,9.4,1956,-0.13
Europa,"Dublin",IE,53.35,-6.26,9.4,1957,0.14
Europa,"Dublin",IE,53.35,-6.26,9.4,1958,0.27
Europa,"Dublin",IE,53.35,-6.26,9.4,1959,0.2
Europa,"Dublin",IE,53.35,-6.26,9.4,1960,0.13
Europa,"Dublin",IE,53.35,-6.26,9.4,1961,-0.28
Europa,"Dublin",IE,53.35,-6.26,9.4,1962,-0.32
Europa,"Dublin",IE,53.35,-6.26,9.4,1963,-0.06
Europa,"Dublin",IE,53.35,-6.26,9.4,1964,-0.2
Europa,"Dublin",IE,53.35,-6.26,9.4,1965,-0.01
Europa,"Dublin",IE,53.35,-6.26,9.4,1966,-0.06
Europa,"Dublin",IE,53.35,-6.26,9.4,1967,0.01
Europa,"Dublin",IE,53.35,-6.26,9.4,1968,-0.18
Europa,"Dublin",IE,53.35,-6.26,9.4,1969,-0.42
Europa,"Dublin",IE,53.35,-6.26,9.4,1970,-0.02
Europa,"Dublin",IE,53.35,-6.26,9.4,1971,-0.38
Europa,"Dublin",IE,53.35,-6.26,9.4,1972,-0.59
Europa,"Dublin",IE,53.35,-6.26,9.4,1973,0.22
Europa,"Dublin",IE,53.35,-6.26,9.4,1974,-0.28
Europa,"Dublin",IE,53.35,-6.26,9.4,1975,0.53
Europa,"Dublin",IE,53.35,-6.26,9.4,1976,-0.39
Europa,"Dublin",IE,53.35,-6.26,9.4,1977,0.16
Europa,"Dublin",IE,53.35,-6.26,9.4,1978,-0.55
Europa,"Dublin",IE,53.35,-6.26,9.4,1979,0.3
Europa,"Dublin",IE,53.35,-6.26,9.4,1980,0
Europa,"Dublin",IE,53.35,-6.26,9.4,1981,0.67
Europa,"Dublin",IE,53.35,-6.26,9.4,1982,0.18
Europa,"Dublin",IE,53.35,-6.26,9.4,1983,0.62
Europa,"Dublin",IE,53.35,-6.26,9.4,1984,-0.03
Europa,"Dublin",IE,53.35,-6.26,9.4,1985,-0.18
Europa,"Dublin",IE,53.35,-6.26,9.4,1986,0.16
Europa,"Dublin",IE,53.35,-6.26,9.4,1987,0.17
Europa,"Dublin",IE,53.35,-6.26,9.4,1988,0.34
Europa,"Dublin",IE,53.35,-6.26,9.4,1989,0.09
Europa,"Dublin",IE,53.35,-6.26,9.4,1990,0.49
Europa,"Dublin",IE,53.35,-6.26,9.4,1991,0.95
Europa,"Dublin",IE,53.35,-6.26,9.4,1992,0.06
Europa,"Dublin",IE,53.35,-6.26,9.4,1993,0.18
Europa,"Dublin",IE,53.35,-6.26,9.4,1994,0.26
Europa,"Dublin",IE,53.35,-6.26,9.4,1995,0.78
Europa,"Dublin",IE,53.35,-6.26,9.4,1996,0.01
Europa,"Dublin",IE,53.35,-6.26,9.4,1997,0.56
Europa,"Dublin",IE,53.35,-6.26,9.4,1998,1.26
Europa,"Dublin",IE,53.35,-6.26,9.4,1999,0.32
Europa,"Dublin",IE,53.35,-6.26,9.4,2000,0.2
Europa,"Dublin",IE,53.35,-6.26,9.4,2001,0.77
Europa,"Dublin",IE,53.35,-6.26,9.4,2002,0.67
Europa,"Dublin",IE,53.35,-6.26,9.4,2003,0.43
Europa,"Dublin",IE,53.35,-6.26,9.4,2004,0.78
Europa,"Dublin",IE,53.35,-6.26,9.4,2005,1.42
Europa,"Dublin",IE,53.35,-6.26,9.4,2006,1.06
Europa,"Dublin",IE,53.35,-6.26,9.4,2007,1.32
Europa,"Dublin",IE,53.35,-6.26,9.4,2008,1.13
Europa,"Dublin",IE,53.35,-6.26,9.4,2009,1.21
Europa,"Dublin",IE,53.35,-6.26,9.4,2010,1.67
Europa,"Dublin",IE,53.35,-6.26,9.4,2011,0.68
Europa,"Dublin",IE,53.35,-6.26,9.4,2012,0.57
Europa,"Dublin",IE,53.35,-6.26,9.4,2013,1.3
Europa,"Dublin",IE,53.35,-6.26,9.4,2014,0.72
Europa,"Dublin",IE,53.35,-6.26,9.4,2015,0.57
Europa,"Dublin",IE,53.35,-6.26,9.4,2016,1.71
Europa,"Dublin",IE,53.35,-6.26,9.4,2017,1.46
Europa,"Dublin",IE,53.35,-6.26,9.4,2018,1.45
Europa,"Dublin",IE,53.35,-6.26,9.4,2019,1.22
Europa,"Dublin",IE,53.35,-6.26,9.4,2020,1.84
Europa,"Dublin",IE,53.35,-6.26,9.4,2021,1.5
Europa,"Dublin",IE,53.35,-6.26,9.4,2022,1.11
Europa,"Dublin",IE,53.35,-6.26,9.4,2023,1.5
Europa,"Dublin",IE,53.35,-6.26,9.4,2024,1.78
Europa,"Dublin",IE,53.35,-6.26,9.4,2025,2.12
Europa,"Hamburg",DE,53.55,9.99,8.6,1850,-0.43
Europa,"Hamburg",DE,53.55,9.99,8.6,1851,0.33
Europa,"Hamburg",DE,53.55,9.99,8.6,1852,-0.33
Europa,"Hamburg",DE,53.55,9.99,8.6,1853,-0.43
Europa,"Hamburg",DE,53.55,9.99,8.6,1854,-0.28
Europa,"Hamburg",DE,53.55,9.99,8.6,1855,-0.46
Europa,"Hamburg",DE,53.55,9.99,8.6,1856,-0.57
Europa,"Hamburg",DE,53.55,9.99,8.6,1857,-0.18
Europa,"Hamburg",DE,53.55,9.99,8.6,1858,-0.76
Europa,"Hamburg",DE,53.55,9.99,8.6,1859,0.05
Europa,"Hamburg",DE,53.55,9.99,8.6,1860,-0.95
Europa,"Hamburg",DE,53.55,9.99,8.6,1861,-0.39
Europa,"Hamburg",DE,53.55,9.99,8.6,1862,-0.86
Europa,"Hamburg",DE,53.55,9.99,8.6,1863,-0.98
Europa,"Hamburg",DE,53.55,9.99,8.6,1864,-0.48
Europa,"Hamburg",DE,53.55,9.99,8.6,1865,-0.1
Europa,"Hamburg",DE,53.55,9.99,8.6,1866,0.15
Europa,"Hamburg",DE,53.55,9.99,8.6,1867,-0.55
Europa,"Hamburg",DE,53.55,9.99,8.6,1868,0.13
Europa,"Hamburg",DE,53.55,9.99,8.6,1869,-0.39
Europa,"Hamburg",DE,53.55,9.99,8.6,1870,-0.28
Europa,"Hamburg",DE,53.55,9.99,8.6,1871,-0.29
Europa,"Hamburg",DE,53.55,9.99,8.6,1872,-0.36
Europa,"Hamburg",DE,53.55,9.99,8.6,1873,-0.55
Europa,"Hamburg",DE,53.55,9.99,8.6,1874,-0.02
Europa,"Hamburg",DE,53.55,9.99,8.6,1875,-0.45
Europa,"Hamburg",DE,53.55,9.99,8.6,1876,0.39
Europa,"Hamburg",DE,53.55,9.99,8.6,1877,0.02
Europa,"Hamburg",DE,53.55,9.99,8.6,1878,0.33
Europa,"Hamburg",DE,53.55,9.99,8.6,1879,-0.55
Europa,"Hamburg",DE,53.55,9.99,8.6,1880,-0.71
Europa,"Hamburg",DE,53.55,9.99,8.6,1881,-0.88
Europa,"Hamburg",DE,53.55,9.99,8.6,1882,-0.59
Europa,"Hamburg",DE,53.55,9.99,8.6,1883,-0.67
Europa,"Hamburg",DE,53.55,9.99,8.6,1884,-0.58
Europa,"Hamburg",DE,53.55,9.99,8.6,1885,-0.75
Europa,"Hamburg",DE,53.55,9.99,8.6,1886,-0.2
Europa,"Hamburg",DE,53.55,9.99,8.6,1887,-0.34
Europa,"Hamburg",DE,53.55,9.99,8.6,1888,0.04
Europa,"Hamburg",DE,53.55,9.99,8.6,1889,-0.4
Europa,"Hamburg",DE,53.55,9.99,8.6,1890,-0.23
Europa,"Hamburg",DE,53.55,9.99,8.6,1891,-0.25
Europa,"Hamburg",DE,53.55,9.99,8.6,1892,-0.43
Europa,"Hamburg",DE,53.55,9.99,8.6,1893,-1.3
Europa,"Hamburg",DE,53.55,9.99,8.6,1894,-0.62
Europa,"Hamburg",DE,53.55,9.99,8.6,1895,0.1
Europa,"Hamburg",DE,53.55,9.99,8.6,1896,0.04
Europa,"Hamburg",DE,53.55,9.99,8.6,1897,-0.3
Europa,"Hamburg",DE,53.55,9.99,8.6,1898,-0.85
Europa,"Hamburg",DE,53.55,9.99,8.6,1899,-0.64
Europa,"Hamburg",DE,53.55,9.99,8.6,1900,-0.36
Europa,"Hamburg",DE,53.55,9.99,8.6,1901,-0.53
Europa,"Hamburg",DE,53.55,9.99,8.6,1902,-0.88
Europa,"Hamburg",DE,53.55,9.99,8.6,1903,-0.45
Europa,"Hamburg",DE,53.55,9.99,8.6,1904,-0.43
Europa,"Hamburg",DE,53.55,9.99,8.6,1905,-0.72
Europa,"Hamburg",DE,53.55,9.99,8.6,1906,-0.54
Europa,"Hamburg",DE,53.55,9.99,8.6,1907,-0.57
Europa,"Hamburg",DE,53.55,9.99,8.6,1908,-1.05
Europa,"Hamburg",DE,53.55,9.99,8.6,1909,-0.81
Europa,"Hamburg",DE,53.55,9.99,8.6,1910,-0.47
Europa,"Hamburg",DE,53.55,9.99,8.6,1911,-0.37
Europa,"Hamburg",DE,53.55,9.99,8.6,1912,-0.45
Europa,"Hamburg",DE,53.55,9.99,8.6,1913,-0.61
Europa,"Hamburg",DE,53.55,9.99,8.6,1914,-0.1
Europa,"Hamburg",DE,53.55,9.99,8.6,1915,-0.2
Europa,"Hamburg",DE,53.55,9.99,8.6,1916,-0.54
Europa,"Hamburg",DE,53.55,9.99,8.6,1917,-1.22
Europa,"Hamburg",DE,53.55,9.99,8.6,1918,-0.28
Europa,"Hamburg",DE,53.55,9.99,8.6,1919,-0.37
Europa,"Hamburg",DE,53.55,9.99,8.6,1920,-0.39
Europa,"Hamburg",DE,53.55,9.99,8.6,1921,-0.6
Europa,"Hamburg",DE,53.55,9.99,8.6,1922,0.08
Europa,"Hamburg",DE,53.55,9.99,8.6,1923,-0.02
Europa,"Hamburg",DE,53.55,9.99,8.6,1924,0.08
Europa,"Hamburg",DE,53.55,9.99,8.6,1925,0.35
Europa,"Hamburg",DE,53.55,9.99,8.6,1926,0.04
Europa,"Hamburg",DE,53.55,9.99,8.6,1927,-0.11
Europa,"Hamburg",DE,53.55,9.99,8.6,1928,0.25
Europa,"Hamburg",DE,53.55,9.99,8.6,1929,0.26
Europa,"Hamburg",DE,53.55,9.99,8.6,1930,0.06
Europa,"Hamburg",DE,53.55,9.99,8.6,1931,0.18
Europa,"Hamburg",DE,53.55,9.99,8.6,1932,-0.27
Europa,"Hamburg",DE,53.55,9.99,8.6,1933,-0.17
Europa,"Hamburg",DE,53.55,9.99,8.6,1934,-0.43
Europa,"Hamburg",DE,53.55,9.99,8.6,1935,0.59
Europa,"Hamburg",DE,53.55,9.99,8.6,1936,-0.56
Europa,"Hamburg",DE,53.55,9.99,8.6,1937,0.06
Europa,"Hamburg",DE,53.55,9.99,8.6,1938,0.58
Europa,"Hamburg",DE,53.55,9.99,8.6,1939,0.15
Europa,"Hamburg",DE,53.55,9.99,8.6,1940,0.42
Europa,"Hamburg",DE,53.55,9.99,8.6,1941,0.02
Europa,"Hamburg",DE,53.55,9.99,8.6,1942,-0.11
Europa,"Hamburg",DE,53.55,9.99,8.6,1943,0.19
Europa,"Hamburg",DE,53.55,9.99,8.6,1944,0.88
Europa,"Hamburg",DE,53.55,9.99,8.6,1945,0.21
Europa,"Hamburg",DE,53.55,9.99,8.6,1946,0.23
Europa,"Hamburg",DE,53.55,9.99,8.6,1947,0.65
Europa,"Hamburg",DE,53.55,9.99,8.6,1948,0.17
Europa,"Hamburg",DE,53.55,9.99,8.6,1949,0.04
Europa,"Hamburg",DE,53.55,9.99,8.6,1950,-0.31
Europa,"Hamburg",DE,53.55,9.99,8.6,1951,0.47
Europa,"Hamburg",DE,53.55,9.99,8.6,1952,0.51
Europa,"Hamburg",DE,53.55,9.99,8.6,1953,0.01
Europa,"Hamburg",DE,53.55,9.99,8.6,1954,0.27
Europa,"Hamburg",DE,53.55,9.99,8.6,1955,0.41
Europa,"Hamburg",DE,53.55,9.99,8.6,1956,-0.43
Europa,"Hamburg",DE,53.55,9.99,8.6,1957,-0.04
Europa,"Hamburg",DE,53.55,9.99,8.6,1958,0.43
Europa,"Hamburg",DE,53.55,9.99,8.6,1959,0.4
Europa,"Hamburg",DE,53.55,9.99,8.6,1960,0.11
Europa,"Hamburg",DE,53.55,9.99,8.6,1961,-0.11
Europa,"Hamburg",DE,53.55,9.99,8.6,1962,-0.02
Europa,"Hamburg",DE,53.55,9.99,8.6,1963,0.39
Europa,"Hamburg",DE,53.55,9.99,8.6,1964,-0.73
Europa,"Hamburg",DE,53.55,9.99,8.6,1965,-0.61
Europa,"Hamburg",DE,53.55,9.99,8.6,1966,-0.02
Europa,"Hamburg",DE,53.55,9.99,8.6,1967,-0.43
Europa,"Hamburg",DE,53.55,9.99,8.6,1968,-0.54
Europa,"Hamburg",DE,53.55,9.99,8.6,1969,-0.57
Europa,"Hamburg",DE,53.55,9.99,8.6,1970,-0.44
Europa,"Hamburg",DE,53.55,9.99,8.6,1971,-0.09
Europa,"Hamburg",DE,53.55,9.99,8.6,1972,-0.71
Europa,"Hamburg",DE,53.55,9.99,8.6,1973,0.02
Europa,"Hamburg",DE,53.55,9.99,8.6,1974,0.02
Europa,"Hamburg",DE,53.55,9.99,8.6,1975,-0.48
Europa,"Hamburg",DE,53.55,9.99,8.6,1976,-0.35
Europa,"Hamburg",DE,53.55,9.99,8.6,1977,0.66
Europa,"Hamburg",DE,53.55,9.99,8.6,1978,0.16
Europa,"Hamburg",DE,53.55,9.99,8.6,1979,0.57
Europa,"Hamburg",DE,53.55,9.99,8.6,1980,0.25
Europa,"Hamburg",DE,53.55,9.99,8.6,1981,0.86
Europa,"Hamburg",DE,53.55,9.99,8.6,1982,0.62
Europa,"Hamburg",DE,53.55,9.99,8.6,1983,0.67
Europa,"Hamburg",DE,53.55,9.99,8.6,1984,0.76
Europa,"Hamburg",DE,53.55,9.99,8.6,1985,-0.18
Europa,"Hamburg",DE,53.55,9.99,8.6,1986,-0.22
Europa,"Hamburg",DE,53.55,9.99,8.6,1987,-0.3
Europa,"Hamburg",DE,53.55,9.99,8.6,1988,0.5
Europa,"Hamburg",DE,53.55,9.99,8.6,1989,0.31
Europa,"Hamburg",DE,53.55,9.99,8.6,1990,0
Europa,"Hamburg",DE,53.55,9.99,8.6,1991,0.6
Europa,"Hamburg",DE,53.55,9.99,8.6,1992,0.08
Europa,"Hamburg",DE,53.55,9.99,8.6,1993,0.18
Europa,"Hamburg",DE,53.55,9.99,8.6,1994,0.45
Europa,"Hamburg",DE,53.55,9.99,8.6,1995,0.54
Europa,"Hamburg",DE,53.55,9.99,8.6,1996,0.63
Europa,"Hamburg",DE,53.55,9.99,8.6,1997,1.42
Europa,"Hamburg",DE,53.55,9.99,8.6,1998,1.38
Europa,"Hamburg",DE,53.55,9.99,8.6,1999,0.09
Europa,"Hamburg",DE,53.55,9.99,8.6,2000,0.53
Europa,"Hamburg",DE,53.55,9.99,8.6,2001,1.48
Europa,"Hamburg",DE,53.55,9.99,8.6,2002,0.71
Europa,"Hamburg",DE,53.55,9.99,8.6,2003,1.16
Europa,"Hamburg",DE,53.55,9.99,8.6,2004,0.78
Europa,"Hamburg",DE,53.55,9.99,8.6,2005,1.47
Europa,"Hamburg",DE,53.55,9.99,8.6,2006,1.42
Europa,"Hamburg",DE,53.55,9.99,8.6,2007,1.04
Europa,"Hamburg",DE,53.55,9.99,8.6,2008,0.84
Europa,"Hamburg",DE,53.55,9.99,8.6,2009,0.94
Europa,"Hamburg",DE,53.55,9.99,8.6,2010,1.35
Europa,"Hamburg",DE,53.55,9.99,8.6,2011,0.71
Europa,"Hamburg",DE,53.55,9.99,8.6,2012,1.02
Europa,"Hamburg",DE,53.55,9.99,8.6,2013,1.54
Europa,"Hamburg",DE,53.55,9.99,8.6,2014,1.06
Europa,"Hamburg",DE,53.55,9.99,8.6,2015,1.52
Europa,"Hamburg",DE,53.55,9.99,8.6,2016,1.76
Europa,"Hamburg",DE,53.55,9.99,8.6,2017,1.8
Europa,"Hamburg",DE,53.55,9.99,8.6,2018,1.44
Europa,"Hamburg",DE,53.55,9.99,8.6,2019,2.08
Europa,"Hamburg",DE,53.55,9.99,8.6,2020,2.04
Europa,"Hamburg",DE,53.55,9.99,8.6,2021,1.89
Europa,"Hamburg",DE,53.55,9.99,8.6,2022,1.38
Europa,"Hamburg",DE,53.55,9.99,8.6,2023,1.87
Europa,"Hamburg",DE,53.55,9.99,8.6,2024,1.79
Europa,"Hamburg",DE,53.55,9.99,8.6,2025,1.83
Europa,"Amsterdam",NL,52.37,4.9,9.3,1850,-0.45
Europa,"Amsterdam",NL,52.37,4.9,9.3,1851,0.15
Europa,"Amsterdam",NL,52.37,4.9,9.3,1852,0.11
Europa,"Amsterdam",NL,52.37,4.9,9.3,1853,0.21
Europa,"Amsterdam",NL,52.37,4.9,9.3,1854,-0.05
Europa,"Amsterdam",NL,52.37,4.9,9.3,1855,-0.3
Europa,"Amsterdam",NL,52.37,4.9,9.3,1856,0.1
Europa,"Amsterdam",NL,52.37,4.9,9.3,1857,0.06
Europa,"Amsterdam",NL,52.37,4.9,9.3,1858,-0.48
Europa,"Amsterdam",NL,52.37,4.9,9.3,1859,0.12
Europa,"Amsterdam",NL,52.37,4.9,9.3,1860,-0.79
Europa,"Amsterdam",NL,52.37,4.9,9.3,1861,-0.2
Europa,"Amsterdam",NL,52.37,4.9,9.3,1862,-0.98
Europa,"Amsterdam",NL,52.37,4.9,9.3,1863,-0.3
Europa,"Amsterdam",NL,52.37,4.9,9.3,1864,-0.64
Europa,"Amsterdam",NL,52.37,4.9,9.3,1865,-0.42
Europa,"Amsterdam",NL,52.37,4.9,9.3,1866,-0.65
Europa,"Amsterdam",NL,52.37,4.9,9.3,1867,-0.62
Europa,"Amsterdam",NL,52.37,4.9,9.3,1868,0.05
Europa,"Amsterdam",NL,52.37,4.9,9.3,1869,0.12
Europa,"Amsterdam",NL,52.37,4.9,9.3,1870,-0.01
Europa,"Amsterdam",NL,52.37,4.9,9.3,1871,-0.21
Europa,"Amsterdam",NL,52.37,4.9,9.3,1872,-0.2
Europa,"Amsterdam",NL,52.37,4.9,9.3,1873,-0.01
Europa,"Amsterdam",NL,52.37,4.9,9.3,1874,-0.11
Europa,"Amsterdam",NL,52.37,4.9,9.3,1875,-0.56
Europa,"Amsterdam",NL,52.37,4.9,9.3,1876,-1.24
Europa,"Amsterdam",NL,52.37,4.9,9.3,1877,-0.23
Europa,"Amsterdam",NL,52.37,4.9,9.3,1878,-0.3
Europa,"Amsterdam",NL,52.37,4.9,9.3,1879,0.2
Europa,"Amsterdam",NL,52.37,4.9,9.3,1880,-0.25
Europa,"Amsterdam",NL,52.37,4.9,9.3,1881,-0.31
Europa,"Amsterdam",NL,52.37,4.9,9.3,1882,-0.51
Europa,"Amsterdam",NL,52.37,4.9,9.3,1883,-0.56
Europa,"Amsterdam",NL,52.37,4.9,9.3,1884,-1.09
Europa,"Amsterdam",NL,52.37,4.9,9.3,1885,-0.59
Europa,"Amsterdam",NL,52.37,4.9,9.3,1886,-0.71
Europa,"Amsterdam",NL,52.37,4.9,9.3,1887,-1.03
Europa,"Amsterdam",NL,52.37,4.9,9.3,1888,-0.6
Europa,"Amsterdam",NL,52.37,4.9,9.3,1889,-0.55
Europa,"Amsterdam",NL,52.37,4.9,9.3,1890,-0.82
Europa,"Amsterdam",NL,52.37,4.9,9.3,1891,-0.62
Europa,"Amsterdam",NL,52.37,4.9,9.3,1892,-1.12
Europa,"Amsterdam",NL,52.37,4.9,9.3,1893,-0.61
Europa,"Amsterdam",NL,52.37,4.9,9.3,1894,-0.47
Europa,"Amsterdam",NL,52.37,4.9,9.3,1895,-0.35
Europa,"Amsterdam",NL,52.37,4.9,9.3,1896,-0.51
Europa,"Amsterdam",NL,52.37,4.9,9.3,1897,-0.66
Europa,"Amsterdam",NL,52.37,4.9,9.3,1898,-0.87
Europa,"Amsterdam",NL,52.37,4.9,9.3,1899,-0.59
Europa,"Amsterdam",NL,52.37,4.9,9.3,1900,0.09
Europa,"Amsterdam",NL,52.37,4.9,9.3,1901,-0.18
Europa,"Amsterdam",NL,52.37,4.9,9.3,1902,-0.89
Europa,"Amsterdam",NL,52.37,4.9,9.3,1903,-0.67
Europa,"Amsterdam",NL,52.37,4.9,9.3,1904,-0.99
Europa,"Amsterdam",NL,52.37,4.9,9.3,1905,-0.54
Europa,"Amsterdam",NL,52.37,4.9,9.3,1906,-0.43
Europa,"Amsterdam",NL,52.37,4.9,9.3,1907,-0.93
Europa,"Amsterdam",NL,52.37,4.9,9.3,1908,-0.38
Europa,"Amsterdam",NL,52.37,4.9,9.3,1909,-0.85
Europa,"Amsterdam",NL,52.37,4.9,9.3,1910,-0.42
Europa,"Amsterdam",NL,52.37,4.9,9.3,1911,-0.68
Europa,"Amsterdam",NL,52.37,4.9,9.3,1912,-1.02
Europa,"Amsterdam",NL,52.37,4.9,9.3,1913,-0.69
Europa,"Amsterdam",NL,52.37,4.9,9.3,1914,-0.5
Europa,"Amsterdam",NL,52.37,4.9,9.3,1915,-0.46
Europa,"Amsterdam",NL,52.37,4.9,9.3,1916,-0.59
Europa,"Amsterdam",NL,52.37,4.9,9.3,1917,-0.87
Europa,"Amsterdam",NL,52.37,4.9,9.3,1918,-0.85
Europa,"Amsterdam",NL,52.37,4.9,9.3,1919,-0.37
Europa,"Amsterdam",NL,52.37,4.9,9.3,1920,-0.28
Europa,"Amsterdam",NL,52.37,4.9,9.3,1921,-0.05
Europa,"Amsterdam",NL,52.37,4.9,9.3,1922,-0.63
Europa,"Amsterdam",NL,52.37,4.9,9.3,1923,-0.16
Europa,"Amsterdam",NL,52.37,4.9,9.3,1924,-1.18
Europa,"Amsterdam",NL,52.37,4.9,9.3,1925,-0.22
Europa,"Amsterdam",NL,52.37,4.9,9.3,1926,0
Europa,"Amsterdam",NL,52.37,4.9,9.3,1927,-0.06
Europa,"Amsterdam",NL,52.37,4.9,9.3,1928,0.01
Europa,"Amsterdam",NL,52.37,4.9,9.3,1929,-0.3
Europa,"Amsterdam",NL,52.37,4.9,9.3,1930,0.02
Europa,"Amsterdam",NL,52.37,4.9,9.3,1931,0.21
Europa,"Amsterdam",NL,52.37,4.9,9.3,1932,0.08
Europa,"Amsterdam",NL,52.37,4.9,9.3,1933,-0.02
Europa,"Amsterdam",NL,52.37,4.9,9.3,1934,0.17
Europa,"Amsterdam",NL,52.37,4.9,9.3,1935,0.15
Europa,"Amsterdam",NL,52.37,4.9,9.3,1936,0.21
Europa,"Amsterdam",NL,52.37,4.9,9.3,1937,0.1
Europa,"Amsterdam",NL,52.37,4.9,9.3,1938,0.61
Europa,"Amsterdam",NL,52.37,4.9,9.3,1939,0.02
Europa,"Amsterdam",NL,52.37,4.9,9.3,1940,-0.36
Europa,"Amsterdam",NL,52.37,4.9,9.3,1941,-0.05
Europa,"Amsterdam",NL,52.37,4.9,9.3,1942,-0.4
Europa,"Amsterdam",NL,52.37,4.9,9.3,1943,0.42
Europa,"Amsterdam",NL,52.37,4.9,9.3,1944,0.12
Europa,"Amsterdam",NL,52.37,4.9,9.3,1945,-0.18
Europa,"Amsterdam",NL,52.37,4.9,9.3,1946,0.04
Europa,"Amsterdam",NL,52.37,4.9,9.3,1947,-0.19
Europa,"Amsterdam",NL,52.37,4.9,9.3,1948,-0.06
Europa,"Amsterdam",NL,52.37,4.9,9.3,1949,-0.02
Europa,"Amsterdam",NL,52.37,4.9,9.3,1950,-0.36
Europa,"Amsterdam",NL,52.37,4.9,9.3,1951,-0.18
Europa,"Amsterdam",NL,52.37,4.9,9.3,1952,-0.56
Europa,"Amsterdam",NL,52.37,4.9,9.3,1953,0.26
Europa,"Amsterdam",NL,52.37,4.9,9.3,1954,0.08
Europa,"Amsterdam",NL,52.37,4.9,9.3,1955,-0.67
Europa,"Amsterdam",NL,52.37,4.9,9.3,1956,-0.61
Europa,"Amsterdam",NL,52.37,4.9,9.3,1957,-0.02
Europa,"Amsterdam",NL,52.37,4.9,9.3,1958,0.16
Europa,"Amsterdam",NL,52.37,4.9,9.3,1959,0.35
Europa,"Amsterdam",NL,52.37,4.9,9.3,1960,0.03
Europa,"Amsterdam",NL,52.37,4.9,9.3,1961,0
Europa,"Amsterdam",NL,52.37,4.9,9.3,1962,-0.24
Europa,"Amsterdam",NL,52.37,4.9,9.3,1963,-0.72
Europa,"Amsterdam",NL,52.37,4.9,9.3,1964,-0.62
Europa,"Amsterdam",NL,52.37,4.9,9.3,1965,-1.08
Europa,"Amsterdam",NL,52.37,4.9,9.3,1966,-0.06
Europa,"Amsterdam",NL,52.37,4.9,9.3,1967,0
Europa,"Amsterdam",NL,52.37,4.9,9.3,1968,-0.07
Europa,"Amsterdam",NL,52.37,4.9,9.3,1969,-0.33
Europa,"Amsterdam",NL,52.37,4.9,9.3,1970,-0.09
Europa,"Amsterdam",NL,52.37,4.9,9.3,1971,-0.1
Europa,"Amsterdam",NL,52.37,4.9,9.3,1972,0.19
Europa,"Amsterdam",NL,52.37,4.9,9.3,1973,0.22
Europa,"Amsterdam",NL,52.37,4.9,9.3,1974,-0.45
Europa,"Amsterdam",NL,52.37,4.9,9.3,1975,-0.71
Europa,"Amsterdam",NL,52.37,4.9,9.3,1976,-0.73
Europa,"Amsterdam",NL,52.37,4.9,9.3,1977,-0.02
Europa,"Amsterdam",NL,52.37,4.9,9.3,1978,0.17
Europa,"Amsterdam",NL,52.37,4.9,9.3,1979,0.26
Europa,"Amsterdam",NL,52.37,4.9,9.3,1980,1.29
Europa,"Amsterdam",NL,52.37,4.9,9.3,1981,0.48
Europa,"Amsterdam",NL,52.37,4.9,9.3,1982,0.25
Europa,"Amsterdam",NL,52.37,4.9,9.3,1983,0.5
Europa,"Amsterdam",NL,52.37,4.9,9.3,1984,0.35
Europa,"Amsterdam",NL,52.37,4.9,9.3,1985,-0.06
Europa,"Amsterdam",NL,52.37,4.9,9.3,1986,0.11
Europa,"Amsterdam",NL,52.37,4.9,9.3,1987,0.76
Europa,"Amsterdam",NL,52.37,4.9,9.3,1988,-0.09
Europa,"Amsterdam",NL,52.37,4.9,9.3,1989,0.07
Europa,"Amsterdam",NL,52.37,4.9,9.3,1990,0.72
Europa,"Amsterdam",NL,52.37,4.9,9.3,1991,0.8
Europa,"Amsterdam",NL,52.37,4.9,9.3,1992,0.42
Europa,"Amsterdam",NL,52.37,4.9,9.3,1993,0.69
Europa,"Amsterdam",NL,52.37,4.9,9.3,1994,0.73
Europa,"Amsterdam",NL,52.37,4.9,9.3,1995,1.26
Europa,"Amsterdam",NL,52.37,4.9,9.3,1996,0.15
Europa,"Amsterdam",NL,52.37,4.9,9.3,1997,1.16
Europa,"Amsterdam",NL,52.37,4.9,9.3,1998,1.24
Europa,"Amsterdam",NL,52.37,4.9,9.3,1999,0.89
Europa,"Amsterdam",NL,52.37,4.9,9.3,2000,1.4
Europa,"Amsterdam",NL,52.37,4.9,9.3,2001,0.95
Europa,"Amsterdam",NL,52.37,4.9,9.3,2002,1.5
Europa,"Amsterdam",NL,52.37,4.9,9.3,2003,0.62
Europa,"Amsterdam",NL,52.37,4.9,9.3,2004,0.67
Europa,"Amsterdam",NL,52.37,4.9,9.3,2005,0.98
Europa,"Amsterdam",NL,52.37,4.9,9.3,2006,1
Europa,"Amsterdam",NL,52.37,4.9,9.3,2007,1.43
Europa,"Amsterdam",NL,52.37,4.9,9.3,2008,0.7
Europa,"Amsterdam",NL,52.37,4.9,9.3,2009,0.87
Europa,"Amsterdam",NL,52.37,4.9,9.3,2010,1.2
Europa,"Amsterdam",NL,52.37,4.9,9.3,2011,0.91
Europa,"Amsterdam",NL,52.37,4.9,9.3,2012,0.65
Europa,"Amsterdam",NL,52.37,4.9,9.3,2013,0.68
Europa,"Amsterdam",NL,52.37,4.9,9.3,2014,1.46
Europa,"Amsterdam",NL,52.37,4.9,9.3,2015,1.72
Europa,"Amsterdam",NL,52.37,4.9,9.3,2016,1.94
Europa,"Amsterdam",NL,52.37,4.9,9.3,2017,1.48
Europa,"Amsterdam",NL,52.37,4.9,9.3,2018,1.38
Europa,"Amsterdam",NL,52.37,4.9,9.3,2019,1.84
Europa,"Amsterdam",NL,52.37,4.9,9.3,2020,2.16
Europa,"Amsterdam",NL,52.37,4.9,9.3,2021,1.19
Europa,"Amsterdam",NL,52.37,4.9,9.3,2022,1.43
Europa,"Amsterdam",NL,52.37,4.9,9.3,2023,1.88
Europa,"Amsterdam",NL,52.37,4.9,9.3,2024,2.14
Europa,"Amsterdam",NL,52.37,4.9,9.3,2025,1.75
Europa,"Berlin",DE,52.52,13.4,9,1850,-0.4
Europa,"Berlin",DE,52.52,13.4,9,1851,-1.15
Europa,"Berlin",DE,52.52,13.4,9,1852,-1.29
Europa,"Berlin",DE,52.52,13.4,9,1853,-0.72
Europa,"Berlin",DE,52.52,13.4,9,1854,-0.49
Europa,"Berlin",DE,52.52,13.4,9,1855,-0.6
Europa,"Berlin",DE,52.52,13.4,9,1856,-1.24
Europa,"Berlin",DE,52.52,13.4,9,1857,-1.01
Europa,"Berlin",DE,52.52,13.4,9,1858,-0.94
Europa,"Berlin",DE,52.52,13.4,9,1859,-0.71
Europa,"Berlin",DE,52.52,13.4,9,1860,-0.23
Europa,"Berlin",DE,52.52,13.4,9,1861,-0.34
Europa,"Berlin",DE,52.52,13.4,9,1862,-1.25
Europa,"Berlin",DE,52.52,13.4,9,1863,-0.5
Europa,"Berlin",DE,52.52,13.4,9,1864,-0.47
Europa,"Berlin",DE,52.52,13.4,9,1865,-0.35
Europa,"Berlin",DE,52.52,13.4,9,1866,-0.7
Europa,"Berlin",DE,52.52,13.4,9,1867,-0.52
Europa,"Berlin",DE,52.52,13.4,9,1868,-0.45
Europa,"Berlin",DE,52.52,13.4,9,1869,-0.31
Europa,"Berlin",DE,52.52,13.4,9,1870,-0.74
Europa,"Berlin",DE,52.52,13.4,9,1871,-0.8
Europa,"Berlin",DE,52.52,13.4,9,1872,-0.69
Europa,"Berlin",DE,52.52,13.4,9,1873,-0.91
Europa,"Berlin",DE,52.52,13.4,9,1874,-0.67
Europa,"Berlin",DE,52.52,13.4,9,1875,-0.72
Europa,"Berlin",DE,52.52,13.4,9,1876,-0.88
Europa,"Berlin",DE,52.52,13.4,9,1877,-0.32
Europa,"Berlin",DE,52.52,13.4,9,1878,-0.04
Europa,"Berlin",DE,52.52,13.4,9,1879,-0.51
Europa,"Berlin",DE,52.52,13.4,9,1880,-0.46
Europa,"Berlin",DE,52.52,13.4,9,1881,-0.36
Europa,"Berlin",DE,52.52,13.4,9,1882,-0.38
Europa,"Berlin",DE,52.52,13.4,9,1883,-0.16
Europa,"Berlin",DE,52.52,13.4,9,1884,-1.62
Europa,"Berlin",DE,52.52,13.4,9,1885,-1.03
Europa,"Berlin",DE,52.52,13.4,9,1886,-1.08
Europa,"Berlin",DE,52.52,13.4,9,1887,-0.85
Europa,"Berlin",DE,52.52,13.4,9,1888,-0.92
Europa,"Berlin",DE,52.52,13.4,9,1889,-0.63
Europa,"Berlin",DE,52.52,13.4,9,1890,-1.22
Europa,"Berlin",DE,52.52,13.4,9,1891,-1.46
Europa,"Berlin",DE,52.52,13.4,9,1892,-1.12
Europa,"Berlin",DE,52.52,13.4,9,1893,-1.31
Europa,"Berlin",DE,52.52,13.4,9,1894,-1.27
Europa,"Berlin",DE,52.52,13.4,9,1895,-1
Europa,"Berlin",DE,52.52,13.4,9,1896,-0.27
Europa,"Berlin",DE,52.52,13.4,9,1897,-0.32
Europa,"Berlin",DE,52.52,13.4,9,1898,-0.38
Europa,"Berlin",DE,52.52,13.4,9,1899,-0.67
Europa,"Berlin",DE,52.52,13.4,9,1900,-0.06
Europa,"Berlin",DE,52.52,13.4,9,1901,-0.38
Europa,"Berlin",DE,52.52,13.4,9,1902,-1.09
Europa,"Berlin",DE,52.52,13.4,9,1903,-1.36
Europa,"Berlin",DE,52.52,13.4,9,1904,-1.03
Europa,"Berlin",DE,52.52,13.4,9,1905,-0.91
Europa,"Berlin",DE,52.52,13.4,9,1906,-0.46
Europa,"Berlin",DE,52.52,13.4,9,1907,-1.31
Europa,"Berlin",DE,52.52,13.4,9,1908,-0.84
Europa,"Berlin",DE,52.52,13.4,9,1909,-0.84
Europa,"Berlin",DE,52.52,13.4,9,1910,-0.57
Europa,"Berlin",DE,52.52,13.4,9,1911,-0.07
Europa,"Berlin",DE,52.52,13.4,9,1912,-0.92
Europa,"Berlin",DE,52.52,13.4,9,1913,-0.79
Europa,"Berlin",DE,52.52,13.4,9,1914,-0.66
Europa,"Berlin",DE,52.52,13.4,9,1915,-0.16
Europa,"Berlin",DE,52.52,13.4,9,1916,-0.95
Europa,"Berlin",DE,52.52,13.4,9,1917,-0.72
Europa,"Berlin",DE,52.52,13.4,9,1918,-0.61
Europa,"Berlin",DE,52.52,13.4,9,1919,-0.18
Europa,"Berlin",DE,52.52,13.4,9,1920,-0.75
Europa,"Berlin",DE,52.52,13.4,9,1921,-0.7
Europa,"Berlin",DE,52.52,13.4,9,1922,-0.73
Europa,"Berlin",DE,52.52,13.4,9,1923,-0.28
Europa,"Berlin",DE,52.52,13.4,9,1924,0.1
Europa,"Berlin",DE,52.52,13.4,9,1925,-0.34
Europa,"Berlin",DE,52.52,13.4,9,1926,-0.59
Europa,"Berlin",DE,52.52,13.4,9,1927,-0.66
Europa,"Berlin",DE,52.52,13.4,9,1928,0.39
Europa,"Berlin",DE,52.52,13.4,9,1929,-0.16
Europa,"Berlin",DE,52.52,13.4,9,1930,-0.29
Europa,"Berlin",DE,52.52,13.4,9,1931,-0.07
Europa,"Berlin",DE,52.52,13.4,9,1932,0.19
Europa,"Berlin",DE,52.52,13.4,9,1933,-0.97
Europa,"Berlin",DE,52.52,13.4,9,1934,-0.48
Europa,"Berlin",DE,52.52,13.4,9,1935,-0.21
Europa,"Berlin",DE,52.52,13.4,9,1936,0.3
Europa,"Berlin",DE,52.52,13.4,9,1937,0.06
Europa,"Berlin",DE,52.52,13.4,9,1938,0.03
Europa,"Berlin",DE,52.52,13.4,9,1939,0.13
Europa,"Berlin",DE,52.52,13.4,9,1940,0.28
Europa,"Berlin",DE,52.52,13.4,9,1941,0.31
Europa,"Berlin",DE,52.52,13.4,9,1942,0.54
Europa,"Berlin",DE,52.52,13.4,9,1943,0.22
Europa,"Berlin",DE,52.52,13.4,9,1944,0.15
Europa,"Berlin",DE,52.52,13.4,9,1945,0.08
Europa,"Berlin",DE,52.52,13.4,9,1946,-0.72
Europa,"Berlin",DE,52.52,13.4,9,1947,0.37
Europa,"Berlin",DE,52.52,13.4,9,1948,-0.14
Europa,"Berlin",DE,52.52,13.4,9,1949,-0.36
Europa,"Berlin",DE,52.52,13.4,9,1950,-0.44
Europa,"Berlin",DE,52.52,13.4,9,1951,0.35
Europa,"Berlin",DE,52.52,13.4,9,1952,-0.65
Europa,"Berlin",DE,52.52,13.4,9,1953,0.32
Europa,"Berlin",DE,52.52,13.4,9,1954,-0.31
Europa,"Berlin",DE,52.52,13.4,9,1955,-0.99
Europa,"Berlin",DE,52.52,13.4,9,1956,-0.55
Europa,"Berlin",DE,52.52,13.4,9,1957,-0.09
Europa,"Berlin",DE,52.52,13.4,9,1958,-0.13
Europa,"Berlin",DE,52.52,13.4,9,1959,-0.16
Europa,"Berlin",DE,52.52,13.4,9,1960,-0.26
Europa,"Berlin",DE,52.52,13.4,9,1961,-0.44
Europa,"Berlin",DE,52.52,13.4,9,1962,0.14
Europa,"Berlin",DE,52.52,13.4,9,1963,0.16
Europa,"Berlin",DE,52.52,13.4,9,1964,0.53
Europa,"Berlin",DE,52.52,13.4,9,1965,0
Europa,"Berlin",DE,52.52,13.4,9,1966,0.06
Europa,"Berlin",DE,52.52,13.4,9,1967,-0.17
Europa,"Berlin",DE,52.52,13.4,9,1968,0.01
Europa,"Berlin",DE,52.52,13.4,9,1969,0.27
Europa,"Berlin",DE,52.52,13.4,9,1970,0.38
Europa,"Berlin",DE,52.52,13.4,9,1971,-0.48
Europa,"Berlin",DE,52.52,13.4,9,1972,-0.43
Europa,"Berlin",DE,52.52,13.4,9,1973,-0.56
Europa,"Berlin",DE,52.52,13.4,9,1974,-0.45
Europa,"Berlin",DE,52.52,13.4,9,1975,-0.4
Europa,"Berlin",DE,52.52,13.4,9,1976,-0.15
Europa,"Berlin",DE,52.52,13.4,9,1977,-0.22
Europa,"Berlin",DE,52.52,13.4,9,1978,-0.15
Europa,"Berlin",DE,52.52,13.4,9,1979,0.37
Europa,"Berlin",DE,52.52,13.4,9,1980,0.14
Europa,"Berlin",DE,52.52,13.4,9,1981,0.53
Europa,"Berlin",DE,52.52,13.4,9,1982,-0.37
Europa,"Berlin",DE,52.52,13.4,9,1983,0.32
Europa,"Berlin",DE,52.52,13.4,9,1984,0.08
Europa,"Berlin",DE,52.52,13.4,9,1985,-0.08
Europa,"Berlin",DE,52.52,13.4,9,1986,-0.03
Europa,"Berlin",DE,52.52,13.4,9,1987,0.14
Europa,"Berlin",DE,52.52,13.4,9,1988,0.78
Europa,"Berlin",DE,52.52,13.4,9,1989,-0.06
Europa,"Berlin",DE,52.52,13.4,9,1990,0.06
Europa,"Berlin",DE,52.52,13.4,9,1991,0.71
Europa,"Berlin",DE,52.52,13.4,9,1992,0.22
Europa,"Berlin",DE,52.52,13.4,9,1993,-0.19
Europa,"Berlin",DE,52.52,13.4,9,1994,0.62
Europa,"Berlin",DE,52.52,13.4,9,1995,0.28
Europa,"Berlin",DE,52.52,13.4,9,1996,0.4
Europa,"Berlin",DE,52.52,13.4,9,1997,0.95
Europa,"Berlin",DE,52.52,13.4,9,1998,0.65
Europa,"Berlin",DE,52.52,13.4,9,1999,0.82
Europa,"Berlin",DE,52.52,13.4,9,2000,1.05
Europa,"Berlin",DE,52.52,13.4,9,2001,1.26
Europa,"Berlin",DE,52.52,13.4,9,2002,1.24
Europa,"Berlin",DE,52.52,13.4,9,2003,1.11
Europa,"Berlin",DE,52.52,13.4,9,2004,1.05
Europa,"Berlin",DE,52.52,13.4,9,2005,1.83
Europa,"Berlin",DE,52.52,13.4,9,2006,1.3
Europa,"Berlin",DE,52.52,13.4,9,2007,1.13
Europa,"Berlin",DE,52.52,13.4,9,2008,0.8
Europa,"Berlin",DE,52.52,13.4,9,2009,0.88
Europa,"Berlin",DE,52.52,13.4,9,2010,0.99
Europa,"Berlin",DE,52.52,13.4,9,2011,0.94
Europa,"Berlin",DE,52.52,13.4,9,2012,0.73
Europa,"Berlin",DE,52.52,13.4,9,2013,0.74
Europa,"Berlin",DE,52.52,13.4,9,2014,1.05
Europa,"Berlin",DE,52.52,13.4,9,2015,2.23
Europa,"Berlin",DE,52.52,13.4,9,2016,1.45
Europa,"Berlin",DE,52.52,13.4,9,2017,1.62
Europa,"Berlin",DE,52.52,13.4,9,2018,0.91
Europa,"Berlin",DE,52.52,13.4,9,2019,1.75
Europa,"Berlin",DE,52.52,13.4,9,2020,1.21
Europa,"Berlin",DE,52.52,13.4,9,2021,1.14
Europa,"Berlin",DE,52.52,13.4,9,2022,1.22
Europa,"Berlin",DE,52.52,13.4,9,2023,1.87
Europa,"Berlin",DE,52.52,13.4,9,2024,1.78
Europa,"Berlin",DE,52.52,13.4,9,2025,2.01
Europa,"Warschau",PL,52.23,21.01,7.8,1850,-0.64
Europa,"Warschau",PL,52.23,21.01,7.8,1851,0.06
Europa,"Warschau",PL,52.23,21.01,7.8,1852,-0.63
Europa,"Warschau",PL,52.23,21.01,7.8,1853,-0.24
Europa,"Warschau",PL,52.23,21.01,7.8,1854,-0.15
Europa,"Warschau",PL,52.23,21.01,7.8,1855,-0.36
Europa,"Warschau",PL,52.23,21.01,7.8,1856,-0.73
Europa,"Warschau",PL,52.23,21.01,7.8,1857,-1.01
Europa,"Warschau",PL,52.23,21.01,7.8,1858,-1.05
Europa,"Warschau",PL,52.23,21.01,7.8,1859,-0.54
Europa,"Warschau",PL,52.23,21.01,7.8,1860,-0.5
Europa,"Warschau",PL,52.23,21.01,7.8,1861,-0.69
Europa,"Warschau",PL,52.23,21.01,7.8,1862,-1.05
Europa,"Warschau",PL,52.23,21.01,7.8,1863,-0.31
Europa,"Warschau",PL,52.23,21.01,7.8,1864,-0.08
Europa,"Warschau",PL,52.23,21.01,7.8,1865,-0.7
Europa,"Warschau",PL,52.23,21.01,7.8,1866,-0.8
Europa,"Warschau",PL,52.23,21.01,7.8,1867,-0.07
Europa,"Warschau",PL,52.23,21.01,7.8,1868,-0.1
Europa,"Warschau",PL,52.23,21.01,7.8,1869,-0.92
Europa,"Warschau",PL,52.23,21.01,7.8,1870,-0.6
Europa,"Warschau",PL,52.23,21.01,7.8,1871,-0.33
Europa,"Warschau",PL,52.23,21.01,7.8,1872,-0.79
Europa,"Warschau",PL,52.23,21.01,7.8,1873,-0.25
Europa,"Warschau",PL,52.23,21.01,7.8,1874,0.23
Europa,"Warschau",PL,52.23,21.01,7.8,1875,-0.19
Europa,"Warschau",PL,52.23,21.01,7.8,1876,-0.2
Europa,"Warschau",PL,52.23,21.01,7.8,1877,-0.91
Europa,"Warschau",PL,52.23,21.01,7.8,1878,0.8
Europa,"Warschau",PL,52.23,21.01,7.8,1879,-0.42
Europa,"Warschau",PL,52.23,21.01,7.8,1880,-0.02
Europa,"Warschau",PL,52.23,21.01,7.8,1881,-0.63
Europa,"Warschau",PL,52.23,21.01,7.8,1882,-1.2
Europa,"Warschau",PL,52.23,21.01,7.8,1883,-0.78
Europa,"Warschau",PL,52.23,21.01,7.8,1884,-1.22
Europa,"Warschau",PL,52.23,21.01,7.8,1885,-0.64
Europa,"Warschau",PL,52.23,21.01,7.8,1886,-0.3
Europa,"Warschau",PL,52.23,21.01,7.8,1887,-0.74
Europa,"Warschau",PL,52.23,21.01,7.8,1888,-0.84
Europa,"Warschau",PL,52.23,21.01,7.8,1889,-0.4
Europa,"Warschau",PL,52.23,21.01,7.8,1890,-0.67
Europa,"Warschau",PL,52.23,21.01,7.8,1891,-0.61
Europa,"Warschau",PL,52.23,21.01,7.8,1892,-0.7
Europa,"Warschau",PL,52.23,21.01,7.8,1893,-0.72
Europa,"Warschau",PL,52.23,21.01,7.8,1894,-0.43
Europa,"Warschau",PL,52.23,21.01,7.8,1895,-0.53
Europa,"Warschau",PL,52.23,21.01,7.8,1896,-0.14
Europa,"Warschau",PL,52.23,21.01,7.8,1897,-0.76
Europa,"Warschau",PL,52.23,21.01,7.8,1898,-0.3
Europa,"Warschau",PL,52.23,21.01,7.8,1899,-0.51
Europa,"Warschau",PL,52.23,21.01,7.8,1900,-0.83
Europa,"Warschau",PL,52.23,21.01,7.8,1901,-0.16
Europa,"Warschau",PL,52.23,21.01,7.8,1902,-0.98
Europa,"Warschau",PL,52.23,21.01,7.8,1903,-0.86
Europa,"Warschau",PL,52.23,21.01,7.8,1904,-0.83
Europa,"Warschau",PL,52.23,21.01,7.8,1905,-0.2
Europa,"Warschau",PL,52.23,21.01,7.8,1906,-0.24
Europa,"Warschau",PL,52.23,21.01,7.8,1907,-1.23
Europa,"Warschau",PL,52.23,21.01,7.8,1908,-0.73
Europa,"Warschau",PL,52.23,21.01,7.8,1909,-0.8
Europa,"Warschau",PL,52.23,21.01,7.8,1910,-0.6
Europa,"Warschau",PL,52.23,21.01,7.8,1911,-1.29
Europa,"Warschau",PL,52.23,21.01,7.8,1912,-0.85
Europa,"Warschau",PL,52.23,21.01,7.8,1913,-0.32
Europa,"Warschau",PL,52.23,21.01,7.8,1914,-0.24
Europa,"Warschau",PL,52.23,21.01,7.8,1915,-0.77
Europa,"Warschau",PL,52.23,21.01,7.8,1916,-0.84
Europa,"Warschau",PL,52.23,21.01,7.8,1917,-1.07
Europa,"Warschau",PL,52.23,21.01,7.8,1918,-0.49
Europa,"Warschau",PL,52.23,21.01,7.8,1919,-0.08
Europa,"Warschau",PL,52.23,21.01,7.8,1920,-1.19
Europa,"Warschau",PL,52.23,21.01,7.8,1921,-0.29
Europa,"Warschau",PL,52.23,21.01,7.8,1922,-0.26
Europa,"Warschau",PL,52.23,21.01,7.8,1923,-0.66
Europa,"Warschau",PL,52.23,21.01,7.8,1924,-0.97
Europa,"Warschau",PL,52.23,21.01,7.8,1925,-0.57
Europa,"Warschau",PL,52.23,21.01,7.8,1926,0.63
Europa,"Warschau",PL,52.23,21.01,7.8,1927,-0.08
Europa,"Warschau",PL,52.23,21.01,7.8,1928,-0.64
Europa,"Warschau",PL,52.23,21.01,7.8,1929,-1.14
Europa,"Warschau",PL,52.23,21.01,7.8,1930,0.42
Europa,"Warschau",PL,52.23,21.01,7.8,1931,-0.07
Europa,"Warschau",PL,52.23,21.01,7.8,1932,-0.87
Europa,"Warschau",PL,52.23,21.01,7.8,1933,-0.5
Europa,"Warschau",PL,52.23,21.01,7.8,1934,-0.13
Europa,"Warschau",PL,52.23,21.01,7.8,1935,-0.31
Europa,"Warschau",PL,52.23,21.01,7.8,1936,-0.23
Europa,"Warschau",PL,52.23,21.01,7.8,1937,-0.11
Europa,"Warschau",PL,52.23,21.01,7.8,1938,0.21
Europa,"Warschau",PL,52.23,21.01,7.8,1939,0.23
Europa,"Warschau",PL,52.23,21.01,7.8,1940,0.83
Europa,"Warschau",PL,52.23,21.01,7.8,1941,0.05
Europa,"Warschau",PL,52.23,21.01,7.8,1942,-0.36
Europa,"Warschau",PL,52.23,21.01,7.8,1943,0.06
Europa,"Warschau",PL,52.23,21.01,7.8,1944,0.39
Europa,"Warschau",PL,52.23,21.01,7.8,1945,0.24
Europa,"Warschau",PL,52.23,21.01,7.8,1946,-0.35
Europa,"Warschau",PL,52.23,21.01,7.8,1947,0.11
Europa,"Warschau",PL,52.23,21.01,7.8,1948,0.47
Europa,"Warschau",PL,52.23,21.01,7.8,1949,-0.12
Europa,"Warschau",PL,52.23,21.01,7.8,1950,-0.3
Europa,"Warschau",PL,52.23,21.01,7.8,1951,0.68
Europa,"Warschau",PL,52.23,21.01,7.8,1952,-0.42
Europa,"Warschau",PL,52.23,21.01,7.8,1953,-0.53
Europa,"Warschau",PL,52.23,21.01,7.8,1954,-0.03
Europa,"Warschau",PL,52.23,21.01,7.8,1955,-0.17
Europa,"Warschau",PL,52.23,21.01,7.8,1956,-0.71
Europa,"Warschau",PL,52.23,21.01,7.8,1957,0
Europa,"Warschau",PL,52.23,21.01,7.8,1958,0.5
Europa,"Warschau",PL,52.23,21.01,7.8,1959,-0.66
Europa,"Warschau",PL,52.23,21.01,7.8,1960,-0.56
Europa,"Warschau",PL,52.23,21.01,7.8,1961,-0.02
Europa,"Warschau",PL,52.23,21.01,7.8,1962,0.41
Europa,"Warschau",PL,52.23,21.01,7.8,1963,-0.08
Europa,"Warschau",PL,52.23,21.01,7.8,1964,-0.3
Europa,"Warschau",PL,52.23,21.01,7.8,1965,-0.37
Europa,"Warschau",PL,52.23,21.01,7.8,1966,-0.26
Europa,"Warschau",PL,52.23,21.01,7.8,1967,0.28
Europa,"Warschau",PL,52.23,21.01,7.8,1968,-0.13
Europa,"Warschau",PL,52.23,21.01,7.8,1969,0.15
Europa,"Warschau",PL,52.23,21.01,7.8,1970,0.02
Europa,"Warschau",PL,52.23,21.01,7.8,1971,0.15
Europa,"Warschau",PL,52.23,21.01,7.8,1972,-0.35
Europa,"Warschau",PL,52.23,21.01,7.8,1973,0.1
Europa,"Warschau",PL,52.23,21.01,7.8,1974,-0.78
Europa,"Warschau",PL,52.23,21.01,7.8,1975,0.55
Europa,"Warschau",PL,52.23,21.01,7.8,1976,-0.08
Europa,"Warschau",PL,52.23,21.01,7.8,1977,-0.09
Europa,"Warschau",PL,52.23,21.01,7.8,1978,-0.04
Europa,"Warschau",PL,52.23,21.01,7.8,1979,0.39
Europa,"Warschau",PL,52.23,21.01,7.8,1980,0.1
Europa,"Warschau",PL,52.23,21.01,7.8,1981,0.15
Europa,"Warschau",PL,52.23,21.01,7.8,1982,-0.38
Europa,"Warschau",PL,52.23,21.01,7.8,1983,0
Europa,"Warschau",PL,52.23,21.01,7.8,1984,0.01
Europa,"Warschau",PL,52.23,21.01,7.8,1985,-0.05
Europa,"Warschau",PL,52.23,21.01,7.8,1986,-0.45
Europa,"Warschau",PL,52.23,21.01,7.8,1987,-0.26
Europa,"Warschau",PL,52.23,21.01,7.8,1988,0.3
Europa,"Warschau",PL,52.23,21.01,7.8,1989,0.3
Europa,"Warschau",PL,52.23,21.01,7.8,1990,0.71
Europa,"Warschau",PL,52.23,21.01,7.8,1991,0.5
Europa,"Warschau",PL,52.23,21.01,7.8,1992,0.19
Europa,"Warschau",PL,52.23,21.01,7.8,1993,0.11
Europa,"Warschau",PL,52.23,21.01,7.8,1994,-0.06
Europa,"Warschau",PL,52.23,21.01,7.8,1995,1.15
Europa,"Warschau",PL,52.23,21.01,7.8,1996,0.51
Europa,"Warschau",PL,52.23,21.01,7.8,1997,0.54
Europa,"Warschau",PL,52.23,21.01,7.8,1998,0.89
Europa,"Warschau",PL,52.23,21.01,7.8,1999,0.49
Europa,"Warschau",PL,52.23,21.01,7.8,2000,0.24
Europa,"Warschau",PL,52.23,21.01,7.8,2001,0.99
Europa,"Warschau",PL,52.23,21.01,7.8,2002,1.4
Europa,"Warschau",PL,52.23,21.01,7.8,2003,1.09
Europa,"Warschau",PL,52.23,21.01,7.8,2004,1.42
Europa,"Warschau",PL,52.23,21.01,7.8,2005,1.47
Europa,"Warschau",PL,52.23,21.01,7.8,2006,1.8
Europa,"Warschau",PL,52.23,21.01,7.8,2007,1.4
Europa,"Warschau",PL,52.23,21.01,7.8,2008,0.78
Europa,"Warschau",PL,52.23,21.01,7.8,2009,0.76
Europa,"Warschau",PL,52.23,21.01,7.8,2010,1.07
Europa,"Warschau",PL,52.23,21.01,7.8,2011,0.63
Europa,"Warschau",PL,52.23,21.01,7.8,2012,0.58
Europa,"Warschau",PL,52.23,21.01,7.8,2013,1.07
Europa,"Warschau",PL,52.23,21.01,7.8,2014,1.4
Europa,"Warschau",PL,52.23,21.01,7.8,2015,2.05
Europa,"Warschau",PL,52.23,21.01,7.8,2016,2.01
Europa,"Warschau",PL,52.23,21.01,7.8,2017,1.4
Europa,"Warschau",PL,52.23,21.01,7.8,2018,1.66
Europa,"Warschau",PL,52.23,21.01,7.8,2019,1.27
Europa,"Warschau",PL,52.23,21.01,7.8,2020,2.11
Europa,"Warschau",PL,52.23,21.01,7.8,2021,2.1
Europa,"Warschau",PL,52.23,21.01,7.8,2022,2.7
Europa,"Warschau",PL,52.23,21.01,7.8,2023,2.67
Europa,"Warschau",PL,52.23,21.01,7.8,2024,2.29
Europa,"Warschau",PL,52.23,21.01,7.8,2025,2.22
Europa,"London",GB,51.51,-0.13,10.5,1850,-0.84
Europa,"London",GB,51.51,-0.13,10.5,1851,-0.51
Europa,"London",GB,51.51,-0.13,10.5,1852,-0.54
Europa,"London",GB,51.51,-0.13,10.5,1853,-0.24
Europa,"London",GB,51.51,-0.13,10.5,1854,-0.17
Europa,"London",GB,51.51,-0.13,10.5,1855,-0.43
Europa,"London",GB,51.51,-0.13,10.5,1856,-0.53
Europa,"London",GB,51.51,-0.13,10.5,1857,-0.61
Europa,"London",GB,51.51,-0.13,10.5,1858,0.03
Europa,"London",GB,51.51,-0.13,10.5,1859,0.33
Europa,"London",GB,51.51,-0.13,10.5,1860,-0.27
Europa,"London",GB,51.51,-0.13,10.5,1861,-0.55
Europa,"London",GB,51.51,-0.13,10.5,1862,-1
Europa,"London",GB,51.51,-0.13,10.5,1863,0.18
Europa,"London",GB,51.51,-0.13,10.5,1864,-0.2
Europa,"London",GB,51.51,-0.13,10.5,1865,0.17
Europa,"London",GB,51.51,-0.13,10.5,1866,-0.41
Europa,"London",GB,51.51,-0.13,10.5,1867,-0.74
Europa,"London",GB,51.51,-0.13,10.5,1868,-0.5
Europa,"London",GB,51.51,-0.13,10.5,1869,0.01
Europa,"London",GB,51.51,-0.13,10.5,1870,0.07
Europa,"London",GB,51.51,-0.13,10.5,1871,-0.57
Europa,"London",GB,51.51,-0.13,10.5,1872,-0.68
Europa,"London",GB,51.51,-0.13,10.5,1873,-0.62
Europa,"London",GB,51.51,-0.13,10.5,1874,-0.65
Europa,"London",GB,51.51,-0.13,10.5,1875,-1.12
Europa,"London",GB,51.51,-0.13,10.5,1876,-0.93
Europa,"London",GB,51.51,-0.13,10.5,1877,-0.16
Europa,"London",GB,51.51,-0.13,10.5,1878,0.03
Europa,"London",GB,51.51,-0.13,10.5,1879,-0.28
Europa,"London",GB,51.51,-0.13,10.5,1880,-0.94
Europa,"London",GB,51.51,-0.13,10.5,1881,-0.65
Europa,"London",GB,51.51,-0.13,10.5,1882,-0.95
Europa,"London",GB,51.51,-0.13,10.5,1883,-0.52
Europa,"London",GB,51.51,-0.13,10.5,1884,-0.88
Europa,"London",GB,51.51,-0.13,10.5,1885,-0.24
Europa,"London",GB,51.51,-0.13,10.5,1886,-1.11
Europa,"London",GB,51.51,-0.13,10.5,1887,-0.56
Europa,"London",GB,51.51,-0.13,10.5,1888,-0.06
Europa,"London",GB,51.51,-0.13,10.5,1889,0.12
Europa,"London",GB,51.51,-0.13,10.5,1890,-0.71
Europa,"London",GB,51.51,-0.13,10.5,1891,-0.77
Europa,"London",GB,51.51,-0.13,10.5,1892,-0.79
Europa,"London",GB,51.51,-0.13,10.5,1893,-0.72
Europa,"London",GB,51.51,-0.13,10.5,1894,-0.61
Europa,"London",GB,51.51,-0.13,10.5,1895,-0.56
Europa,"London",GB,51.51,-0.13,10.5,1896,-0.67
Europa,"London",GB,51.51,-0.13,10.5,1897,-0.61
Europa,"London",GB,51.51,-0.13,10.5,1898,-0.16
Europa,"London",GB,51.51,-0.13,10.5,1899,-0.57
Europa,"London",GB,51.51,-0.13,10.5,1900,0.04
Europa,"London",GB,51.51,-0.13,10.5,1901,-0.21
Europa,"London",GB,51.51,-0.13,10.5,1902,-0.97
Europa,"London",GB,51.51,-0.13,10.5,1903,-1.01
Europa,"London",GB,51.51,-0.13,10.5,1904,-0.74
Europa,"London",GB,51.51,-0.13,10.5,1905,-0.17
Europa,"London",GB,51.51,-0.13,10.5,1906,-0.4
Europa,"London",GB,51.51,-0.13,10.5,1907,-0.8
Europa,"London",GB,51.51,-0.13,10.5,1908,-0.27
Europa,"London",GB,51.51,-0.13,10.5,1909,-0.38
Europa,"London",GB,51.51,-0.13,10.5,1910,-1.01
Europa,"London",GB,51.51,-0.13,10.5,1911,-0.62
Europa,"London",GB,51.51,-0.13,10.5,1912,-0.37
Europa,"London",GB,51.51,-0.13,10.5,1913,-0.52
Europa,"London",GB,51.51,-0.13,10.5,1914,-0.37
Europa,"London",GB,51.51,-0.13,10.5,1915,-0.21
Europa,"London",GB,51.51,-0.13,10.5,1916,-0.5
Europa,"London",GB,51.51,-0.13,10.5,1917,-0.86
Europa,"London",GB,51.51,-0.13,10.5,1918,-0.54
Europa,"London",GB,51.51,-0.13,10.5,1919,-0.74
Europa,"London",GB,51.51,-0.13,10.5,1920,-0.54
Europa,"London",GB,51.51,-0.13,10.5,1921,0.18
Europa,"London",GB,51.51,-0.13,10.5,1922,-0.39
Europa,"London",GB,51.51,-0.13,10.5,1923,-0.05
Europa,"London",GB,51.51,-0.13,10.5,1924,0.06
Europa,"London",GB,51.51,-0.13,10.5,1925,0.05
Europa,"London",GB,51.51,-0.13,10.5,1926,0.06
Europa,"London",GB,51.51,-0.13,10.5,1927,0.07
Europa,"London",GB,51.51,-0.13,10.5,1928,-0.46
Europa,"London",GB,51.51,-0.13,10.5,1929,-1.05
Europa,"London",GB,51.51,-0.13,10.5,1930,0.05
Europa,"London",GB,51.51,-0.13,10.5,1931,0.2
Europa,"London",GB,51.51,-0.13,10.5,1932,-0.36
Europa,"London",GB,51.51,-0.13,10.5,1933,-0.33
Europa,"London",GB,51.51,-0.13,10.5,1934,-0.28
Europa,"London",GB,51.51,-0.13,10.5,1935,0.1
Europa,"London",GB,51.51,-0.13,10.5,1936,-0.08
Europa,"London",GB,51.51,-0.13,10.5,1937,-0.19
Europa,"London",GB,51.51,-0.13,10.5,1938,-0.07
Europa,"London",GB,51.51,-0.13,10.5,1939,-0.08
Europa,"London",GB,51.51,-0.13,10.5,1940,0.1
Europa,"London",GB,51.51,-0.13,10.5,1941,-0.16
Europa,"London",GB,51.51,-0.13,10.5,1942,0.32
Europa,"London",GB,51.51,-0.13,10.5,1943,0.5
Europa,"London",GB,51.51,-0.13,10.5,1944,0.68
Europa,"London",GB,51.51,-0.13,10.5,1945,0.6
Europa,"London",GB,51.51,-0.13,10.5,1946,0.27
Europa,"London",GB,51.51,-0.13,10.5,1947,0.09
Europa,"London",GB,51.51,-0.13,10.5,1948,0.06
Europa,"London",GB,51.51,-0.13,10.5,1949,0.14
Europa,"London",GB,51.51,-0.13,10.5,1950,-0.09
Europa,"London",GB,51.51,-0.13,10.5,1951,-0.25
Europa,"London",GB,51.51,-0.13,10.5,1952,-0.01
Europa,"London",GB,51.51,-0.13,10.5,1953,0.49
Europa,"London",GB,51.51,-0.13,10.5,1954,-0.21
Europa,"London",GB,51.51,-0.13,10.5,1955,-0.28
Europa,"London",GB,51.51,-0.13,10.5,1956,-0.55
Europa,"London",GB,51.51,-0.13,10.5,1957,-0.3
Europa,"London",GB,51.51,-0.13,10.5,1958,-0.09
Europa,"London",GB,51.51,-0.13,10.5,1959,-0.19
Europa,"London",GB,51.51,-0.13,10.5,1960,-0.13
Europa,"London",GB,51.51,-0.13,10.5,1961,0.3
Europa,"London",GB,51.51,-0.13,10.5,1962,0.45
Europa,"London",GB,51.51,-0.13,10.5,1963,0.13
Europa,"London",GB,51.51,-0.13,10.5,1964,-0.26
Europa,"London",GB,51.51,-0.13,10.5,1965,-0.54
Europa,"London",GB,51.51,-0.13,10.5,1966,-0.04
Europa,"London",GB,51.51,-0.13,10.5,1967,-0.45
Europa,"London",GB,51.51,-0.13,10.5,1968,0.11
Europa,"London",GB,51.51,-0.13,10.5,1969,-0.1
Europa,"London",GB,51.51,-0.13,10.5,1970,-0.63
Europa,"London",GB,51.51,-0.13,10.5,1971,-0.69
Europa,"London",GB,51.51,-0.13,10.5,1972,0.43
Europa,"London",GB,51.51,-0.13,10.5,1973,0.13
Europa,"London",GB,51.51,-0.13,10.5,1974,0
Europa,"London",GB,51.51,-0.13,10.5,1975,0.13
Europa,"London",GB,51.51,-0.13,10.5,1976,-0.04
Europa,"London",GB,51.51,-0.13,10.5,1977,0.2
Europa,"London",GB,51.51,-0.13,10.5,1978,-0.02
Europa,"London",GB,51.51,-0.13,10.5,1979,0.1
Europa,"London",GB,51.51,-0.13,10.5,1980,-0.08
Europa,"London",GB,51.51,-0.13,10.5,1981,0.69
Europa,"London",GB,51.51,-0.13,10.5,1982,0.17
Europa,"London",GB,51.51,-0.13,10.5,1983,0.33
Europa,"London",GB,51.51,-0.13,10.5,1984,-0.55
Europa,"London",GB,51.51,-0.13,10.5,1985,-0.33
Europa,"London",GB,51.51,-0.13,10.5,1986,-0.15
Europa,"London",GB,51.51,-0.13,10.5,1987,0.24
Europa,"London",GB,51.51,-0.13,10.5,1988,-0.07
Europa,"London",GB,51.51,-0.13,10.5,1989,-0.13
Europa,"London",GB,51.51,-0.13,10.5,1990,0.65
Europa,"London",GB,51.51,-0.13,10.5,1991,0.22
Europa,"London",GB,51.51,-0.13,10.5,1992,-0.27
Europa,"London",GB,51.51,-0.13,10.5,1993,0.31
Europa,"London",GB,51.51,-0.13,10.5,1994,0.3
Europa,"London",GB,51.51,-0.13,10.5,1995,0.37
Europa,"London",GB,51.51,-0.13,10.5,1996,0.23
Europa,"London",GB,51.51,-0.13,10.5,1997,0.44
Europa,"London",GB,51.51,-0.13,10.5,1998,1.02
Europa,"London",GB,51.51,-0.13,10.5,1999,0.7
Europa,"London",GB,51.51,-0.13,10.5,2000,0.6
Europa,"London",GB,51.51,-0.13,10.5,2001,1.16
Europa,"London",GB,51.51,-0.13,10.5,2002,0.62
Europa,"London",GB,51.51,-0.13,10.5,2003,0.79
Europa,"London",GB,51.51,-0.13,10.5,2004,0.81
Europa,"London",GB,51.51,-0.13,10.5,2005,1.14
Europa,"London",GB,51.51,-0.13,10.5,2006,0.6
Europa,"London",GB,51.51,-0.13,10.5,2007,1.23
Europa,"London",GB,51.51,-0.13,10.5,2008,0.97
Europa,"London",GB,51.51,-0.13,10.5,2009,0.71
Europa,"London",GB,51.51,-0.13,10.5,2010,0.97
Europa,"London",GB,51.51,-0.13,10.5,2011,1.06
Europa,"London",GB,51.51,-0.13,10.5,2012,1.32
Europa,"London",GB,51.51,-0.13,10.5,2013,0.48
Europa,"London",GB,51.51,-0.13,10.5,2014,0.8
Europa,"London",GB,51.51,-0.13,10.5,2015,1.4
Europa,"London",GB,51.51,-0.13,10.5,2016,1.91
Europa,"London",GB,51.51,-0.13,10.5,2017,1.28
Europa,"London",GB,51.51,-0.13,10.5,2018,1.09
Europa,"London",GB,51.51,-0.13,10.5,2019,1.18
Europa,"London",GB,51.51,-0.13,10.5,2020,1.43
Europa,"London",GB,51.51,-0.13,10.5,2021,0.72
Europa,"London",GB,51.51,-0.13,10.5,2022,1.04
Europa,"London",GB,51.51,-0.13,10.5,2023,1.21
Europa,"London",GB,51.51,-0.13,10.5,2024,1.7
Europa,"London",GB,51.51,-0.13,10.5,2025,2.45
Europa,"Köln",DE,50.94,6.96,9.9,1850,0.1
Europa,"Köln",DE,50.94,6.96,9.9,1851,-0.29
Europa,"Köln",DE,50.94,6.96,9.9,1852,-0.05
Europa,"Köln",DE,50.94,6.96,9.9,1853,-0.02
Europa,"Köln",DE,50.94,6.96,9.9,1854,-0.2
Europa,"Köln",DE,50.94,6.96,9.9,1855,-0.28
Europa,"Köln",DE,50.94,6.96,9.9,1856,-0.27
Europa,"Köln",DE,50.94,6.96,9.9,1857,-0.11
Europa,"Köln",DE,50.94,6.96,9.9,1858,-0.04
Europa,"Köln",DE,50.94,6.96,9.9,1859,-0.42
Europa,"Köln",DE,50.94,6.96,9.9,1860,-0.49
Europa,"Köln",DE,50.94,6.96,9.9,1861,-0.46
Europa,"Köln",DE,50.94,6.96,9.9,1862,-1.29
Europa,"Köln",DE,50.94,6.96,9.9,1863,-0.59
Europa,"Köln",DE,50.94,6.96,9.9,1864,-1.2
Europa,"Köln",DE,50.94,6.96,9.9,1865,-0.69
Europa,"Köln",DE,50.94,6.96,9.9,1866,-0.23
Europa,"Köln",DE,50.94,6.96,9.9,1867,-0.65
Europa,"Köln",DE,50.94,6.96,9.9,1868,-1.03
Europa,"Köln",DE,50.94,6.96,9.9,1869,-0.37
Europa,"Köln",DE,50.94,6.96,9.9,1870,-0.42
Europa,"Köln",DE,50.94,6.96,9.9,1871,-0.52
Europa,"Köln",DE,50.94,6.96,9.9,1872,-0.31
Europa,"Köln",DE,50.94,6.96,9.9,1873,-0.3
Europa,"Köln",DE,50.94,6.96,9.9,1874,-0.17
Europa,"Köln",DE,50.94,6.96,9.9,1875,-0.71
Europa,"Köln",DE,50.94,6.96,9.9,1876,-0.92
Europa,"Köln",DE,50.94,6.96,9.9,1877,0.11
Europa,"Köln",DE,50.94,6.96,9.9,1878,0.1
Europa,"Köln",DE,50.94,6.96,9.9,1879,-0.27
Europa,"Köln",DE,50.94,6.96,9.9,1880,-0.47
Europa,"Köln",DE,50.94,6.96,9.9,1881,-0.15
Europa,"Köln",DE,50.94,6.96,9.9,1882,-0.38
Europa,"Köln",DE,50.94,6.96,9.9,1883,-0.85
Europa,"Köln",DE,50.94,6.96,9.9,1884,-1.2
Europa,"Köln",DE,50.94,6.96,9.9,1885,-1.28
Europa,"Köln",DE,50.94,6.96,9.9,1886,-0.73
Europa,"Köln",DE,50.94,6.96,9.9,1887,-0.86
Europa,"Köln",DE,50.94,6.96,9.9,1888,-0.64
Europa,"Köln",DE,50.94,6.96,9.9,1889,-0.29
Europa,"Köln",DE,50.94,6.96,9.9,1890,-0.72
Europa,"Köln",DE,50.94,6.96,9.9,1891,-0.5
Europa,"Köln",DE,50.94,6.96,9.9,1892,-0.9
Europa,"Köln",DE,50.94,6.96,9.9,1893,-0.44
Europa,"Köln",DE,50.94,6.96,9.9,1894,-0.91
Europa,"Köln",DE,50.94,6.96,9.9,1895,-0.32
Europa,"Köln",DE,50.94,6.96,9.9,1896,-0.63
Europa,"Köln",DE,50.94,6.96,9.9,1897,-0.33
Europa,"Köln",DE,50.94,6.96,9.9,1898,-0.42
Europa,"Köln",DE,50.94,6.96,9.9,1899,-0.16
Europa,"Köln",DE,50.94,6.96,9.9,1900,-0.39
Europa,"Köln",DE,50.94,6.96,9.9,1901,-0.47
Europa,"Köln",DE,50.94,6.96,9.9,1902,-0.42
Europa,"Köln",DE,50.94,6.96,9.9,1903,-0.3
Europa,"Köln",DE,50.94,6.96,9.9,1904,-0.65
Europa,"Köln",DE,50.94,6.96,9.9,1905,-0.67
Europa,"Köln",DE,50.94,6.96,9.9,1906,-0.66
Europa,"Köln",DE,50.94,6.96,9.9,1907,-0.77
Europa,"Köln",DE,50.94,6.96,9.9,1908,-0.75
Europa,"Köln",DE,50.94,6.96,9.9,1909,-0.26
Europa,"Köln",DE,50.94,6.96,9.9,1910,-0.76
Europa,"Köln",DE,50.94,6.96,9.9,1911,-0.84
Europa,"Köln",DE,50.94,6.96,9.9,1912,-0.62
Europa,"Köln",DE,50.94,6.96,9.9,1913,-1.08
Europa,"Köln",DE,50.94,6.96,9.9,1914,-0.36
Europa,"Köln",DE,50.94,6.96,9.9,1915,0.23
Europa,"Köln",DE,50.94,6.96,9.9,1916,-0.03
Europa,"Köln",DE,50.94,6.96,9.9,1917,-0.53
Europa,"Köln",DE,50.94,6.96,9.9,1918,0.12
Europa,"Köln",DE,50.94,6.96,9.9,1919,-0.06
Europa,"Köln",DE,50.94,6.96,9.9,1920,-0.46
Europa,"Köln",DE,50.94,6.96,9.9,1921,-0.65
Europa,"Köln",DE,50.94,6.96,9.9,1922,-0.39
Europa,"Köln",DE,50.94,6.96,9.9,1923,-0.66
Europa,"Köln",DE,50.94,6.96,9.9,1924,0.03
Europa,"Köln",DE,50.94,6.96,9.9,1925,0.09
Europa,"Köln",DE,50.94,6.96,9.9,1926,-0.23
Europa,"Köln",DE,50.94,6.96,9.9,1927,-0.31
Europa,"Köln",DE,50.94,6.96,9.9,1928,-0.28
Europa,"Köln",DE,50.94,6.96,9.9,1929,-0.42
Europa,"Köln",DE,50.94,6.96,9.9,1930,0.06
Europa,"Köln",DE,50.94,6.96,9.9,1931,0.63
Europa,"Köln",DE,50.94,6.96,9.9,1932,0.04
Europa,"Köln",DE,50.94,6.96,9.9,1933,0.62
Europa,"Köln",DE,50.94,6.96,9.9,1934,-0.3
Europa,"Köln",DE,50.94,6.96,9.9,1935,-0.38
Europa,"Köln",DE,50.94,6.96,9.9,1936,0.01
Europa,"Köln",DE,50.94,6.96,9.9,1937,-0.03
Europa,"Köln",DE,50.94,6.96,9.9,1938,0.44
Europa,"Köln",DE,50.94,6.96,9.9,1939,0.03
Europa,"Köln",DE,50.94,6.96,9.9,1940,-0.02
Europa,"Köln",DE,50.94,6.96,9.9,1941,0.07
Europa,"Köln",DE,50.94,6.96,9.9,1942,0.21
Europa,"Köln",DE,50.94,6.96,9.9,1943,0.14
Europa,"Köln",DE,50.94,6.96,9.9,1944,0.7
Europa,"Köln",DE,50.94,6.96,9.9,1945,-0.17
Europa,"Köln",DE,50.94,6.96,9.9,1946,-0.01
Europa,"Köln",DE,50.94,6.96,9.9,1947,0.51
Europa,"Köln",DE,50.94,6.96,9.9,1948,0.14
Europa,"Köln",DE,50.94,6.96,9.9,1949,-0.33
Europa,"Köln",DE,50.94,6.96,9.9,1950,0.3
Europa,"Köln",DE,50.94,6.96,9.9,1951,-0.08
Europa,"Köln",DE,50.94,6.96,9.9,1952,0.55
Europa,"Köln",DE,50.94,6.96,9.9,1953,0.13
Europa,"Köln",DE,50.94,6.96,9.9,1954,0.32
Europa,"Köln",DE,50.94,6.96,9.9,1955,-0.6
Europa,"Köln",DE,50.94,6.96,9.9,1956,-0.58
Europa,"Köln",DE,50.94,6.96,9.9,1957,0.02
Europa,"Köln",DE,50.94,6.96,9.9,1958,0.03
Europa,"Köln",DE,50.94,6.96,9.9,1959,0.49
Europa,"Köln",DE,50.94,6.96,9.9,1960,0
Europa,"Köln",DE,50.94,6.96,9.9,1961,0.71
Europa,"Köln",DE,50.94,6.96,9.9,1962,0.14
Europa,"Köln",DE,50.94,6.96,9.9,1963,0.2
Europa,"Köln",DE,50.94,6.96,9.9,1964,-0.54
Europa,"Köln",DE,50.94,6.96,9.9,1965,-0.67
Europa,"Köln",DE,50.94,6.96,9.9,1966,-0.54
Europa,"Köln",DE,50.94,6.96,9.9,1967,-0.01
Europa,"Köln",DE,50.94,6.96,9.9,1968,-0.2
Europa,"Köln",DE,50.94,6.96,9.9,1969,-0.45
Europa,"Köln",DE,50.94,6.96,9.9,1970,0.21
Europa,"Köln",DE,50.94,6.96,9.9,1971,0.14
Europa,"Köln",DE,50.94,6.96,9.9,1972,-0.13
Europa,"Köln",DE,50.94,6.96,9.9,1973,0.43
Europa,"Köln",DE,50.94,6.96,9.9,1974,-0.05
Europa,"Köln",DE,50.94,6.96,9.9,1975,0.31
Europa,"Köln",DE,50.94,6.96,9.9,1976,-0.24
Europa,"Köln",DE,50.94,6.96,9.9,1977,-0.42
Europa,"Köln",DE,50.94,6.96,9.9,1978,0.01
Europa,"Köln",DE,50.94,6.96,9.9,1979,-0.07
Europa,"Köln",DE,50.94,6.96,9.9,1980,0.14
Europa,"Köln",DE,50.94,6.96,9.9,1981,0.38
Europa,"Köln",DE,50.94,6.96,9.9,1982,-0.72
Europa,"Köln",DE,50.94,6.96,9.9,1983,0.53
Europa,"Köln",DE,50.94,6.96,9.9,1984,-0.38
Europa,"Köln",DE,50.94,6.96,9.9,1985,-0.21
Europa,"Köln",DE,50.94,6.96,9.9,1986,0.1
Europa,"Köln",DE,50.94,6.96,9.9,1987,0.34
Europa,"Köln",DE,50.94,6.96,9.9,1988,0.32
Europa,"Köln",DE,50.94,6.96,9.9,1989,0.15
Europa,"Köln",DE,50.94,6.96,9.9,1990,0.5
Europa,"Köln",DE,50.94,6.96,9.9,1991,0.57
Europa,"Köln",DE,50.94,6.96,9.9,1992,-0.2
Europa,"Köln",DE,50.94,6.96,9.9,1993,0.05
Europa,"Köln",DE,50.94,6.96,9.9,1994,0.59
Europa,"Köln",DE,50.94,6.96,9.9,1995,1.03
Europa,"Köln",DE,50.94,6.96,9.9,1996,0.87
Europa,"Köln",DE,50.94,6.96,9.9,1997,0.71
Europa,"Köln",DE,50.94,6.96,9.9,1998,1.11
Europa,"Köln",DE,50.94,6.96,9.9,1999,0.62
Europa,"Köln",DE,50.94,6.96,9.9,2000,0.18
Europa,"Köln",DE,50.94,6.96,9.9,2001,0.95
Europa,"Köln",DE,50.94,6.96,9.9,2002,0.34
Europa,"Köln",DE,50.94,6.96,9.9,2003,1.34
Europa,"Köln",DE,50.94,6.96,9.9,2004,1.18
Europa,"Köln",DE,50.94,6.96,9.9,2005,1.27
Europa,"Köln",DE,50.94,6.96,9.9,2006,0.55
Europa,"Köln",DE,50.94,6.96,9.9,2007,1.23
Europa,"Köln",DE,50.94,6.96,9.9,2008,1.29
Europa,"Köln",DE,50.94,6.96,9.9,2009,1.43
Europa,"Köln",DE,50.94,6.96,9.9,2010,1.53
Europa,"Köln",DE,50.94,6.96,9.9,2011,0.73
Europa,"Köln",DE,50.94,6.96,9.9,2012,1.3
Europa,"Köln",DE,50.94,6.96,9.9,2013,1.19
Europa,"Köln",DE,50.94,6.96,9.9,2014,1.54
Europa,"Köln",DE,50.94,6.96,9.9,2015,1.39
Europa,"Köln",DE,50.94,6.96,9.9,2016,1.38
Europa,"Köln",DE,50.94,6.96,9.9,2017,1.09
Europa,"Köln",DE,50.94,6.96,9.9,2018,1.63
Europa,"Köln",DE,50.94,6.96,9.9,2019,1.26
Europa,"Köln",DE,50.94,6.96,9.9,2020,2.51
Europa,"Köln",DE,50.94,6.96,9.9,2021,1.48
Europa,"Köln",DE,50.94,6.96,9.9,2022,1.94
Europa,"Köln",DE,50.94,6.96,9.9,2023,1.97
Europa,"Köln",DE,50.94,6.96,9.9,2024,2.03
Europa,"Köln",DE,50.94,6.96,9.9,2025,2.26
Europa,"Prag",CZ,50.09,14.42,8.4,1850,0.23
Europa,"Prag",CZ,50.09,14.42,8.4,1851,-0.86
Europa,"Prag",CZ,50.09,14.42,8.4,1852,-0.51
Europa,"Prag",CZ,50.09,14.42,8.4,1853,-0.63
Europa,"Prag",CZ,50.09,14.42,8.4,1854,-0.77
Europa,"Prag",CZ,50.09,14.42,8.4,1855,-0.47
Europa,"Prag",CZ,50.09,14.42,8.4,1856,0.03
Europa,"Prag",CZ,50.09,14.42,8.4,1857,-0.59
Europa,"Prag",CZ,50.09,14.42,8.4,1858,-0.48
Europa,"Prag",CZ,50.09,14.42,8.4,1859,-1.32
Europa,"Prag",CZ,50.09,14.42,8.4,1860,-1.04
Europa,"Prag",CZ,50.09,14.42,8.4,1861,-1.06
Europa,"Prag",CZ,50.09,14.42,8.4,1862,-0.3
Europa,"Prag",CZ,50.09,14.42,8.4,1863,-0.07
Europa,"Prag",CZ,50.09,14.42,8.4,1864,-0.67
Europa,"Prag",CZ,50.09,14.42,8.4,1865,-0.57
Europa,"Prag",CZ,50.09,14.42,8.4,1866,-0.22
Europa,"Prag",CZ,50.09,14.42,8.4,1867,-0.65
Europa,"Prag",CZ,50.09,14.42,8.4,1868,-1.18
Europa,"Prag",CZ,50.09,14.42,8.4,1869,-0.59
Europa,"Prag",CZ,50.09,14.42,8.4,1870,-0.44
Europa,"Prag",CZ,50.09,14.42,8.4,1871,-0.69
Europa,"Prag",CZ,50.09,14.42,8.4,1872,-0.12
Europa,"Prag",CZ,50.09,14.42,8.4,1873,-0.64
Europa,"Prag",CZ,50.09,14.42,8.4,1874,0.06
Europa,"Prag",CZ,50.09,14.42,8.4,1875,-0.81
Europa,"Prag",CZ,50.09,14.42,8.4,1876,-0.78
Europa,"Prag",CZ,50.09,14.42,8.4,1877,0
Europa,"Prag",CZ,50.09,14.42,8.4,1878,0.05
Europa,"Prag",CZ,50.09,14.42,8.4,1879,-0.49
Europa,"Prag",CZ,50.09,14.42,8.4,1880,-0.58
Europa,"Prag",CZ,50.09,14.42,8.4,1881,-0.7
Europa,"Prag",CZ,50.09,14.42,8.4,1882,-1.05
Europa,"Prag",CZ,50.09,14.42,8.4,1883,-0.49
Europa,"Prag",CZ,50.09,14.42,8.4,1884,-0.55
Europa,"Prag",CZ,50.09,14.42,8.4,1885,-0.61
Europa,"Prag",CZ,50.09,14.42,8.4,1886,-1.14
Europa,"Prag",CZ,50.09,14.42,8.4,1887,-0.48
Europa,"Prag",CZ,50.09,14.42,8.4,1888,-0.66
Europa,"Prag",CZ,50.09,14.42,8.4,1889,-0.4
Europa,"Prag",CZ,50.09,14.42,8.4,1890,-0.34
Europa,"Prag",CZ,50.09,14.42,8.4,1891,-0.43
Europa,"Prag",CZ,50.09,14.42,8.4,1892,-0.86
Europa,"Prag",CZ,50.09,14.42,8.4,1893,-0.84
Europa,"Prag",CZ,50.09,14.42,8.4,1894,-1.28
Europa,"Prag",CZ,50.09,14.42,8.4,1895,-0.24
Europa,"Prag",CZ,50.09,14.42,8.4,1896,-0.86
Europa,"Prag",CZ,50.09,14.42,8.4,1897,0.14
Europa,"Prag",CZ,50.09,14.42,8.4,1898,-0.89
Europa,"Prag",CZ,50.09,14.42,8.4,1899,-0.7
Europa,"Prag",CZ,50.09,14.42,8.4,1900,-0.04
Europa,"Prag",CZ,50.09,14.42,8.4,1901,-0.54
Europa,"Prag",CZ,50.09,14.42,8.4,1902,-0.48
Europa,"Prag",CZ,50.09,14.42,8.4,1903,-0.74
Europa,"Prag",CZ,50.09,14.42,8.4,1904,-1.08
Europa,"Prag",CZ,50.09,14.42,8.4,1905,-0.44
Europa,"Prag",CZ,50.09,14.42,8.4,1906,-0.12
Europa,"Prag",CZ,50.09,14.42,8.4,1907,-0.75
Europa,"Prag",CZ,50.09,14.42,8.4,1908,-1.24
Europa,"Prag",CZ,50.09,14.42,8.4,1909,-0.94
Europa,"Prag",CZ,50.09,14.42,8.4,1910,-0.69
Europa,"Prag",CZ,50.09,14.42,8.4,1911,-0.64
Europa,"Prag",CZ,50.09,14.42,8.4,1912,-0.86
Europa,"Prag",CZ,50.09,14.42,8.4,1913,-0.9
Europa,"Prag",CZ,50.09,14.42,8.4,1914,-0.91
Europa,"Prag",CZ,50.09,14.42,8.4,1915,0.01
Europa,"Prag",CZ,50.09,14.42,8.4,1916,-0.9
Europa,"Prag",CZ,50.09,14.42,8.4,1917,-0.99
Europa,"Prag",CZ,50.09,14.42,8.4,1918,-0.21
Europa,"Prag",CZ,50.09,14.42,8.4,1919,-0.7
Europa,"Prag",CZ,50.09,14.42,8.4,1920,-0.21
Europa,"Prag",CZ,50.09,14.42,8.4,1921,0.24
Europa,"Prag",CZ,50.09,14.42,8.4,1922,-0.44
Europa,"Prag",CZ,50.09,14.42,8.4,1923,-0.85
Europa,"Prag",CZ,50.09,14.42,8.4,1924,-0.02
Europa,"Prag",CZ,50.09,14.42,8.4,1925,-0.18
Europa,"Prag",CZ,50.09,14.42,8.4,1926,0.5
Europa,"Prag",CZ,50.09,14.42,8.4,1927,-0.18
Europa,"Prag",CZ,50.09,14.42,8.4,1928,-0.73
Europa,"Prag",CZ,50.09,14.42,8.4,1929,-0.5
Europa,"Prag",CZ,50.09,14.42,8.4,1930,-0.07
Europa,"Prag",CZ,50.09,14.42,8.4,1931,-0.7
Europa,"Prag",CZ,50.09,14.42,8.4,1932,0.05
Europa,"Prag",CZ,50.09,14.42,8.4,1933,-0.47
Europa,"Prag",CZ,50.09,14.42,8.4,1934,-0.04
Europa,"Prag",CZ,50.09,14.42,8.4,1935,-0.39
Europa,"Prag",CZ,50.09,14.42,8.4,1936,-0.67
Europa,"Prag",CZ,50.09,14.42,8.4,1937,0.33
Europa,"Prag",CZ,50.09,14.42,8.4,1938,-0.27
Europa,"Prag",CZ,50.09,14.42,8.4,1939,-0.33
Europa,"Prag",CZ,50.09,14.42,8.4,1940,-0.03
Europa,"Prag",CZ,50.09,14.42,8.4,1941,-0.02
Europa,"Prag",CZ,50.09,14.42,8.4,1942,0.11
Europa,"Prag",CZ,50.09,14.42,8.4,1943,0.81
Europa,"Prag",CZ,50.09,14.42,8.4,1944,0.49
Europa,"Prag",CZ,50.09,14.42,8.4,1945,-0.09
Europa,"Prag",CZ,50.09,14.42,8.4,1946,-0.7
Europa,"Prag",CZ,50.09,14.42,8.4,1947,-0.38
Europa,"Prag",CZ,50.09,14.42,8.4,1948,0.22
Europa,"Prag",CZ,50.09,14.42,8.4,1949,0.29
Europa,"Prag",CZ,50.09,14.42,8.4,1950,-0.76
Europa,"Prag",CZ,50.09,14.42,8.4,1951,0.1
Europa,"Prag",CZ,50.09,14.42,8.4,1952,0.08
Europa,"Prag",CZ,50.09,14.42,8.4,1953,0.64
Europa,"Prag",CZ,50.09,14.42,8.4,1954,-0.17
Europa,"Prag",CZ,50.09,14.42,8.4,1955,-0.07
Europa,"Prag",CZ,50.09,14.42,8.4,1956,-0.45
Europa,"Prag",CZ,50.09,14.42,8.4,1957,-0.58
Europa,"Prag",CZ,50.09,14.42,8.4,1958,0.37
Europa,"Prag",CZ,50.09,14.42,8.4,1959,0.32
Europa,"Prag",CZ,50.09,14.42,8.4,1960,0.1
Europa,"Prag",CZ,50.09,14.42,8.4,1961,-0.16
Europa,"Prag",CZ,50.09,14.42,8.4,1962,0.28
Europa,"Prag",CZ,50.09,14.42,8.4,1963,1.16
Europa,"Prag",CZ,50.09,14.42,8.4,1964,-0.08
Europa,"Prag",CZ,50.09,14.42,8.4,1965,-0.41
Europa,"Prag",CZ,50.09,14.42,8.4,1966,-0.53
Europa,"Prag",CZ,50.09,14.42,8.4,1967,0.8
Europa,"Prag",CZ,50.09,14.42,8.4,1968,0.38
Europa,"Prag",CZ,50.09,14.42,8.4,1969,-0.06
Europa,"Prag",CZ,50.09,14.42,8.4,1970,-0.5
Europa,"Prag",CZ,50.09,14.42,8.4,1971,-0.84
Europa,"Prag",CZ,50.09,14.42,8.4,1972,-0.59
Europa,"Prag",CZ,50.09,14.42,8.4,1973,-0.3
Europa,"Prag",CZ,50.09,14.42,8.4,1974,-0.83
Europa,"Prag",CZ,50.09,14.42,8.4,1975,-0.47
Europa,"Prag",CZ,50.09,14.42,8.4,1976,-0.98
Europa,"Prag",CZ,50.09,14.42,8.4,1977,0.25
Europa,"Prag",CZ,50.09,14.42,8.4,1978,-0.16
Europa,"Prag",CZ,50.09,14.42,8.4,1979,-0.19
Europa,"Prag",CZ,50.09,14.42,8.4,1980,0.03
Europa,"Prag",CZ,50.09,14.42,8.4,1981,0.27
Europa,"Prag",CZ,50.09,14.42,8.4,1982,0.15
Europa,"Prag",CZ,50.09,14.42,8.4,1983,0.18
Europa,"Prag",CZ,50.09,14.42,8.4,1984,0.11
Europa,"Prag",CZ,50.09,14.42,8.4,1985,-0.13
Europa,"Prag",CZ,50.09,14.42,8.4,1986,-0.27
Europa,"Prag",CZ,50.09,14.42,8.4,1987,0.72
Europa,"Prag",CZ,50.09,14.42,8.4,1988,0.58
Europa,"Prag",CZ,50.09,14.42,8.4,1989,0.47
Europa,"Prag",CZ,50.09,14.42,8.4,1990,1.1
Europa,"Prag",CZ,50.09,14.42,8.4,1991,0.24
Europa,"Prag",CZ,50.09,14.42,8.4,1992,0.49
Europa,"Prag",CZ,50.09,14.42,8.4,1993,0.92
Europa,"Prag",CZ,50.09,14.42,8.4,1994,0.71
Europa,"Prag",CZ,50.09,14.42,8.4,1995,1
Europa,"Prag",CZ,50.09,14.42,8.4,1996,0.34
Europa,"Prag",CZ,50.09,14.42,8.4,1997,1.28
Europa,"Prag",CZ,50.09,14.42,8.4,1998,1.08
Europa,"Prag",CZ,50.09,14.42,8.4,1999,0.47
Europa,"Prag",CZ,50.09,14.42,8.4,2000,0.99
Europa,"Prag",CZ,50.09,14.42,8.4,2001,0.31
Europa,"Prag",CZ,50.09,14.42,8.4,2002,0.74
Europa,"Prag",CZ,50.09,14.42,8.4,2003,0.85
Europa,"Prag",CZ,50.09,14.42,8.4,2004,0.22
Europa,"Prag",CZ,50.09,14.42,8.4,2005,0.81
Europa,"Prag",CZ,50.09,14.42,8.4,2006,1.06
Europa,"Prag",CZ,50.09,14.42,8.4,2007,0.89
Europa,"Prag",CZ,50.09,14.42,8.4,2008,0.86
Europa,"Prag",CZ,50.09,14.42,8.4,2009,0.91
Europa,"Prag",CZ,50.09,14.42,8.4,2010,1.41
Europa,"Prag",CZ,50.09,14.42,8.4,2011,1.08
Europa,"Prag",CZ,50.09,14.42,8.4,2012,1.27
Europa,"Prag",CZ,50.09,14.42,8.4,2013,0.93
Europa,"Prag",CZ,50.09,14.42,8.4,2014,1.36
Europa,"Prag",CZ,50.09,14.42,8.4,2015,1.22
Europa,"Prag",CZ,50.09,14.42,8.4,2016,2.14
Europa,"Prag",CZ,50.09,14.42,8.4,2017,1.3
Europa,"Prag",CZ,50.09,14.42,8.4,2018,1.59
Europa,"Prag",CZ,50.09,14.42,8.4,2019,1.9
Europa,"Prag",CZ,50.09,14.42,8.4,2020,2
Europa,"Prag",CZ,50.09,14.42,8.4,2021,1.62
Europa,"Prag",CZ,50.09,14.42,8.4,2022,2.24
Europa,"Prag",CZ,50.09,14.42,8.4,2023,2.08
Europa,"Prag",CZ,50.09,14.42,8.4,2024,2.35
Europa,"Prag",CZ,50.09,14.42,8.4,2025,2.11
Europa,"Paris",FR,48.86,2.35,11.2,1850,-0.57
Europa,"Paris",FR,48.86,2.35,11.2,1851,-0.61
Europa,"Paris",FR,48.86,2.35,11.2,1852,-0.52
Europa,"Paris",FR,48.86,2.35,11.2,1853,-0.84
Europa,"Paris",FR,48.86,2.35,11.2,1854,-0.68
Europa,"Paris",FR,48.86,2.35,11.2,1855,-0.12
Europa,"Paris",FR,48.86,2.35,11.2,1856,-0.67
Europa,"Paris",FR,48.86,2.35,11.2,1857,-0.47
Europa,"Paris",FR,48.86,2.35,11.2,1858,-0.27
Europa,"Paris",FR,48.86,2.35,11.2,1859,0.06
Europa,"Paris",FR,48.86,2.35,11.2,1860,0.15
Europa,"Paris",FR,48.86,2.35,11.2,1861,-0.35
Europa,"Paris",FR,48.86,2.35,11.2,1862,-0.62
Europa,"Paris",FR,48.86,2.35,11.2,1863,-0.34
Europa,"Paris",FR,48.86,2.35,11.2,1864,-0.16
Europa,"Paris",FR,48.86,2.35,11.2,1865,-0.72
Europa,"Paris",FR,48.86,2.35,11.2,1866,-0.61
Europa,"Paris",FR,48.86,2.35,11.2,1867,-0.67
Europa,"Paris",FR,48.86,2.35,11.2,1868,-1
Europa,"Paris",FR,48.86,2.35,11.2,1869,-0.28
Europa,"Paris",FR,48.86,2.35,11.2,1870,-0.19
Europa,"Paris",FR,48.86,2.35,11.2,1871,-1.4
Europa,"Paris",FR,48.86,2.35,11.2,1872,-0.97
Europa,"Paris",FR,48.86,2.35,11.2,1873,-0.79
Europa,"Paris",FR,48.86,2.35,11.2,1874,0.14
Europa,"Paris",FR,48.86,2.35,11.2,1875,-0.52
Europa,"Paris",FR,48.86,2.35,11.2,1876,-0.58
Europa,"Paris",FR,48.86,2.35,11.2,1877,-0.63
Europa,"Paris",FR,48.86,2.35,11.2,1878,0.19
Europa,"Paris",FR,48.86,2.35,11.2,1879,-0.36
Europa,"Paris",FR,48.86,2.35,11.2,1880,-0.81
Europa,"Paris",FR,48.86,2.35,11.2,1881,0.08
Europa,"Paris",FR,48.86,2.35,11.2,1882,-0.28
Europa,"Paris",FR,48.86,2.35,11.2,1883,-0.29
Europa,"Paris",FR,48.86,2.35,11.2,1884,-0.74
Europa,"Paris",FR,48.86,2.35,11.2,1885,-0.26
Europa,"Paris",FR,48.86,2.35,11.2,1886,-0.45
Europa,"Paris",FR,48.86,2.35,11.2,1887,-0.89
Europa,"Paris",FR,48.86,2.35,11.2,1888,-0.41
Europa,"Paris",FR,48.86,2.35,11.2,1889,-0.16
Europa,"Paris",FR,48.86,2.35,11.2,1890,-0.59
Europa,"Paris",FR,48.86,2.35,11.2,1891,-0.11
Europa,"Paris",FR,48.86,2.35,11.2,1892,-1.12
Europa,"Paris",FR,48.86,2.35,11.2,1893,-0.94
Europa,"Paris",FR,48.86,2.35,11.2,1894,-0.72
Europa,"Paris",FR,48.86,2.35,11.2,1895,-0.51
Europa,"Paris",FR,48.86,2.35,11.2,1896,-0.56
Europa,"Paris",FR,48.86,2.35,11.2,1897,-0.52
Europa,"Paris",FR,48.86,2.35,11.2,1898,-0.33
Europa,"Paris",FR,48.86,2.35,11.2,1899,-0.46
Europa,"Paris",FR,48.86,2.35,11.2,1900,-0.74
Europa,"Paris",FR,48.86,2.35,11.2,1901,-0.04
Europa,"Paris",FR,48.86,2.35,11.2,1902,-0.87
Europa,"Paris",FR,48.86,2.35,11.2,1903,-0.99
Europa,"Paris",FR,48.86,2.35,11.2,1904,-0.87
Europa,"Paris",FR,48.86,2.35,11.2,1905,-0.38
Europa,"Paris",FR,48.86,2.35,11.2,1906,-0.08
Europa,"Paris",FR,48.86,2.35,11.2,1907,-0.9
Europa,"Paris",FR,48.86,2.35,11.2,1908,-0.18
Europa,"Paris",FR,48.86,2.35,11.2,1909,-1.13
Europa,"Paris",FR,48.86,2.35,11.2,1910,-1.12
Europa,"Paris",FR,48.86,2.35,11.2,1911,-1.19
Europa,"Paris",FR,48.86,2.35,11.2,1912,-0.63
Europa,"Paris",FR,48.86,2.35,11.2,1913,-0.84
Europa,"Paris",FR,48.86,2.35,11.2,1914,-0.59
Europa,"Paris",FR,48.86,2.35,11.2,1915,0.16
Europa,"Paris",FR,48.86,2.35,11.2,1916,-0.64
Europa,"Paris",FR,48.86,2.35,11.2,1917,-0.89
Europa,"Paris",FR,48.86,2.35,11.2,1918,-1.06
Europa,"Paris",FR,48.86,2.35,11.2,1919,-0.27
Europa,"Paris",FR,48.86,2.35,11.2,1920,-0.24
Europa,"Paris",FR,48.86,2.35,11.2,1921,-0.24
Europa,"Paris",FR,48.86,2.35,11.2,1922,-0.52
Europa,"Paris",FR,48.86,2.35,11.2,1923,-0.49
Europa,"Paris",FR,48.86,2.35,11.2,1924,-0.14
Europa,"Paris",FR,48.86,2.35,11.2,1925,-0.34
Europa,"Paris",FR,48.86,2.35,11.2,1926,-0.34
Europa,"Paris",FR,48.86,2.35,11.2,1927,0.05
Europa,"Paris",FR,48.86,2.35,11.2,1928,0.14
Europa,"Paris",FR,48.86,2.35,11.2,1929,-1.14
Europa,"Paris",FR,48.86,2.35,11.2,1930,0.01
Europa,"Paris",FR,48.86,2.35,11.2,1931,0.06
Europa,"Paris",FR,48.86,2.35,11.2,1932,0.75
Europa,"Paris",FR,48.86,2.35,11.2,1933,-0.14
Europa,"Paris",FR,48.86,2.35,11.2,1934,-0.48
Europa,"Paris",FR,48.86,2.35,11.2,1935,-0.77
Europa,"Paris",FR,48.86,2.35,11.2,1936,-0.01
Europa,"Paris",FR,48.86,2.35,11.2,1937,0.17
Europa,"Paris",FR,48.86,2.35,11.2,1938,0.42
Europa,"Paris",FR,48.86,2.35,11.2,1939,-0.14
Europa,"Paris",FR,48.86,2.35,11.2,1940,0.03
Europa,"Paris",FR,48.86,2.35,11.2,1941,0.21
Europa,"Paris",FR,48.86,2.35,11.2,1942,-0.13
Europa,"Paris",FR,48.86,2.35,11.2,1943,0.61
Europa,"Paris",FR,48.86,2.35,11.2,1944,0.15
Europa,"Paris",FR,48.86,2.35,11.2,1945,0.36
Europa,"Paris",FR,48.86,2.35,11.2,1946,0.28
Europa,"Paris",FR,48.86,2.35,11.2,1947,0.59
Europa,"Paris",FR,48.86,2.35,11.2,1948,0.15
Europa,"Paris",FR,48.86,2.35,11.2,1949,0.18
Europa,"Paris",FR,48.86,2.35,11.2,1950,-0.39
Europa,"Paris",FR,48.86,2.35,11.2,1951,0.26
Europa,"Paris",FR,48.86,2.35,11.2,1952,0.13
Europa,"Paris",FR,48.86,2.35,11.2,1953,0.92
Europa,"Paris",FR,48.86,2.35,11.2,1954,0.03
Europa,"Paris",FR,48.86,2.35,11.2,1955,0.09
Europa,"Paris",FR,48.86,2.35,11.2,1956,-0.23
Europa,"Paris",FR,48.86,2.35,11.2,1957,-0.4
Europa,"Paris",FR,48.86,2.35,11.2,1958,-0.24
Europa,"Paris",FR,48.86,2.35,11.2,1959,-0.28
Europa,"Paris",FR,48.86,2.35,11.2,1960,0.08
Europa,"Paris",FR,48.86,2.35,11.2,1961,0.49
Europa,"Paris",FR,48.86,2.35,11.2,1962,-0.16
Europa,"Paris",FR,48.86,2.35,11.2,1963,0.54
Europa,"Paris",FR,48.86,2.35,11.2,1964,-0.98
Europa,"Paris",FR,48.86,2.35,11.2,1965,-0.22
Europa,"Paris",FR,48.86,2.35,11.2,1966,-0.49
Europa,"Paris",FR,48.86,2.35,11.2,1967,-0.09
Europa,"Paris",FR,48.86,2.35,11.2,1968,-0.41
Europa,"Paris",FR,48.86,2.35,11.2,1969,-0.72
Europa,"Paris",FR,48.86,2.35,11.2,1970,-0.31
Europa,"Paris",FR,48.86,2.35,11.2,1971,-0.18
Europa,"Paris",FR,48.86,2.35,11.2,1972,0.36
Europa,"Paris",FR,48.86,2.35,11.2,1973,-0.24
Europa,"Paris",FR,48.86,2.35,11.2,1974,-0.01
Europa,"Paris",FR,48.86,2.35,11.2,1975,-0.04
Europa,"Paris",FR,48.86,2.35,11.2,1976,-0.12
Europa,"Paris",FR,48.86,2.35,11.2,1977,0.61
Europa,"Paris",FR,48.86,2.35,11.2,1978,0.44
Europa,"Paris",FR,48.86,2.35,11.2,1979,-0.04
Europa,"Paris",FR,48.86,2.35,11.2,1980,0.35
Europa,"Paris",FR,48.86,2.35,11.2,1981,0.23
Europa,"Paris",FR,48.86,2.35,11.2,1982,-0.18
Europa,"Paris",FR,48.86,2.35,11.2,1983,-0.04
Europa,"Paris",FR,48.86,2.35,11.2,1984,-0.39
Europa,"Paris",FR,48.86,2.35,11.2,1985,0.08
Europa,"Paris",FR,48.86,2.35,11.2,1986,0.3
Europa,"Paris",FR,48.86,2.35,11.2,1987,0.24
Europa,"Paris",FR,48.86,2.35,11.2,1988,0.41
Europa,"Paris",FR,48.86,2.35,11.2,1989,-0.09
Europa,"Paris",FR,48.86,2.35,11.2,1990,0.63
Europa,"Paris",FR,48.86,2.35,11.2,1991,0.6
Europa,"Paris",FR,48.86,2.35,11.2,1992,-0.28
Europa,"Paris",FR,48.86,2.35,11.2,1993,0.26
Europa,"Paris",FR,48.86,2.35,11.2,1994,0.69
Europa,"Paris",FR,48.86,2.35,11.2,1995,0.6
Europa,"Paris",FR,48.86,2.35,11.2,1996,0.98
Europa,"Paris",FR,48.86,2.35,11.2,1997,1.11
Europa,"Paris",FR,48.86,2.35,11.2,1998,1.14
Europa,"Paris",FR,48.86,2.35,11.2,1999,0.81
Europa,"Paris",FR,48.86,2.35,11.2,2000,0.64
Europa,"Paris",FR,48.86,2.35,11.2,2001,0.96
Europa,"Paris",FR,48.86,2.35,11.2,2002,0.65
Europa,"Paris",FR,48.86,2.35,11.2,2003,0.98
Europa,"Paris",FR,48.86,2.35,11.2,2004,0.83
Europa,"Paris",FR,48.86,2.35,11.2,2005,1.08
Europa,"Paris",FR,48.86,2.35,11.2,2006,1.34
Europa,"Paris",FR,48.86,2.35,11.2,2007,1.69
Europa,"Paris",FR,48.86,2.35,11.2,2008,1.13
Europa,"Paris",FR,48.86,2.35,11.2,2009,0.79
Europa,"Paris",FR,48.86,2.35,11.2,2010,1.77
Europa,"Paris",FR,48.86,2.35,11.2,2011,1.44
Europa,"Paris",FR,48.86,2.35,11.2,2012,0.85
Europa,"Paris",FR,48.86,2.35,11.2,2013,0.43
Europa,"Paris",FR,48.86,2.35,11.2,2014,0.95
Europa,"Paris",FR,48.86,2.35,11.2,2015,1.37
Europa,"Paris",FR,48.86,2.35,11.2,2016,1.55
Europa,"Paris",FR,48.86,2.35,11.2,2017,1.42
Europa,"Paris",FR,48.86,2.35,11.2,2018,1.29
Europa,"Paris",FR,48.86,2.35,11.2,2019,1.43
Europa,"Paris",FR,48.86,2.35,11.2,2020,1.22
Europa,"Paris",FR,48.86,2.35,11.2,2021,0.56
Europa,"Paris",FR,48.86,2.35,11.2,2022,1.31
Europa,"Paris",FR,48.86,2.35,11.2,2023,2.38
Europa,"Paris",FR,48.86,2.35,11.2,2024,2.28
Europa,"Paris",FR,48.86,2.35,11.2,2025,2.34
Europa,"Wien",AT,48.21,16.37,9.8,1850,-0.98
Europa,"Wien",AT,48.21,16.37,9.8,1851,-0.24
Europa,"Wien",AT,48.21,16.37,9.8,1852,-0.1
Europa,"Wien",AT,48.21,16.37,9.8,1853,0.12
Europa,"Wien",AT,48.21,16.37,9.8,1854,-0.21
Europa,"Wien",AT,48.21,16.37,9.8,1855,-1.04
Europa,"Wien",AT,48.21,16.37,9.8,1856,-0.65
Europa,"Wien",AT,48.21,16.37,9.8,1857,-0.07
Europa,"Wien",AT,48.21,16.37,9.8,1858,0.61
Europa,"Wien",AT,48.21,16.37,9.8,1859,0.21
Europa,"Wien",AT,48.21,16.37,9.8,1860,-0.67
Europa,"Wien",AT,48.21,16.37,9.8,1861,-0.29
Europa,"Wien",AT,48.21,16.37,9.8,1862,-0.74
Europa,"Wien",AT,48.21,16.37,9.8,1863,-0.31
Europa,"Wien",AT,48.21,16.37,9.8,1864,-1.06
Europa,"Wien",AT,48.21,16.37,9.8,1865,-0.29
Europa,"Wien",AT,48.21,16.37,9.8,1866,0.14
Europa,"Wien",AT,48.21,16.37,9.8,1867,-0.3
Europa,"Wien",AT,48.21,16.37,9.8,1868,0.03
Europa,"Wien",AT,48.21,16.37,9.8,1869,0.2
Europa,"Wien",AT,48.21,16.37,9.8,1870,-0.45
Europa,"Wien",AT,48.21,16.37,9.8,1871,-0.51
Europa,"Wien",AT,48.21,16.37,9.8,1872,-0.69
Europa,"Wien",AT,48.21,16.37,9.8,1873,-0.3
Europa,"Wien",AT,48.21,16.37,9.8,1874,-0.06
Europa,"Wien",AT,48.21,16.37,9.8,1875,-0.81
Europa,"Wien",AT,48.21,16.37,9.8,1876,-0.85
Europa,"Wien",AT,48.21,16.37,9.8,1877,-0.41
Europa,"Wien",AT,48.21,16.37,9.8,1878,-0.23
Europa,"Wien",AT,48.21,16.37,9.8,1879,-0.86
Europa,"Wien",AT,48.21,16.37,9.8,1880,-1.01
Europa,"Wien",AT,48.21,16.37,9.8,1881,-0.45
Europa,"Wien",AT,48.21,16.37,9.8,1882,-0.2
Europa,"Wien",AT,48.21,16.37,9.8,1883,-0.83
Europa,"Wien",AT,48.21,16.37,9.8,1884,-0.92
Europa,"Wien",AT,48.21,16.37,9.8,1885,-0.75
Europa,"Wien",AT,48.21,16.37,9.8,1886,-0.26
Europa,"Wien",AT,48.21,16.37,9.8,1887,-0.34
Europa,"Wien",AT,48.21,16.37,9.8,1888,-0.56
Europa,"Wien",AT,48.21,16.37,9.8,1889,-0.47
Europa,"Wien",AT,48.21,16.37,9.8,1890,-0.91
Europa,"Wien",AT,48.21,16.37,9.8,1891,-0.84
Europa,"Wien",AT,48.21,16.37,9.8,1892,-0.69
Europa,"Wien",AT,48.21,16.37,9.8,1893,-0.45
Europa,"Wien",AT,48.21,16.37,9.8,1894,-0.79
Europa,"Wien",AT,48.21,16.37,9.8,1895,-1.44
Europa,"Wien",AT,48.21,16.37,9.8,1896,-1.21
Europa,"Wien",AT,48.21,16.37,9.8,1897,-0.95
Europa,"Wien",AT,48.21,16.37,9.8,1898,-0.52
Europa,"Wien",AT,48.21,16.37,9.8,1899,-0.33
Europa,"Wien",AT,48.21,16.37,9.8,1900,-0.06
Europa,"Wien",AT,48.21,16.37,9.8,1901,0.26
Europa,"Wien",AT,48.21,16.37,9.8,1902,-0.8
Europa,"Wien",AT,48.21,16.37,9.8,1903,-0.66
Europa,"Wien",AT,48.21,16.37,9.8,1904,-0.95
Europa,"Wien",AT,48.21,16.37,9.8,1905,-1.04
Europa,"Wien",AT,48.21,16.37,9.8,1906,-1.05
Europa,"Wien",AT,48.21,16.37,9.8,1907,-0.37
Europa,"Wien",AT,48.21,16.37,9.8,1908,-1.04
Europa,"Wien",AT,48.21,16.37,9.8,1909,-0.88
Europa,"Wien",AT,48.21,16.37,9.8,1910,-0.58
Europa,"Wien",AT,48.21,16.37,9.8,1911,-0.72
Europa,"Wien",AT,48.21,16.37,9.8,1912,-1.45
Europa,"Wien",AT,48.21,16.37,9.8,1913,-0.37
Europa,"Wien",AT,48.21,16.37,9.8,1914,-0.32
Europa,"Wien",AT,48.21,16.37,9.8,1915,-0.23
Europa,"Wien",AT,48.21,16.37,9.8,1916,-0.22
Europa,"Wien",AT,48.21,16.37,9.8,1917,-0.22
Europa,"Wien",AT,48.21,16.37,9.8,1918,-0.15
Europa,"Wien",AT,48.21,16.37,9.8,1919,-0.48
Europa,"Wien",AT,48.21,16.37,9.8,1920,0.32
Europa,"Wien",AT,48.21,16.37,9.8,1921,0.47
Europa,"Wien",AT,48.21,16.37,9.8,1922,-0.61
Europa,"Wien",AT,48.21,16.37,9.8,1923,0.17
Europa,"Wien",AT,48.21,16.37,9.8,1924,0.05
Europa,"Wien",AT,48.21,16.37,9.8,1925,-0.46
Europa,"Wien",AT,48.21,16.37,9.8,1926,-0.05
Europa,"Wien",AT,48.21,16.37,9.8,1927,0.43
Europa,"Wien",AT,48.21,16.37,9.8,1928,0.08
Europa,"Wien",AT,48.21,16.37,9.8,1929,-0.28
Europa,"Wien",AT,48.21,16.37,9.8,1930,-0.34
Europa,"Wien",AT,48.21,16.37,9.8,1931,-0.06
Europa,"Wien",AT,48.21,16.37,9.8,1932,0.58
Europa,"Wien",AT,48.21,16.37,9.8,1933,-0.28
Europa,"Wien",AT,48.21,16.37,9.8,1934,0.22
Europa,"Wien",AT,48.21,16.37,9.8,1935,-0.15
Europa,"Wien",AT,48.21,16.37,9.8,1936,-0.75
Europa,"Wien",AT,48.21,16.37,9.8,1937,0.55
Europa,"Wien",AT,48.21,16.37,9.8,1938,0.16
Europa,"Wien",AT,48.21,16.37,9.8,1939,-0.27
Europa,"Wien",AT,48.21,16.37,9.8,1940,-0.05
Europa,"Wien",AT,48.21,16.37,9.8,1941,0.64
Europa,"Wien",AT,48.21,16.37,9.8,1942,-0.27
Europa,"Wien",AT,48.21,16.37,9.8,1943,-0.07
Europa,"Wien",AT,48.21,16.37,9.8,1944,0.39
Europa,"Wien",AT,48.21,16.37,9.8,1945,0.05
Europa,"Wien",AT,48.21,16.37,9.8,1946,-0.02
Europa,"Wien",AT,48.21,16.37,9.8,1947,0.05
Europa,"Wien",AT,48.21,16.37,9.8,1948,0.17
Europa,"Wien",AT,48.21,16.37,9.8,1949,-0.37
Europa,"Wien",AT,48.21,16.37,9.8,1950,0
Europa,"Wien",AT,48.21,16.37,9.8,1951,-0.46
Europa,"Wien",AT,48.21,16.37,9.8,1952,-0.09
Europa,"Wien",AT,48.21,16.37,9.8,1953,-0.49
Europa,"Wien",AT,48.21,16.37,9.8,1954,-0.32
Europa,"Wien",AT,48.21,16.37,9.8,1955,0.29
Europa,"Wien",AT,48.21,16.37,9.8,1956,-0.14
Europa,"Wien",AT,48.21,16.37,9.8,1957,0.14
Europa,"Wien",AT,48.21,16.37,9.8,1958,0.34
Europa,"Wien",AT,48.21,16.37,9.8,1959,0.38
Europa,"Wien",AT,48.21,16.37,9.8,1960,-0.44
Europa,"Wien",AT,48.21,16.37,9.8,1961,-0.83
Europa,"Wien",AT,48.21,16.37,9.8,1962,0.03
Europa,"Wien",AT,48.21,16.37,9.8,1963,0.14
Europa,"Wien",AT,48.21,16.37,9.8,1964,-0.37
Europa,"Wien",AT,48.21,16.37,9.8,1965,0.09
Europa,"Wien",AT,48.21,16.37,9.8,1966,-0.01
Europa,"Wien",AT,48.21,16.37,9.8,1967,-0.17
Europa,"Wien",AT,48.21,16.37,9.8,1968,-0.03
Europa,"Wien",AT,48.21,16.37,9.8,1969,-0.13
Europa,"Wien",AT,48.21,16.37,9.8,1970,-0.43
Europa,"Wien",AT,48.21,16.37,9.8,1971,-0.42
Europa,"Wien",AT,48.21,16.37,9.8,1972,-0.3
Europa,"Wien",AT,48.21,16.37,9.8,1973,0.12
Europa,"Wien",AT,48.21,16.37,9.8,1974,-0.56
Europa,"Wien",AT,48.21,16.37,9.8,1975,0.05
Europa,"Wien",AT,48.21,16.37,9.8,1976,-0.51
Europa,"Wien",AT,48.21,16.37,9.8,1977,0.41
Europa,"Wien",AT,48.21,16.37,9.8,1978,-0.36
Europa,"Wien",AT,48.21,16.37,9.8,1979,0.29
Europa,"Wien",AT,48.21,16.37,9.8,1980,0.36
Europa,"Wien",AT,48.21,16.37,9.8,1981,0.77
Europa,"Wien",AT,48.21,16.37,9.8,1982,0.14
Europa,"Wien",AT,48.21,16.37,9.8,1983,0.59
Europa,"Wien",AT,48.21,16.37,9.8,1984,-0.57
Europa,"Wien",AT,48.21,16.37,9.8,1985,-0.21
Europa,"Wien",AT,48.21,16.37,9.8,1986,0.14
Europa,"Wien",AT,48.21,16.37,9.8,1987,0.12
Europa,"Wien",AT,48.21,16.37,9.8,1988,0.79
Europa,"Wien",AT,48.21,16.37,9.8,1989,0.73
Europa,"Wien",AT,48.21,16.37,9.8,1990,0.09
Europa,"Wien",AT,48.21,16.37,9.8,1991,0.83
Europa,"Wien",AT,48.21,16.37,9.8,1992,0.36
Europa,"Wien",AT,48.21,16.37,9.8,1993,0.7
Europa,"Wien",AT,48.21,16.37,9.8,1994,0.38
Europa,"Wien",AT,48.21,16.37,9.8,1995,0.61
Europa,"Wien",AT,48.21,16.37,9.8,1996,1
Europa,"Wien",AT,48.21,16.37,9.8,1997,0.62
Europa,"Wien",AT,48.21,16.37,9.8,1998,1.01
Europa,"Wien",AT,48.21,16.37,9.8,1999,0.48
Europa,"Wien",AT,48.21,16.37,9.8,2000,0.26
Europa,"Wien",AT,48.21,16.37,9.8,2001,0.59
Europa,"Wien",AT,48.21,16.37,9.8,2002,1.17
Europa,"Wien",AT,48.21,16.37,9.8,2003,1.41
Europa,"Wien",AT,48.21,16.37,9.8,2004,0.95
Europa,"Wien",AT,48.21,16.37,9.8,2005,1.19
Europa,"Wien",AT,48.21,16.37,9.8,2006,1.32
Europa,"Wien",AT,48.21,16.37,9.8,2007,2.01
Europa,"Wien",AT,48.21,16.37,9.8,2008,1.21
Europa,"Wien",AT,48.21,16.37,9.8,2009,1.29
Europa,"Wien",AT,48.21,16.37,9.8,2010,1.52
Europa,"Wien",AT,48.21,16.37,9.8,2011,1.17
Europa,"Wien",AT,48.21,16.37,9.8,2012,1.77
Europa,"Wien",AT,48.21,16.37,9.8,2013,0.66
Europa,"Wien",AT,48.21,16.37,9.8,2014,1.44
Europa,"Wien",AT,48.21,16.37,9.8,2015,1.32
Europa,"Wien",AT,48.21,16.37,9.8,2016,1.36
Europa,"Wien",AT,48.21,16.37,9.8,2017,2.24
Europa,"Wien",AT,48.21,16.37,9.8,2018,1.45
Europa,"Wien",AT,48.21,16.37,9.8,2019,2
Europa,"Wien",AT,48.21,16.37,9.8,2020,1.67
Europa,"Wien",AT,48.21,16.37,9.8,2021,2.38
Europa,"Wien",AT,48.21,16.37,9.8,2022,1.65
Europa,"Wien",AT,48.21,16.37,9.8,2023,2.52
Europa,"Wien",AT,48.21,16.37,9.8,2024,2.94
Europa,"Wien",AT,48.21,16.37,9.8,2025,1.86
Europa,"München",DE,48.14,11.58,8.1,1850,-0.93
Europa,"München",DE,48.14,11.58,8.1,1851,-0.67
Europa,"München",DE,48.14,11.58,8.1,1852,-0.21
Europa,"München",DE,48.14,11.58,8.1,1853,-0.52
Europa,"München",DE,48.14,11.58,8.1,1854,-0.28
Europa,"München",DE,48.14,11.58,8.1,1855,-0.44
Europa,"München",DE,48.14,11.58,8.1,1856,-1
Europa,"München",DE,48.14,11.58,8.1,1857,-0.89
Europa,"München",DE,48.14,11.58,8.1,1858,-0.18
Europa,"München",DE,48.14,11.58,8.1,1859,-0.28
Europa,"München",DE,48.14,11.58,8.1,1860,-1.05
Europa,"München",DE,48.14,11.58,8.1,1861,-0.76
Europa,"München",DE,48.14,11.58,8.1,1862,-1.15
Europa,"München",DE,48.14,11.58,8.1,1863,-0.92
Europa,"München",DE,48.14,11.58,8.1,1864,-0.56
Europa,"München",DE,48.14,11.58,8.1,1865,-0.75
Europa,"München",DE,48.14,11.58,8.1,1866,-0.36
Europa,"München",DE,48.14,11.58,8.1,1867,-0.1
Europa,"München",DE,48.14,11.58,8.1,1868,-0.4
Europa,"München",DE,48.14,11.58,8.1,1869,-0.01
Europa,"München",DE,48.14,11.58,8.1,1870,-0.23
Europa,"München",DE,48.14,11.58,8.1,1871,-1.01
Europa,"München",DE,48.14,11.58,8.1,1872,-0.74
Europa,"München",DE,48.14,11.58,8.1,1873,-0.47
Europa,"München",DE,48.14,11.58,8.1,1874,-0.86
Europa,"München",DE,48.14,11.58,8.1,1875,-1.07
Europa,"München",DE,48.14,11.58,8.1,1876,-0.37
Europa,"München",DE,48.14,11.58,8.1,1877,0.08
Europa,"München",DE,48.14,11.58,8.1,1878,-0.42
Europa,"München",DE,48.14,11.58,8.1,1879,-0.6
Europa,"München",DE,48.14,11.58,8.1,1880,-0.68
Europa,"München",DE,48.14,11.58,8.1,1881,0.14
Europa,"München",DE,48.14,11.58,8.1,1882,-0.05
Europa,"München",DE,48.14,11.58,8.1,1883,-0.53
Europa,"München",DE,48.14,11.58,8.1,1884,-1.34
Europa,"München",DE,48.14,11.58,8.1,1885,-0.95
Europa,"München",DE,48.14,11.58,8.1,1886,-0.86
Europa,"München",DE,48.14,11.58,8.1,1887,-1.48
Europa,"München",DE,48.14,11.58,8.1,1888,-0.2
Europa,"München",DE,48.14,11.58,8.1,1889,-0.35
Europa,"München",DE,48.14,11.58,8.1,1890,-0.91
Europa,"München",DE,48.14,11.58,8.1,1891,-0.61
Europa,"München",DE,48.14,11.58,8.1,1892,-0.42
Europa,"München",DE,48.14,11.58,8.1,1893,-0.77
Europa,"München",DE,48.14,11.58,8.1,1894,-0.37
Europa,"München",DE,48.14,11.58,8.1,1895,-1.51
Europa,"München",DE,48.14,11.58,8.1,1896,-0.33
Europa,"München",DE,48.14,11.58,8.1,1897,-0.78
Europa,"München",DE,48.14,11.58,8.1,1898,-0.85
Europa,"München",DE,48.14,11.58,8.1,1899,-0.46
Europa,"München",DE,48.14,11.58,8.1,1900,-0.56
Europa,"München",DE,48.14,11.58,8.1,1901,-0.33
Europa,"München",DE,48.14,11.58,8.1,1902,-0.54
Europa,"München",DE,48.14,11.58,8.1,1903,-0.7
Europa,"München",DE,48.14,11.58,8.1,1904,-0.61
Europa,"München",DE,48.14,11.58,8.1,1905,-0.4
Europa,"München",DE,48.14,11.58,8.1,1906,0.06
Europa,"München",DE,48.14,11.58,8.1,1907,-0.41
Europa,"München",DE,48.14,11.58,8.1,1908,-0.13
Europa,"München",DE,48.14,11.58,8.1,1909,-0.01
Europa,"München",DE,48.14,11.58,8.1,1910,-0.8
Europa,"München",DE,48.14,11.58,8.1,1911,-0.8
Europa,"München",DE,48.14,11.58,8.1,1912,-0.66
Europa,"München",DE,48.14,11.58,8.1,1913,-0.73
Europa,"München",DE,48.14,11.58,8.1,1914,-0.52
Europa,"München",DE,48.14,11.58,8.1,1915,-0.27
Europa,"München",DE,48.14,11.58,8.1,1916,-0.59
Europa,"München",DE,48.14,11.58,8.1,1917,-1.09
Europa,"München",DE,48.14,11.58,8.1,1918,-0.82
Europa,"München",DE,48.14,11.58,8.1,1919,-0.48
Europa,"München",DE,48.14,11.58,8.1,1920,-0.61
Europa,"München",DE,48.14,11.58,8.1,1921,0.18
Europa,"München",DE,48.14,11.58,8.1,1922,-0.87
Europa,"München",DE,48.14,11.58,8.1,1923,-0.75
Europa,"München",DE,48.14,11.58,8.1,1924,-0.28
Europa,"München",DE,48.14,11.58,8.1,1925,-0.54
Europa,"München",DE,48.14,11.58,8.1,1926,-0.17
Europa,"München",DE,48.14,11.58,8.1,1927,-0.41
Europa,"München",DE,48.14,11.58,8.1,1928,-0.08
Europa,"München",DE,48.14,11.58,8.1,1929,-0.2
Europa,"München",DE,48.14,11.58,8.1,1930,-0.11
Europa,"München",DE,48.14,11.58,8.1,1931,-0.06
Europa,"München",DE,48.14,11.58,8.1,1932,-0.1
Europa,"München",DE,48.14,11.58,8.1,1933,-0.65
Europa,"München",DE,48.14,11.58,8.1,1934,-0.1
Europa,"München",DE,48.14,11.58,8.1,1935,-0.14
Europa,"München",DE,48.14,11.58,8.1,1936,0.59
Europa,"München",DE,48.14,11.58,8.1,1937,0.25
Europa,"München",DE,48.14,11.58,8.1,1938,0.58
Europa,"München",DE,48.14,11.58,8.1,1939,-0.07
Europa,"München",DE,48.14,11.58,8.1,1940,-0.12
Europa,"München",DE,48.14,11.58,8.1,1941,0.49
Europa,"München",DE,48.14,11.58,8.1,1942,-0.47
Europa,"München",DE,48.14,11.58,8.1,1943,-0.05
Europa,"München",DE,48.14,11.58,8.1,1944,0.73
Europa,"München",DE,48.14,11.58,8.1,1945,-0.33
Europa,"München",DE,48.14,11.58,8.1,1946,-0.27
Europa,"München",DE,48.14,11.58,8.1,1947,-0.24
Europa,"München",DE,48.14,11.58,8.1,1948,0.09
Europa,"München",DE,48.14,11.58,8.1,1949,-0.31
Europa,"München",DE,48.14,11.58,8.1,1950,-0.28
Europa,"München",DE,48.14,11.58,8.1,1951,0.41
Europa,"München",DE,48.14,11.58,8.1,1952,0.15
Europa,"München",DE,48.14,11.58,8.1,1953,0.88
Europa,"München",DE,48.14,11.58,8.1,1954,0.01
Europa,"München",DE,48.14,11.58,8.1,1955,-0.24
Europa,"München",DE,48.14,11.58,8.1,1956,-0.16
Europa,"München",DE,48.14,11.58,8.1,1957,-0.4
Europa,"München",DE,48.14,11.58,8.1,1958,0.02
Europa,"München",DE,48.14,11.58,8.1,1959,0.31
Europa,"München",DE,48.14,11.58,8.1,1960,0.22
Europa,"München",DE,48.14,11.58,8.1,1961,-0.65
Europa,"München",DE,48.14,11.58,8.1,1962,-0.36
Europa,"München",DE,48.14,11.58,8.1,1963,-0.1
Europa,"München",DE,48.14,11.58,8.1,1964,-0.05
Europa,"München",DE,48.14,11.58,8.1,1965,-0.19
Europa,"München",DE,48.14,11.58,8.1,1966,-0.75
Europa,"München",DE,48.14,11.58,8.1,1967,-0.11
Europa,"München",DE,48.14,11.58,8.1,1968,-0.37
Europa,"München",DE,48.14,11.58,8.1,1969,0.03
Europa,"München",DE,48.14,11.58,8.1,1970,-0.21
Europa,"München",DE,48.14,11.58,8.1,1971,-0.42
Europa,"München",DE,48.14,11.58,8.1,1972,0.12
Europa,"München",DE,48.14,11.58,8.1,1973,0.05
Europa,"München",DE,48.14,11.58,8.1,1974,-0.43
Europa,"München",DE,48.14,11.58,8.1,1975,0.12
Europa,"München",DE,48.14,11.58,8.1,1976,0.13
Europa,"München",DE,48.14,11.58,8.1,1977,-0.06
Europa,"München",DE,48.14,11.58,8.1,1978,-0.27
Europa,"München",DE,48.14,11.58,8.1,1979,0.43
Europa,"München",DE,48.14,11.58,8.1,1980,-0.11
Europa,"München",DE,48.14,11.58,8.1,1981,0.5
Europa,"München",DE,48.14,11.58,8.1,1982,0.51
Europa,"München",DE,48.14,11.58,8.1,1983,0.26
Europa,"München",DE,48.14,11.58,8.1,1984,0.15
Europa,"München",DE,48.14,11.58,8.1,1985,-0.46
Europa,"München",DE,48.14,11.58,8.1,1986,0.14
Europa,"München",DE,48.14,11.58,8.1,1987,0.26
Europa,"München",DE,48.14,11.58,8.1,1988,0.84
Europa,"München",DE,48.14,11.58,8.1,1989,0.27
Europa,"München",DE,48.14,11.58,8.1,1990,0.72
Europa,"München",DE,48.14,11.58,8.1,1991,0.72
Europa,"München",DE,48.14,11.58,8.1,1992,0.04
Europa,"München",DE,48.14,11.58,8.1,1993,-0.01
Europa,"München",DE,48.14,11.58,8.1,1994,0.74
Europa,"München",DE,48.14,11.58,8.1,1995,0.76
Europa,"München",DE,48.14,11.58,8.1,1996,0.42
Europa,"München",DE,48.14,11.58,8.1,1997,0.66
Europa,"München",DE,48.14,11.58,8.1,1998,0.83
Europa,"München",DE,48.14,11.58,8.1,1999,0.63
Europa,"München",DE,48.14,11.58,8.1,2000,0.53
Europa,"München",DE,48.14,11.58,8.1,2001,0.71
Europa,"München",DE,48.14,11.58,8.1,2002,0.71
Europa,"München",DE,48.14,11.58,8.1,2003,1.01
Europa,"München",DE,48.14,11.58,8.1,2004,1.33
Europa,"München",DE,48.14,11.58,8.1,2005,1.28
Europa,"München",DE,48.14,11.58,8.1,2006,1.09
Europa,"München",DE,48.14,11.58,8.1,2007,1.49
Europa,"München",DE,48.14,11.58,8.1,2008,1.28
Europa,"München",DE,48.14,11.58,8.1,2009,0.71
Europa,"München",DE,48.14,11.58,8.1,2010,1.71
Europa,"München",DE,48.14,11.58,8.1,2011,1.28
Europa,"München",DE,48.14,11.58,8.1,2012,0.62
Europa,"München",DE,48.14,11.58,8.1,2013,1.63
Europa,"München",DE,48.14,11.58,8.1,2014,1.85
Europa,"München",DE,48.14,11.58,8.1,2015,1.72
Europa,"München",DE,48.14,11.58,8.1,2016,1.88
Europa,"München",DE,48.14,11.58,8.1,2017,1.99
Europa,"München",DE,48.14,11.58,8.1,2018,0.97
Europa,"München",DE,48.14,11.58,8.1,2019,1.45
Europa,"München",DE,48.14,11.58,8.1,2020,2.3
Europa,"München",DE,48.14,11.58,8.1,2021,1.97
Europa,"München",DE,48.14,11.58,8.1,2022,2.1
Europa,"München",DE,48.14,11.58,8.1,2023,2.4
Europa,"München",DE,48.14,11.58,8.1,2024,2.57
Europa,"München",DE,48.14,11.58,8.1,2025,2.21
Europa,"Budapest",HU,47.5,19.04,10.6,1850,-0.75
Europa,"Budapest",HU,47.5,19.04,10.6,1851,-0.91
Europa,"Budapest",HU,47.5,19.04,10.6,1852,0.09
Europa,"Budapest",HU,47.5,19.04,10.6,1853,-0.57
Europa,"Budapest",HU,47.5,19.04,10.6,1854,-0.69
Europa,"Budapest",HU,47.5,19.04,10.6,1855,-0.56
Europa,"Budapest",HU,47.5,19.04,10.6,1856,-0.3
Europa,"Budapest",HU,47.5,19.04,10.6,1857,-0.6
Europa,"Budapest",HU,47.5,19.04,10.6,1858,-1.32
Europa,"Budapest",HU,47.5,19.04,10.6,1859,0.06
Europa,"Budapest",HU,47.5,19.04,10.6,1860,-0.53
Europa,"Budapest",HU,47.5,19.04,10.6,1861,-0.79
Europa,"Budapest",HU,47.5,19.04,10.6,1862,-1.55
Europa,"Budapest",HU,47.5,19.04,10.6,1863,-0.57
Europa,"Budapest",HU,47.5,19.04,10.6,1864,-1.34
Europa,"Budapest",HU,47.5,19.04,10.6,1865,-1.24
Europa,"Budapest",HU,47.5,19.04,10.6,1866,-0.07
Europa,"Budapest",HU,47.5,19.04,10.6,1867,-1.08
Europa,"Budapest",HU,47.5,19.04,10.6,1868,-0.86
Europa,"Budapest",HU,47.5,19.04,10.6,1869,-0.42
Europa,"Budapest",HU,47.5,19.04,10.6,1870,-0.54
Europa,"Budapest",HU,47.5,19.04,10.6,1871,-1.01
Europa,"Budapest",HU,47.5,19.04,10.6,1872,-0.08
Europa,"Budapest",HU,47.5,19.04,10.6,1873,-0.35
Europa,"Budapest",HU,47.5,19.04,10.6,1874,-0.69
Europa,"Budapest",HU,47.5,19.04,10.6,1875,-0.47
Europa,"Budapest",HU,47.5,19.04,10.6,1876,-0.57
Europa,"Budapest",HU,47.5,19.04,10.6,1877,0.21
Europa,"Budapest",HU,47.5,19.04,10.6,1878,0.42
Europa,"Budapest",HU,47.5,19.04,10.6,1879,-0.01
Europa,"Budapest",HU,47.5,19.04,10.6,1880,-0.2
Europa,"Budapest",HU,47.5,19.04,10.6,1881,-0.01
Europa,"Budapest",HU,47.5,19.04,10.6,1882,-0.04
Europa,"Budapest",HU,47.5,19.04,10.6,1883,-0.45
Europa,"Budapest",HU,47.5,19.04,10.6,1884,-0.7
Europa,"Budapest",HU,47.5,19.04,10.6,1885,-1.07
Europa,"Budapest",HU,47.5,19.04,10.6,1886,-0.2
Europa,"Budapest",HU,47.5,19.04,10.6,1887,-0.5
Europa,"Budapest",HU,47.5,19.04,10.6,1888,-0.83
Europa,"Budapest",HU,47.5,19.04,10.6,1889,-0.51
Europa,"Budapest",HU,47.5,19.04,10.6,1890,-0.72
Europa,"Budapest",HU,47.5,19.04,10.6,1891,-1.27
Europa,"Budapest",HU,47.5,19.04,10.6,1892,-0.69
Europa,"Budapest",HU,47.5,19.04,10.6,1893,-1.17
Europa,"Budapest",HU,47.5,19.04,10.6,1894,-0.94
Europa,"Budapest",HU,47.5,19.04,10.6,1895,-0.42
Europa,"Budapest",HU,47.5,19.04,10.6,1896,-0.93
Europa,"Budapest",HU,47.5,19.04,10.6,1897,-0.27
Europa,"Budapest",HU,47.5,19.04,10.6,1898,-1.13
Europa,"Budapest",HU,47.5,19.04,10.6,1899,-0.73
Europa,"Budapest",HU,47.5,19.04,10.6,1900,-0.46
Europa,"Budapest",HU,47.5,19.04,10.6,1901,-0.03
Europa,"Budapest",HU,47.5,19.04,10.6,1902,-0.42
Europa,"Budapest",HU,47.5,19.04,10.6,1903,-0.42
Europa,"Budapest",HU,47.5,19.04,10.6,1904,-0.4
Europa,"Budapest",HU,47.5,19.04,10.6,1905,-0.95
Europa,"Budapest",HU,47.5,19.04,10.6,1906,-0.49
Europa,"Budapest",HU,47.5,19.04,10.6,1907,-1.35
Europa,"Budapest",HU,47.5,19.04,10.6,1908,-0.32
Europa,"Budapest",HU,47.5,19.04,10.6,1909,0
Europa,"Budapest",HU,47.5,19.04,10.6,1910,-0.45
Europa,"Budapest",HU,47.5,19.04,10.6,1911,-0.47
Europa,"Budapest",HU,47.5,19.04,10.6,1912,-1.3
Europa,"Budapest",HU,47.5,19.04,10.6,1913,-1.48
Europa,"Budapest",HU,47.5,19.04,10.6,1914,-0.62
Europa,"Budapest",HU,47.5,19.04,10.6,1915,-0.71
Europa,"Budapest",HU,47.5,19.04,10.6,1916,-0.81
Europa,"Budapest",HU,47.5,19.04,10.6,1917,-0.35
Europa,"Budapest",HU,47.5,19.04,10.6,1918,-0.97
Europa,"Budapest",HU,47.5,19.04,10.6,1919,-0.6
Europa,"Budapest",HU,47.5,19.04,10.6,1920,-0.2
Europa,"Budapest",HU,47.5,19.04,10.6,1921,-1.15
Europa,"Budapest",HU,47.5,19.04,10.6,1922,-0.89
Europa,"Budapest",HU,47.5,19.04,10.6,1923,-0.09
Europa,"Budapest",HU,47.5,19.04,10.6,1924,0.03
Europa,"Budapest",HU,47.5,19.04,10.6,1925,0.33
Europa,"Budapest",HU,47.5,19.04,10.6,1926,0.15
Europa,"Budapest",HU,47.5,19.04,10.6,1927,-0.34
Europa,"Budapest",HU,47.5,19.04,10.6,1928,0
Europa,"Budapest",HU,47.5,19.04,10.6,1929,-0.47
Europa,"Budapest",HU,47.5,19.04,10.6,1930,-0.6
Europa,"Budapest",HU,47.5,19.04,10.6,1931,0.61
Europa,"Budapest",HU,47.5,19.04,10.6,1932,-0.19
Europa,"Budapest",HU,47.5,19.04,10.6,1933,-0.5
Europa,"Budapest",HU,47.5,19.04,10.6,1934,-0.37
Europa,"Budapest",HU,47.5,19.04,10.6,1935,0.33
Europa,"Budapest",HU,47.5,19.04,10.6,1936,0.54
Europa,"Budapest",HU,47.5,19.04,10.6,1937,-0.06
Europa,"Budapest",HU,47.5,19.04,10.6,1938,0.49
Europa,"Budapest",HU,47.5,19.04,10.6,1939,0.4
Europa,"Budapest",HU,47.5,19.04,10.6,1940,0.76
Europa,"Budapest",HU,47.5,19.04,10.6,1941,0.14
Europa,"Budapest",HU,47.5,19.04,10.6,1942,0.39
Europa,"Budapest",HU,47.5,19.04,10.6,1943,-0.01
Europa,"Budapest",HU,47.5,19.04,10.6,1944,-0.23
Europa,"Budapest",HU,47.5,19.04,10.6,1945,0.61
Europa,"Budapest",HU,47.5,19.04,10.6,1946,0.55
Europa,"Budapest",HU,47.5,19.04,10.6,1947,0.55
Europa,"Budapest",HU,47.5,19.04,10.6,1948,0.12
Europa,"Budapest",HU,47.5,19.04,10.6,1949,-0.33
Europa,"Budapest",HU,47.5,19.04,10.6,1950,0.01
Europa,"Budapest",HU,47.5,19.04,10.6,1951,0.35
Europa,"Budapest",HU,47.5,19.04,10.6,1952,0.31
Europa,"Budapest",HU,47.5,19.04,10.6,1953,0.58
Europa,"Budapest",HU,47.5,19.04,10.6,1954,0.06
Europa,"Budapest",HU,47.5,19.04,10.6,1955,0
Europa,"Budapest",HU,47.5,19.04,10.6,1956,0.17
Europa,"Budapest",HU,47.5,19.04,10.6,1957,-0.01
Europa,"Budapest",HU,47.5,19.04,10.6,1958,0.46
Europa,"Budapest",HU,47.5,19.04,10.6,1959,0.24
Europa,"Budapest",HU,47.5,19.04,10.6,1960,-0.21
Europa,"Budapest",HU,47.5,19.04,10.6,1961,-0.37
Europa,"Budapest",HU,47.5,19.04,10.6,1962,0.72
Europa,"Budapest",HU,47.5,19.04,10.6,1963,0.18
Europa,"Budapest",HU,47.5,19.04,10.6,1964,-0.8
Europa,"Budapest",HU,47.5,19.04,10.6,1965,-0.78
Europa,"Budapest",HU,47.5,19.04,10.6,1966,-0.16
Europa,"Budapest",HU,47.5,19.04,10.6,1967,-0.51
Europa,"Budapest",HU,47.5,19.04,10.6,1968,-0.64
Europa,"Budapest",HU,47.5,19.04,10.6,1969,-0.3
Europa,"Budapest",HU,47.5,19.04,10.6,1970,-0.04
Europa,"Budapest",HU,47.5,19.04,10.6,1971,-0.67
Europa,"Budapest",HU,47.5,19.04,10.6,1972,-0.18
Europa,"Budapest",HU,47.5,19.04,10.6,1973,-0.08
Europa,"Budapest",HU,47.5,19.04,10.6,1974,-0.3
Europa,"Budapest",HU,47.5,19.04,10.6,1975,-0.46
Europa,"Budapest",HU,47.5,19.04,10.6,1976,-0.95
Europa,"Budapest",HU,47.5,19.04,10.6,1977,0.08
Europa,"Budapest",HU,47.5,19.04,10.6,1978,0.39
Europa,"Budapest",HU,47.5,19.04,10.6,1979,-0.05
Europa,"Budapest",HU,47.5,19.04,10.6,1980,0.14
Europa,"Budapest",HU,47.5,19.04,10.6,1981,1.22
Europa,"Budapest",HU,47.5,19.04,10.6,1982,0.19
Europa,"Budapest",HU,47.5,19.04,10.6,1983,0.45
Europa,"Budapest",HU,47.5,19.04,10.6,1984,-0.24
Europa,"Budapest",HU,47.5,19.04,10.6,1985,-0.03
Europa,"Budapest",HU,47.5,19.04,10.6,1986,0.55
Europa,"Budapest",HU,47.5,19.04,10.6,1987,-0.12
Europa,"Budapest",HU,47.5,19.04,10.6,1988,0.39
Europa,"Budapest",HU,47.5,19.04,10.6,1989,1.03
Europa,"Budapest",HU,47.5,19.04,10.6,1990,1.33
Europa,"Budapest",HU,47.5,19.04,10.6,1991,0.66
Europa,"Budapest",HU,47.5,19.04,10.6,1992,0.35
Europa,"Budapest",HU,47.5,19.04,10.6,1993,0.44
Europa,"Budapest",HU,47.5,19.04,10.6,1994,0.18
Europa,"Budapest",HU,47.5,19.04,10.6,1995,1.46
Europa,"Budapest",HU,47.5,19.04,10.6,1996,0.38
Europa,"Budapest",HU,47.5,19.04,10.6,1997,0.09
Europa,"Budapest",HU,47.5,19.04,10.6,1998,0.53
Europa,"Budapest",HU,47.5,19.04,10.6,1999,1.57
Europa,"Budapest",HU,47.5,19.04,10.6,2000,1.37
Europa,"Budapest",HU,47.5,19.04,10.6,2001,1.45
Europa,"Budapest",HU,47.5,19.04,10.6,2002,1.51
Europa,"Budapest",HU,47.5,19.04,10.6,2003,1.48
Europa,"Budapest",HU,47.5,19.04,10.6,2004,1.55
Europa,"Budapest",HU,47.5,19.04,10.6,2005,1.08
Europa,"Budapest",HU,47.5,19.04,10.6,2006,1.61
Europa,"Budapest",HU,47.5,19.04,10.6,2007,1.51
Europa,"Budapest",HU,47.5,19.04,10.6,2008,1.04
Europa,"Budapest",HU,47.5,19.04,10.6,2009,0.35
Europa,"Budapest",HU,47.5,19.04,10.6,2010,0.6
Europa,"Budapest",HU,47.5,19.04,10.6,2011,1.1
Europa,"Budapest",HU,47.5,19.04,10.6,2012,1.33
Europa,"Budapest",HU,47.5,19.04,10.6,2013,1.2
Europa,"Budapest",HU,47.5,19.04,10.6,2014,0.96
Europa,"Budapest",HU,47.5,19.04,10.6,2015,1.81
Europa,"Budapest",HU,47.5,19.04,10.6,2016,1.62
Europa,"Budapest",HU,47.5,19.04,10.6,2017,1.67
Europa,"Budapest",HU,47.5,19.04,10.6,2018,0.79
Europa,"Budapest",HU,47.5,19.04,10.6,2019,1.04
Europa,"Budapest",HU,47.5,19.04,10.6,2020,2.36
Europa,"Budapest",HU,47.5,19.04,10.6,2021,1.56
Europa,"Budapest",HU,47.5,19.04,10.6,2022,2.09
Europa,"Budapest",HU,47.5,19.04,10.6,2023,2.02
Europa,"Budapest",HU,47.5,19.04,10.6,2024,2.52
Europa,"Budapest",HU,47.5,19.04,10.6,2025,1.94
Europa,"Zürich",CH,47.38,8.54,8.5,1850,-0.64
Europa,"Zürich",CH,47.38,8.54,8.5,1851,-0.74
Europa,"Zürich",CH,47.38,8.54,8.5,1852,-0.47
Europa,"Zürich",CH,47.38,8.54,8.5,1853,-0.62
Europa,"Zürich",CH,47.38,8.54,8.5,1854,-0.37
Europa,"Zürich",CH,47.38,8.54,8.5,1855,-0.07
Europa,"Zürich",CH,47.38,8.54,8.5,1856,-1
Europa,"Zürich",CH,47.38,8.54,8.5,1857,-1.15
Europa,"Zürich",CH,47.38,8.54,8.5,1858,0.01
Europa,"Zürich",CH,47.38,8.54,8.5,1859,-0.2
Europa,"Zürich",CH,47.38,8.54,8.5,1860,-0.41
Europa,"Zürich",CH,47.38,8.54,8.5,1861,0.07
Europa,"Zürich",CH,47.38,8.54,8.5,1862,-0.86
Europa,"Zürich",CH,47.38,8.54,8.5,1863,-0.66
Europa,"Zürich",CH,47.38,8.54,8.5,1864,-0.99
Europa,"Zürich",CH,47.38,8.54,8.5,1865,-1.07
Europa,"Zürich",CH,47.38,8.54,8.5,1866,-1.24
Europa,"Zürich",CH,47.38,8.54,8.5,1867,-0.98
Europa,"Zürich",CH,47.38,8.54,8.5,1868,-0.41
Europa,"Zürich",CH,47.38,8.54,8.5,1869,-0.86
Europa,"Zürich",CH,47.38,8.54,8.5,1870,-0.31
Europa,"Zürich",CH,47.38,8.54,8.5,1871,-0.4
Europa,"Zürich",CH,47.38,8.54,8.5,1872,-0.59
Europa,"Zürich",CH,47.38,8.54,8.5,1873,-0.82
Europa,"Zürich",CH,47.38,8.54,8.5,1874,-0.76
Europa,"Zürich",CH,47.38,8.54,8.5,1875,-0.68
Europa,"Zürich",CH,47.38,8.54,8.5,1876,-1.04
Europa,"Zürich",CH,47.38,8.54,8.5,1877,-0.16
Europa,"Zürich",CH,47.38,8.54,8.5,1878,-0.09
Europa,"Zürich",CH,47.38,8.54,8.5,1879,-1.32
Europa,"Zürich",CH,47.38,8.54,8.5,1880,-0.7
Europa,"Zürich",CH,47.38,8.54,8.5,1881,-0.36
Europa,"Zürich",CH,47.38,8.54,8.5,1882,-0.99
Europa,"Zürich",CH,47.38,8.54,8.5,1883,-0.51
Europa,"Zürich",CH,47.38,8.54,8.5,1884,-0.41
Europa,"Zürich",CH,47.38,8.54,8.5,1885,-1
Europa,"Zürich",CH,47.38,8.54,8.5,1886,-0.93
Europa,"Zürich",CH,47.38,8.54,8.5,1887,-0.97
Europa,"Zürich",CH,47.38,8.54,8.5,1888,-0.74
Europa,"Zürich",CH,47.38,8.54,8.5,1889,-0.59
Europa,"Zürich",CH,47.38,8.54,8.5,1890,-0.95
Europa,"Zürich",CH,47.38,8.54,8.5,1891,-0.53
Europa,"Zürich",CH,47.38,8.54,8.5,1892,-0.91
Europa,"Zürich",CH,47.38,8.54,8.5,1893,-0.84
Europa,"Zürich",CH,47.38,8.54,8.5,1894,-0.72
Europa,"Zürich",CH,47.38,8.54,8.5,1895,-1.26
Europa,"Zürich",CH,47.38,8.54,8.5,1896,-0.6
Europa,"Zürich",CH,47.38,8.54,8.5,1897,-0.42
Europa,"Zürich",CH,47.38,8.54,8.5,1898,-0.1
Europa,"Zürich",CH,47.38,8.54,8.5,1899,-0.73
Europa,"Zürich",CH,47.38,8.54,8.5,1900,-0.3
Europa,"Zürich",CH,47.38,8.54,8.5,1901,-0.13
Europa,"Zürich",CH,47.38,8.54,8.5,1902,-0.6
Europa,"Zürich",CH,47.38,8.54,8.5,1903,-0.46
Europa,"Zürich",CH,47.38,8.54,8.5,1904,-1.1
Europa,"Zürich",CH,47.38,8.54,8.5,1905,-0.3
Europa,"Zürich",CH,47.38,8.54,8.5,1906,-0.56
Europa,"Zürich",CH,47.38,8.54,8.5,1907,-0.86
Europa,"Zürich",CH,47.38,8.54,8.5,1908,-0.95
Europa,"Zürich",CH,47.38,8.54,8.5,1909,-0.65
Europa,"Zürich",CH,47.38,8.54,8.5,1910,-0.87
Europa,"Zürich",CH,47.38,8.54,8.5,1911,-0.79
Europa,"Zürich",CH,47.38,8.54,8.5,1912,-0.95
Europa,"Zürich",CH,47.38,8.54,8.5,1913,-0.92
Europa,"Zürich",CH,47.38,8.54,8.5,1914,-0.58
Europa,"Zürich",CH,47.38,8.54,8.5,1915,-0.41
Europa,"Zürich",CH,47.38,8.54,8.5,1916,-0.36
Europa,"Zürich",CH,47.38,8.54,8.5,1917,-1.18
Europa,"Zürich",CH,47.38,8.54,8.5,1918,-0.93
Europa,"Zürich",CH,47.38,8.54,8.5,1919,-0.51
Europa,"Zürich",CH,47.38,8.54,8.5,1920,-0.4
Europa,"Zürich",CH,47.38,8.54,8.5,1921,-0.08
Europa,"Zürich",CH,47.38,8.54,8.5,1922,-0.68
Europa,"Zürich",CH,47.38,8.54,8.5,1923,-0.46
Europa,"Zürich",CH,47.38,8.54,8.5,1924,-0.64
Europa,"Zürich",CH,47.38,8.54,8.5,1925,-1.1
Europa,"Zürich",CH,47.38,8.54,8.5,1926,0.19
Europa,"Zürich",CH,47.38,8.54,8.5,1927,-0.57
Europa,"Zürich",CH,47.38,8.54,8.5,1928,-0.36
Europa,"Zürich",CH,47.38,8.54,8.5,1929,-0.38
Europa,"Zürich",CH,47.38,8.54,8.5,1930,0.42
Europa,"Zürich",CH,47.38,8.54,8.5,1931,0.57
Europa,"Zürich",CH,47.38,8.54,8.5,1932,-0.09
Europa,"Zürich",CH,47.38,8.54,8.5,1933,-0.13
Europa,"Zürich",CH,47.38,8.54,8.5,1934,-0.09
Europa,"Zürich",CH,47.38,8.54,8.5,1935,-0.26
Europa,"Zürich",CH,47.38,8.54,8.5,1936,-0.62
Europa,"Zürich",CH,47.38,8.54,8.5,1937,0.36
Europa,"Zürich",CH,47.38,8.54,8.5,1938,0.3
Europa,"Zürich",CH,47.38,8.54,8.5,1939,0.06
Europa,"Zürich",CH,47.38,8.54,8.5,1940,-0.05
Europa,"Zürich",CH,47.38,8.54,8.5,1941,-0.66
Europa,"Zürich",CH,47.38,8.54,8.5,1942,-0.22
Europa,"Zürich",CH,47.38,8.54,8.5,1943,0.45
Europa,"Zürich",CH,47.38,8.54,8.5,1944,0.79
Europa,"Zürich",CH,47.38,8.54,8.5,1945,0.47
Europa,"Zürich",CH,47.38,8.54,8.5,1946,-0.02
Europa,"Zürich",CH,47.38,8.54,8.5,1947,0.17
Europa,"Zürich",CH,47.38,8.54,8.5,1948,-0.17
Europa,"Zürich",CH,47.38,8.54,8.5,1949,-0.12
Europa,"Zürich",CH,47.38,8.54,8.5,1950,-0.33
Europa,"Zürich",CH,47.38,8.54,8.5,1951,-0.28
Europa,"Zürich",CH,47.38,8.54,8.5,1952,0.31
Europa,"Zürich",CH,47.38,8.54,8.5,1953,0.94
Europa,"Zürich",CH,47.38,8.54,8.5,1954,0.44
Europa,"Zürich",CH,47.38,8.54,8.5,1955,0.03
Europa,"Zürich",CH,47.38,8.54,8.5,1956,-0.59
Europa,"Zürich",CH,47.38,8.54,8.5,1957,-0.8
Europa,"Zürich",CH,47.38,8.54,8.5,1958,-0.17
Europa,"Zürich",CH,47.38,8.54,8.5,1959,0.22
Europa,"Zürich",CH,47.38,8.54,8.5,1960,0.48
Europa,"Zürich",CH,47.38,8.54,8.5,1961,0.15
Europa,"Zürich",CH,47.38,8.54,8.5,1962,0.07
Europa,"Zürich",CH,47.38,8.54,8.5,1963,0.12
Europa,"Zürich",CH,47.38,8.54,8.5,1964,-0.73
Europa,"Zürich",CH,47.38,8.54,8.5,1965,-0.51
Europa,"Zürich",CH,47.38,8.54,8.5,1966,-0.49
Europa,"Zürich",CH,47.38,8.54,8.5,1967,0.3
Europa,"Zürich",CH,47.38,8.54,8.5,1968,-0.36
Europa,"Zürich",CH,47.38,8.54,8.5,1969,-0.62
Europa,"Zürich",CH,47.38,8.54,8.5,1970,-0.8
Europa,"Zürich",CH,47.38,8.54,8.5,1971,-0.04
Europa,"Zürich",CH,47.38,8.54,8.5,1972,-0.53
Europa,"Zürich",CH,47.38,8.54,8.5,1973,-0.06
Europa,"Zürich",CH,47.38,8.54,8.5,1974,0.17
Europa,"Zürich",CH,47.38,8.54,8.5,1975,-0.67
Europa,"Zürich",CH,47.38,8.54,8.5,1976,-0.46
Europa,"Zürich",CH,47.38,8.54,8.5,1977,-0.01
Europa,"Zürich",CH,47.38,8.54,8.5,1978,-0.21
Europa,"Zürich",CH,47.38,8.54,8.5,1979,-0.14
Europa,"Zürich",CH,47.38,8.54,8.5,1980,0.02
Europa,"Zürich",CH,47.38,8.54,8.5,1981,0.64
Europa,"Zürich",CH,47.38,8.54,8.5,1982,0.15
Europa,"Zürich",CH,47.38,8.54,8.5,1983,0.29
Europa,"Zürich",CH,47.38,8.54,8.5,1984,0.5
Europa,"Zürich",CH,47.38,8.54,8.5,1985,0.18
Europa,"Zürich",CH,47.38,8.54,8.5,1986,0.22
Europa,"Zürich",CH,47.38,8.54,8.5,1987,0.66
Europa,"Zürich",CH,47.38,8.54,8.5,1988,0.96
Europa,"Zürich",CH,47.38,8.54,8.5,1989,0.33
Europa,"Zürich",CH,47.38,8.54,8.5,1990,0.85
Europa,"Zürich",CH,47.38,8.54,8.5,1991,0.21
Europa,"Zürich",CH,47.38,8.54,8.5,1992,-0.05
Europa,"Zürich",CH,47.38,8.54,8.5,1993,-0.15
Europa,"Zürich",CH,47.38,8.54,8.5,1994,0.95
Europa,"Zürich",CH,47.38,8.54,8.5,1995,1.3
Europa,"Zürich",CH,47.38,8.54,8.5,1996,0.28
Europa,"Zürich",CH,47.38,8.54,8.5,1997,0.57
Europa,"Zürich",CH,47.38,8.54,8.5,1998,1.12
Europa,"Zürich",CH,47.38,8.54,8.5,1999,0.51
Europa,"Zürich",CH,47.38,8.54,8.5,2000,0.09
Europa,"Zürich",CH,47.38,8.54,8.5,2001,0.9
Europa,"Zürich",CH,47.38,8.54,8.5,2002,1.31
Europa,"Zürich",CH,47.38,8.54,8.5,2003,0.73
Europa,"Zürich",CH,47.38,8.54,8.5,2004,1.35
Europa,"Zürich",CH,47.38,8.54,8.5,2005,0.93
Europa,"Zürich",CH,47.38,8.54,8.5,2006,0.86
Europa,"Zürich",CH,47.38,8.54,8.5,2007,0.99
Europa,"Zürich",CH,47.38,8.54,8.5,2008,1.14
Europa,"Zürich",CH,47.38,8.54,8.5,2009,0.93
Europa,"Zürich",CH,47.38,8.54,8.5,2010,1.77
Europa,"Zürich",CH,47.38,8.54,8.5,2011,1.09
Europa,"Zürich",CH,47.38,8.54,8.5,2012,0.93
Europa,"Zürich",CH,47.38,8.54,8.5,2013,0.89
Europa,"Zürich",CH,47.38,8.54,8.5,2014,1.85
Europa,"Zürich",CH,47.38,8.54,8.5,2015,1.66
Europa,"Zürich",CH,47.38,8.54,8.5,2016,2.08
Europa,"Zürich",CH,47.38,8.54,8.5,2017,1.88
Europa,"Zürich",CH,47.38,8.54,8.5,2018,1.62
Europa,"Zürich",CH,47.38,8.54,8.5,2019,1.34
Europa,"Zürich",CH,47.38,8.54,8.5,2020,1.92
Europa,"Zürich",CH,47.38,8.54,8.5,2021,1.32
Europa,"Zürich",CH,47.38,8.54,8.5,2022,1.04
Europa,"Zürich",CH,47.38,8.54,8.5,2023,1.86
Europa,"Zürich",CH,47.38,8.54,8.5,2024,2.59
Europa,"Zürich",CH,47.38,8.54,8.5,2025,2.14
Europa,"Mailand",IT,45.46,9.19,12.5,1850,-1.24
Europa,"Mailand",IT,45.46,9.19,12.5,1851,-0.72
Europa,"Mailand",IT,45.46,9.19,12.5,1852,-0.36
Europa,"Mailand",IT,45.46,9.19,12.5,1853,-0.28
Europa,"Mailand",IT,45.46,9.19,12.5,1854,-0.13
Europa,"Mailand",IT,45.46,9.19,12.5,1855,-0.43
Europa,"Mailand",IT,45.46,9.19,12.5,1856,-0.55
Europa,"Mailand",IT,45.46,9.19,12.5,1857,-1.32
Europa,"Mailand",IT,45.46,9.19,12.5,1858,-0.85
Europa,"Mailand",IT,45.46,9.19,12.5,1859,-0.16
Europa,"Mailand",IT,45.46,9.19,12.5,1860,-0.63
Europa,"Mailand",IT,45.46,9.19,12.5,1861,-0.62
Europa,"Mailand",IT,45.46,9.19,12.5,1862,-0.88
Europa,"Mailand",IT,45.46,9.19,12.5,1863,-0.55
Europa,"Mailand",IT,45.46,9.19,12.5,1864,-1.12
Europa,"Mailand",IT,45.46,9.19,12.5,1865,-0.46
Europa,"Mailand",IT,45.46,9.19,12.5,1866,-0.75
Europa,"Mailand",IT,45.46,9.19,12.5,1867,-1.05
Europa,"Mailand",IT,45.46,9.19,12.5,1868,-0.78
Europa,"Mailand",IT,45.46,9.19,12.5,1869,-0.31
Europa,"Mailand",IT,45.46,9.19,12.5,1870,-0.7
Europa,"Mailand",IT,45.46,9.19,12.5,1871,-0.02
Europa,"Mailand",IT,45.46,9.19,12.5,1872,-0.75
Europa,"Mailand",IT,45.46,9.19,12.5,1873,-0.52
Europa,"Mailand",IT,45.46,9.19,12.5,1874,-0.63
Europa,"Mailand",IT,45.46,9.19,12.5,1875,-0.97
Europa,"Mailand",IT,45.46,9.19,12.5,1876,-0.87
Europa,"Mailand",IT,45.46,9.19,12.5,1877,-0.38
Europa,"Mailand",IT,45.46,9.19,12.5,1878,0.33
Europa,"Mailand",IT,45.46,9.19,12.5,1879,-0.81
Europa,"Mailand",IT,45.46,9.19,12.5,1880,-0.79
Europa,"Mailand",IT,45.46,9.19,12.5,1881,-0.14
Europa,"Mailand",IT,45.46,9.19,12.5,1882,-0.46
Europa,"Mailand",IT,45.46,9.19,12.5,1883,-0.74
Europa,"Mailand",IT,45.46,9.19,12.5,1884,-1.06
Europa,"Mailand",IT,45.46,9.19,12.5,1885,-1.16
Europa,"Mailand",IT,45.46,9.19,12.5,1886,-0.7
Europa,"Mailand",IT,45.46,9.19,12.5,1887,-1.18
Europa,"Mailand",IT,45.46,9.19,12.5,1888,-0.07
Europa,"Mailand",IT,45.46,9.19,12.5,1889,0.05
Europa,"Mailand",IT,45.46,9.19,12.5,1890,-0.35
Europa,"Mailand",IT,45.46,9.19,12.5,1891,-0.4
Europa,"Mailand",IT,45.46,9.19,12.5,1892,-1.23
Europa,"Mailand",IT,45.46,9.19,12.5,1893,-0.34
Europa,"Mailand",IT,45.46,9.19,12.5,1894,-0.18
Europa,"Mailand",IT,45.46,9.19,12.5,1895,-0.4
Europa,"Mailand",IT,45.46,9.19,12.5,1896,-0.26
Europa,"Mailand",IT,45.46,9.19,12.5,1897,-0.36
Europa,"Mailand",IT,45.46,9.19,12.5,1898,-0.25
Europa,"Mailand",IT,45.46,9.19,12.5,1899,-0.58
Europa,"Mailand",IT,45.46,9.19,12.5,1900,-0.22
Europa,"Mailand",IT,45.46,9.19,12.5,1901,0.18
Europa,"Mailand",IT,45.46,9.19,12.5,1902,-0.08
Europa,"Mailand",IT,45.46,9.19,12.5,1903,-0.41
Europa,"Mailand",IT,45.46,9.19,12.5,1904,-1.02
Europa,"Mailand",IT,45.46,9.19,12.5,1905,-1.25
Europa,"Mailand",IT,45.46,9.19,12.5,1906,-0.05
Europa,"Mailand",IT,45.46,9.19,12.5,1907,-1.02
Europa,"Mailand",IT,45.46,9.19,12.5,1908,-0.55
Europa,"Mailand",IT,45.46,9.19,12.5,1909,-0.98
Europa,"Mailand",IT,45.46,9.19,12.5,1910,-0.63
Europa,"Mailand",IT,45.46,9.19,12.5,1911,-0.92
Europa,"Mailand",IT,45.46,9.19,12.5,1912,-0.66
Europa,"Mailand",IT,45.46,9.19,12.5,1913,-0.57
Europa,"Mailand",IT,45.46,9.19,12.5,1914,-0.4
Europa,"Mailand",IT,45.46,9.19,12.5,1915,-0.54
Europa,"Mailand",IT,45.46,9.19,12.5,1916,-0.19
Europa,"Mailand",IT,45.46,9.19,12.5,1917,-0.45
Europa,"Mailand",IT,45.46,9.19,12.5,1918,-0.34
Europa,"Mailand",IT,45.46,9.19,12.5,1919,-0.25
Europa,"Mailand",IT,45.46,9.19,12.5,1920,-0.92
Europa,"Mailand",IT,45.46,9.19,12.5,1921,-0.53
Europa,"Mailand",IT,45.46,9.19,12.5,1922,0.15
Europa,"Mailand",IT,45.46,9.19,12.5,1923,-0.54
Europa,"Mailand",IT,45.46,9.19,12.5,1924,-0.33
Europa,"Mailand",IT,45.46,9.19,12.5,1925,-0.27
Europa,"Mailand",IT,45.46,9.19,12.5,1926,0.56
Europa,"Mailand",IT,45.46,9.19,12.5,1927,0.2
Europa,"Mailand",IT,45.46,9.19,12.5,1928,0.36
Europa,"Mailand",IT,45.46,9.19,12.5,1929,-0.45
Europa,"Mailand",IT,45.46,9.19,12.5,1930,-0.39
Europa,"Mailand",IT,45.46,9.19,12.5,1931,0.33
Europa,"Mailand",IT,45.46,9.19,12.5,1932,-0.24
Europa,"Mailand",IT,45.46,9.19,12.5,1933,-0.25
Europa,"Mailand",IT,45.46,9.19,12.5,1934,0.32
Europa,"Mailand",IT,45.46,9.19,12.5,1935,0.61
Europa,"Mailand",IT,45.46,9.19,12.5,1936,-0.13
Europa,"Mailand",IT,45.46,9.19,12.5,1937,-0.27
Europa,"Mailand",IT,45.46,9.19,12.5,1938,0.34
Europa,"Mailand",IT,45.46,9.19,12.5,1939,0.44
Europa,"Mailand",IT,45.46,9.19,12.5,1940,0.25
Europa,"Mailand",IT,45.46,9.19,12.5,1941,0.25
Europa,"Mailand",IT,45.46,9.19,12.5,1942,0.27
Europa,"Mailand",IT,45.46,9.19,12.5,1943,0.05
Europa,"Mailand",IT,45.46,9.19,12.5,1944,0.46
Europa,"Mailand",IT,45.46,9.19,12.5,1945,0.79
Europa,"Mailand",IT,45.46,9.19,12.5,1946,-0.25
Europa,"Mailand",IT,45.46,9.19,12.5,1947,-0.04
Europa,"Mailand",IT,45.46,9.19,12.5,1948,-0.08
Europa,"Mailand",IT,45.46,9.19,12.5,1949,0.17
Europa,"Mailand",IT,45.46,9.19,12.5,1950,-0.72
Europa,"Mailand",IT,45.46,9.19,12.5,1951,-0.43
Europa,"Mailand",IT,45.46,9.19,12.5,1952,-0.07
Europa,"Mailand",IT,45.46,9.19,12.5,1953,0.24
Europa,"Mailand",IT,45.46,9.19,12.5,1954,-0.61
Europa,"Mailand",IT,45.46,9.19,12.5,1955,-0.72
Europa,"Mailand",IT,45.46,9.19,12.5,1956,-0.67
Europa,"Mailand",IT,45.46,9.19,12.5,1957,-0.86
Europa,"Mailand",IT,45.46,9.19,12.5,1958,-0.11
Europa,"Mailand",IT,45.46,9.19,12.5,1959,0.26
Europa,"Mailand",IT,45.46,9.19,12.5,1960,0.35
Europa,"Mailand",IT,45.46,9.19,12.5,1961,-0.16
Europa,"Mailand",IT,45.46,9.19,12.5,1962,-0.32
Europa,"Mailand",IT,45.46,9.19,12.5,1963,0.18
Europa,"Mailand",IT,45.46,9.19,12.5,1964,-0.61
Europa,"Mailand",IT,45.46,9.19,12.5,1965,0.18
Europa,"Mailand",IT,45.46,9.19,12.5,1966,0.07
Europa,"Mailand",IT,45.46,9.19,12.5,1967,-0.27
Europa,"Mailand",IT,45.46,9.19,12.5,1968,0.19
Europa,"Mailand",IT,45.46,9.19,12.5,1969,0.16
Europa,"Mailand",IT,45.46,9.19,12.5,1970,0
Europa,"Mailand",IT,45.46,9.19,12.5,1971,-0.19
Europa,"Mailand",IT,45.46,9.19,12.5,1972,-0.61
Europa,"Mailand",IT,45.46,9.19,12.5,1973,-0.33
Europa,"Mailand",IT,45.46,9.19,12.5,1974,-0.67
Europa,"Mailand",IT,45.46,9.19,12.5,1975,0
Europa,"Mailand",IT,45.46,9.19,12.5,1976,-0.51
Europa,"Mailand",IT,45.46,9.19,12.5,1977,-0.27
Europa,"Mailand",IT,45.46,9.19,12.5,1978,-0.15
Europa,"Mailand",IT,45.46,9.19,12.5,1979,0.39
Europa,"Mailand",IT,45.46,9.19,12.5,1980,0.41
Europa,"Mailand",IT,45.46,9.19,12.5,1981,0.36
Europa,"Mailand",IT,45.46,9.19,12.5,1982,0.52
Europa,"Mailand",IT,45.46,9.19,12.5,1983,0.21
Europa,"Mailand",IT,45.46,9.19,12.5,1984,0.08
Europa,"Mailand",IT,45.46,9.19,12.5,1985,0.52
Europa,"Mailand",IT,45.46,9.19,12.5,1986,-0.56
Europa,"Mailand",IT,45.46,9.19,12.5,1987,-0.07
Europa,"Mailand",IT,45.46,9.19,12.5,1988,0.47
Europa,"Mailand",IT,45.46,9.19,12.5,1989,0.2
Europa,"Mailand",IT,45.46,9.19,12.5,1990,0.76
Europa,"Mailand",IT,45.46,9.19,12.5,1991,0.41
Europa,"Mailand",IT,45.46,9.19,12.5,1992,0.28
Europa,"Mailand",IT,45.46,9.19,12.5,1993,0.26
Europa,"Mailand",IT,45.46,9.19,12.5,1994,0.15
Europa,"Mailand",IT,45.46,9.19,12.5,1995,0.99
Europa,"Mailand",IT,45.46,9.19,12.5,1996,0.33
Europa,"Mailand",IT,45.46,9.19,12.5,1997,0.73
Europa,"Mailand",IT,45.46,9.19,12.5,1998,0.81
Europa,"Mailand",IT,45.46,9.19,12.5,1999,0.68
Europa,"Mailand",IT,45.46,9.19,12.5,2000,1.08
Europa,"Mailand",IT,45.46,9.19,12.5,2001,0.89
Europa,"Mailand",IT,45.46,9.19,12.5,2002,1.64
Europa,"Mailand",IT,45.46,9.19,12.5,2003,1.82
Europa,"Mailand",IT,45.46,9.19,12.5,2004,1.08
Europa,"Mailand",IT,45.46,9.19,12.5,2005,1.16
Europa,"Mailand",IT,45.46,9.19,12.5,2006,1.57
Europa,"Mailand",IT,45.46,9.19,12.5,2007,0.97
Europa,"Mailand",IT,45.46,9.19,12.5,2008,1.33
Europa,"Mailand",IT,45.46,9.19,12.5,2009,1.52
Europa,"Mailand",IT,45.46,9.19,12.5,2010,1.74
Europa,"Mailand",IT,45.46,9.19,12.5,2011,1.03
Europa,"Mailand",IT,45.46,9.19,12.5,2012,1.29
Europa,"Mailand",IT,45.46,9.19,12.5,2013,1.16
Europa,"Mailand",IT,45.46,9.19,12.5,2014,2.11
Europa,"Mailand",IT,45.46,9.19,12.5,2015,1.55
Europa,"Mailand",IT,45.46,9.19,12.5,2016,2.29
Europa,"Mailand",IT,45.46,9.19,12.5,2017,1.05
Europa,"Mailand",IT,45.46,9.19,12.5,2018,1.5
Europa,"Mailand",IT,45.46,9.19,12.5,2019,2.15
Europa,"Mailand",IT,45.46,9.19,12.5,2020,2.19
Europa,"Mailand",IT,45.46,9.19,12.5,2021,1.43
Europa,"Mailand",IT,45.46,9.19,12.5,2022,1.81
Europa,"Mailand",IT,45.46,9.19,12.5,2023,2.38
Europa,"Mailand",IT,45.46,9.19,12.5,2024,2.43
Europa,"Mailand",IT,45.46,9.19,12.5,2025,2.5
Europa,"Bukarest",RO,44.43,26.1,10.8,1850,-0.97
Europa,"Bukarest",RO,44.43,26.1,10.8,1851,-0.02
Europa,"Bukarest",RO,44.43,26.1,10.8,1852,-0.81
Europa,"Bukarest",RO,44.43,26.1,10.8,1853,-1.08
Europa,"Bukarest",RO,44.43,26.1,10.8,1854,-0.48
Europa,"Bukarest",RO,44.43,26.1,10.8,1855,-0.46
Europa,"Bukarest",RO,44.43,26.1,10.8,1856,-1.09
Europa,"Bukarest",RO,44.43,26.1,10.8,1857,-0.79
Europa,"Bukarest",RO,44.43,26.1,10.8,1858,-0.52
Europa,"Bukarest",RO,44.43,26.1,10.8,1859,-1.07
Europa,"Bukarest",RO,44.43,26.1,10.8,1860,-1.31
Europa,"Bukarest",RO,44.43,26.1,10.8,1861,-0.35
Europa,"Bukarest",RO,44.43,26.1,10.8,1862,-1.34
Europa,"Bukarest",RO,44.43,26.1,10.8,1863,-0.47
Europa,"Bukarest",RO,44.43,26.1,10.8,1864,0
Europa,"Bukarest",RO,44.43,26.1,10.8,1865,-0.03
Europa,"Bukarest",RO,44.43,26.1,10.8,1866,-0.52
Europa,"Bukarest",RO,44.43,26.1,10.8,1867,-0.87
Europa,"Bukarest",RO,44.43,26.1,10.8,1868,-0.98
Europa,"Bukarest",RO,44.43,26.1,10.8,1869,-0.48
Europa,"Bukarest",RO,44.43,26.1,10.8,1870,-0.45
Europa,"Bukarest",RO,44.43,26.1,10.8,1871,-1.15
Europa,"Bukarest",RO,44.43,26.1,10.8,1872,-0.37
Europa,"Bukarest",RO,44.43,26.1,10.8,1873,-0.57
Europa,"Bukarest",RO,44.43,26.1,10.8,1874,-0.47
Europa,"Bukarest",RO,44.43,26.1,10.8,1875,-0.42
Europa,"Bukarest",RO,44.43,26.1,10.8,1876,-0.94
Europa,"Bukarest",RO,44.43,26.1,10.8,1877,-0.22
Europa,"Bukarest",RO,44.43,26.1,10.8,1878,-0.58
Europa,"Bukarest",RO,44.43,26.1,10.8,1879,-0.5
Europa,"Bukarest",RO,44.43,26.1,10.8,1880,-0.23
Europa,"Bukarest",RO,44.43,26.1,10.8,1881,0.02
Europa,"Bukarest",RO,44.43,26.1,10.8,1882,-1.04
Europa,"Bukarest",RO,44.43,26.1,10.8,1883,-1.47
Europa,"Bukarest",RO,44.43,26.1,10.8,1884,-1.45
Europa,"Bukarest",RO,44.43,26.1,10.8,1885,-0.84
Europa,"Bukarest",RO,44.43,26.1,10.8,1886,-0.67
Europa,"Bukarest",RO,44.43,26.1,10.8,1887,-0.26
Europa,"Bukarest",RO,44.43,26.1,10.8,1888,-0.47
Europa,"Bukarest",RO,44.43,26.1,10.8,1889,-0.2
Europa,"Bukarest",RO,44.43,26.1,10.8,1890,-1.23
Europa,"Bukarest",RO,44.43,26.1,10.8,1891,-0.59
Europa,"Bukarest",RO,44.43,26.1,10.8,1892,-0.22
Europa,"Bukarest",RO,44.43,26.1,10.8,1893,-0.64
Europa,"Bukarest",RO,44.43,26.1,10.8,1894,-0.05
Europa,"Bukarest",RO,44.43,26.1,10.8,1895,-0.58
Europa,"Bukarest",RO,44.43,26.1,10.8,1896,-0.32
Europa,"Bukarest",RO,44.43,26.1,10.8,1897,-0.37
Europa,"Bukarest",RO,44.43,26.1,10.8,1898,-0.93
Europa,"Bukarest",RO,44.43,26.1,10.8,1899,-0.46
Europa,"Bukarest",RO,44.43,26.1,10.8,1900,-0.46
Europa,"Bukarest",RO,44.43,26.1,10.8,1901,-0.92
Europa,"Bukarest",RO,44.43,26.1,10.8,1902,-1.07
Europa,"Bukarest",RO,44.43,26.1,10.8,1903,-0.15
Europa,"Bukarest",RO,44.43,26.1,10.8,1904,-0.26
Europa,"Bukarest",RO,44.43,26.1,10.8,1905,-0.28
Europa,"Bukarest",RO,44.43,26.1,10.8,1906,-0.49
Europa,"Bukarest",RO,44.43,26.1,10.8,1907,-1.16
Europa,"Bukarest",RO,44.43,26.1,10.8,1908,-0.84
Europa,"Bukarest",RO,44.43,26.1,10.8,1909,-0.79
Europa,"Bukarest",RO,44.43,26.1,10.8,1910,-0.57
Europa,"Bukarest",RO,44.43,26.1,10.8,1911,-0.59
Europa,"Bukarest",RO,44.43,26.1,10.8,1912,-0.59
Europa,"Bukarest",RO,44.43,26.1,10.8,1913,-0.71
Europa,"Bukarest",RO,44.43,26.1,10.8,1914,-0.17
Europa,"Bukarest",RO,44.43,26.1,10.8,1915,-0.4
Europa,"Bukarest",RO,44.43,26.1,10.8,1916,-0.9
Europa,"Bukarest",RO,44.43,26.1,10.8,1917,-0.79
Europa,"Bukarest",RO,44.43,26.1,10.8,1918,-0.4
Europa,"Bukarest",RO,44.43,26.1,10.8,1919,-0.74
Europa,"Bukarest",RO,44.43,26.1,10.8,1920,-0.9
Europa,"Bukarest",RO,44.43,26.1,10.8,1921,-0.32
Europa,"Bukarest",RO,44.43,26.1,10.8,1922,-0.99
Europa,"Bukarest",RO,44.43,26.1,10.8,1923,-0.49
Europa,"Bukarest",RO,44.43,26.1,10.8,1924,0.25
Europa,"Bukarest",RO,44.43,26.1,10.8,1925,0.05
Europa,"Bukarest",RO,44.43,26.1,10.8,1926,-0.28
Europa,"Bukarest",RO,44.43,26.1,10.8,1927,-0.49
Europa,"Bukarest",RO,44.43,26.1,10.8,1928,-0.36
Europa,"Bukarest",RO,44.43,26.1,10.8,1929,-0.19
Europa,"Bukarest",RO,44.43,26.1,10.8,1930,-0.51
Europa,"Bukarest",RO,44.43,26.1,10.8,1931,-0.83
Europa,"Bukarest",RO,44.43,26.1,10.8,1932,-0.4
Europa,"Bukarest",RO,44.43,26.1,10.8,1933,-0.76
Europa,"Bukarest",RO,44.43,26.1,10.8,1934,-0.53
Europa,"Bukarest",RO,44.43,26.1,10.8,1935,-0.61
Europa,"Bukarest",RO,44.43,26.1,10.8,1936,0.06
Europa,"Bukarest",RO,44.43,26.1,10.8,1937,0.47
Europa,"Bukarest",RO,44.43,26.1,10.8,1938,0.59
Europa,"Bukarest",RO,44.43,26.1,10.8,1939,0.79
Europa,"Bukarest",RO,44.43,26.1,10.8,1940,1.03
Europa,"Bukarest",RO,44.43,26.1,10.8,1941,0.44
Europa,"Bukarest",RO,44.43,26.1,10.8,1942,0.6
Europa,"Bukarest",RO,44.43,26.1,10.8,1943,0.2
Europa,"Bukarest",RO,44.43,26.1,10.8,1944,0.41
Europa,"Bukarest",RO,44.43,26.1,10.8,1945,0
Europa,"Bukarest",RO,44.43,26.1,10.8,1946,-0.06
Europa,"Bukarest",RO,44.43,26.1,10.8,1947,0.09
Europa,"Bukarest",RO,44.43,26.1,10.8,1948,-0.04
Europa,"Bukarest",RO,44.43,26.1,10.8,1949,-0.5
Europa,"Bukarest",RO,44.43,26.1,10.8,1950,0.23
Europa,"Bukarest",RO,44.43,26.1,10.8,1951,0.53
Europa,"Bukarest",RO,44.43,26.1,10.8,1952,0.66
Europa,"Bukarest",RO,44.43,26.1,10.8,1953,0.19
Europa,"Bukarest",RO,44.43,26.1,10.8,1954,-0.41
Europa,"Bukarest",RO,44.43,26.1,10.8,1955,-0.34
Europa,"Bukarest",RO,44.43,26.1,10.8,1956,-1.18
Europa,"Bukarest",RO,44.43,26.1,10.8,1957,0.37
Europa,"Bukarest",RO,44.43,26.1,10.8,1958,-0.06
Europa,"Bukarest",RO,44.43,26.1,10.8,1959,-0.31
Europa,"Bukarest",RO,44.43,26.1,10.8,1960,0.09
Europa,"Bukarest",RO,44.43,26.1,10.8,1961,0.28
Europa,"Bukarest",RO,44.43,26.1,10.8,1962,0.19
Europa,"Bukarest",RO,44.43,26.1,10.8,1963,0.25
Europa,"Bukarest",RO,44.43,26.1,10.8,1964,-0.29
Europa,"Bukarest",RO,44.43,26.1,10.8,1965,-0.28
Europa,"Bukarest",RO,44.43,26.1,10.8,1966,0.27
Europa,"Bukarest",RO,44.43,26.1,10.8,1967,0.19
Europa,"Bukarest",RO,44.43,26.1,10.8,1968,-0.45
Europa,"Bukarest",RO,44.43,26.1,10.8,1969,-0.53
Europa,"Bukarest",RO,44.43,26.1,10.8,1970,-0.6
Europa,"Bukarest",RO,44.43,26.1,10.8,1971,-0.63
Europa,"Bukarest",RO,44.43,26.1,10.8,1972,-0.59
Europa,"Bukarest",RO,44.43,26.1,10.8,1973,0.14
Europa,"Bukarest",RO,44.43,26.1,10.8,1974,-0.03
Europa,"Bukarest",RO,44.43,26.1,10.8,1975,-0.56
Europa,"Bukarest",RO,44.43,26.1,10.8,1976,-0.35
Europa,"Bukarest",RO,44.43,26.1,10.8,1977,0.18
Europa,"Bukarest",RO,44.43,26.1,10.8,1978,-0.35
Europa,"Bukarest",RO,44.43,26.1,10.8,1979,-0.68
Europa,"Bukarest",RO,44.43,26.1,10.8,1980,-0.09
Europa,"Bukarest",RO,44.43,26.1,10.8,1981,0.18
Europa,"Bukarest",RO,44.43,26.1,10.8,1982,-0.17
Europa,"Bukarest",RO,44.43,26.1,10.8,1983,0.3
Europa,"Bukarest",RO,44.43,26.1,10.8,1984,0.15
Europa,"Bukarest",RO,44.43,26.1,10.8,1985,-0.2
Europa,"Bukarest",RO,44.43,26.1,10.8,1986,0.35
Europa,"Bukarest",RO,44.43,26.1,10.8,1987,0.82
Europa,"Bukarest",RO,44.43,26.1,10.8,1988,0.69
Europa,"Bukarest",RO,44.43,26.1,10.8,1989,0.91
Europa,"Bukarest",RO,44.43,26.1,10.8,1990,0.9
Europa,"Bukarest",RO,44.43,26.1,10.8,1991,0.33
Europa,"Bukarest",RO,44.43,26.1,10.8,1992,-0.04
Europa,"Bukarest",RO,44.43,26.1,10.8,1993,0.33
Europa,"Bukarest",RO,44.43,26.1,10.8,1994,0.26
Europa,"Bukarest",RO,44.43,26.1,10.8,1995,0.17
Europa,"Bukarest",RO,44.43,26.1,10.8,1996,0.18
Europa,"Bukarest",RO,44.43,26.1,10.8,1997,1.11
Europa,"Bukarest",RO,44.43,26.1,10.8,1998,1.16
Europa,"Bukarest",RO,44.43,26.1,10.8,1999,0.68
Europa,"Bukarest",RO,44.43,26.1,10.8,2000,0.93
Europa,"Bukarest",RO,44.43,26.1,10.8,2001,0.32
Europa,"Bukarest",RO,44.43,26.1,10.8,2002,0.84
Europa,"Bukarest",RO,44.43,26.1,10.8,2003,1.34
Europa,"Bukarest",RO,44.43,26.1,10.8,2004,0.84
Europa,"Bukarest",RO,44.43,26.1,10.8,2005,0.95
Europa,"Bukarest",RO,44.43,26.1,10.8,2006,1.11
Europa,"Bukarest",RO,44.43,26.1,10.8,2007,0.6
Europa,"Bukarest",RO,44.43,26.1,10.8,2008,0.41
Europa,"Bukarest",RO,44.43,26.1,10.8,2009,1
Europa,"Bukarest",RO,44.43,26.1,10.8,2010,1.3
Europa,"Bukarest",RO,44.43,26.1,10.8,2011,1.02
Europa,"Bukarest",RO,44.43,26.1,10.8,2012,1.37
Europa,"Bukarest",RO,44.43,26.1,10.8,2013,1.27
Europa,"Bukarest",RO,44.43,26.1,10.8,2014,1.07
Europa,"Bukarest",RO,44.43,26.1,10.8,2015,1.7
Europa,"Bukarest",RO,44.43,26.1,10.8,2016,1.18
Europa,"Bukarest",RO,44.43,26.1,10.8,2017,1.44
Europa,"Bukarest",RO,44.43,26.1,10.8,2018,1.25
Europa,"Bukarest",RO,44.43,26.1,10.8,2019,1.77
Europa,"Bukarest",RO,44.43,26.1,10.8,2020,1.95
Europa,"Bukarest",RO,44.43,26.1,10.8,2021,1.13
Europa,"Bukarest",RO,44.43,26.1,10.8,2022,2.15
Europa,"Bukarest",RO,44.43,26.1,10.8,2023,2.32
Europa,"Bukarest",RO,44.43,26.1,10.8,2024,2.19
Europa,"Bukarest",RO,44.43,26.1,10.8,2025,2.35
Europa,"Marseille",FR,43.3,5.37,14.5,1850,-0.5
Europa,"Marseille",FR,43.3,5.37,14.5,1851,-0.08
Europa,"Marseille",FR,43.3,5.37,14.5,1852,-0.26
Europa,"Marseille",FR,43.3,5.37,14.5,1853,-0.29
Europa,"Marseille",FR,43.3,5.37,14.5,1854,0.16
Europa,"Marseille",FR,43.3,5.37,14.5,1855,-0.78
Europa,"Marseille",FR,43.3,5.37,14.5,1856,-0.82
Europa,"Marseille",FR,43.3,5.37,14.5,1857,-0.86
Europa,"Marseille",FR,43.3,5.37,14.5,1858,-0.39
Europa,"Marseille",FR,43.3,5.37,14.5,1859,-0.43
Europa,"Marseille",FR,43.3,5.37,14.5,1860,-0.95
Europa,"Marseille",FR,43.3,5.37,14.5,1861,-0.46
Europa,"Marseille",FR,43.3,5.37,14.5,1862,-0.98
Europa,"Marseille",FR,43.3,5.37,14.5,1863,-0.31
Europa,"Marseille",FR,43.3,5.37,14.5,1864,-0.42
Europa,"Marseille",FR,43.3,5.37,14.5,1865,-0.86
Europa,"Marseille",FR,43.3,5.37,14.5,1866,-0.69
Europa,"Marseille",FR,43.3,5.37,14.5,1867,-0.81
Europa,"Marseille",FR,43.3,5.37,14.5,1868,-0.73
Europa,"Marseille",FR,43.3,5.37,14.5,1869,-0.66
Europa,"Marseille",FR,43.3,5.37,14.5,1870,-0.93
Europa,"Marseille",FR,43.3,5.37,14.5,1871,-0.33
Europa,"Marseille",FR,43.3,5.37,14.5,1872,0.05
Europa,"Marseille",FR,43.3,5.37,14.5,1873,-0.48
Europa,"Marseille",FR,43.3,5.37,14.5,1874,-0.44
Europa,"Marseille",FR,43.3,5.37,14.5,1875,-0.63
Europa,"Marseille",FR,43.3,5.37,14.5,1876,-0.81
Europa,"Marseille",FR,43.3,5.37,14.5,1877,-0.52
Europa,"Marseille",FR,43.3,5.37,14.5,1878,-0.26
Europa,"Marseille",FR,43.3,5.37,14.5,1879,-0.75
Europa,"Marseille",FR,43.3,5.37,14.5,1880,-0.45
Europa,"Marseille",FR,43.3,5.37,14.5,1881,-0.91
Europa,"Marseille",FR,43.3,5.37,14.5,1882,-0.87
Europa,"Marseille",FR,43.3,5.37,14.5,1883,-1.07
Europa,"Marseille",FR,43.3,5.37,14.5,1884,-1.1
Europa,"Marseille",FR,43.3,5.37,14.5,1885,-1.06
Europa,"Marseille",FR,43.3,5.37,14.5,1886,-1.02
Europa,"Marseille",FR,43.3,5.37,14.5,1887,-0.85
Europa,"Marseille",FR,43.3,5.37,14.5,1888,-0.4
Europa,"Marseille",FR,43.3,5.37,14.5,1889,-0.46
Europa,"Marseille",FR,43.3,5.37,14.5,1890,-1.11
Europa,"Marseille",FR,43.3,5.37,14.5,1891,-1.18
Europa,"Marseille",FR,43.3,5.37,14.5,1892,-1.55
Europa,"Marseille",FR,43.3,5.37,14.5,1893,-1.32
Europa,"Marseille",FR,43.3,5.37,14.5,1894,-0.68
Europa,"Marseille",FR,43.3,5.37,14.5,1895,-0.65
Europa,"Marseille",FR,43.3,5.37,14.5,1896,-1.04
Europa,"Marseille",FR,43.3,5.37,14.5,1897,-0.39
Europa,"Marseille",FR,43.3,5.37,14.5,1898,-0.83
Europa,"Marseille",FR,43.3,5.37,14.5,1899,-0.51
Europa,"Marseille",FR,43.3,5.37,14.5,1900,-0.81
Europa,"Marseille",FR,43.3,5.37,14.5,1901,-0.04
Europa,"Marseille",FR,43.3,5.37,14.5,1902,-0.95
Europa,"Marseille",FR,43.3,5.37,14.5,1903,-1.05
Europa,"Marseille",FR,43.3,5.37,14.5,1904,-0.64
Europa,"Marseille",FR,43.3,5.37,14.5,1905,-0.56
Europa,"Marseille",FR,43.3,5.37,14.5,1906,-0.73
Europa,"Marseille",FR,43.3,5.37,14.5,1907,-0.47
Europa,"Marseille",FR,43.3,5.37,14.5,1908,-0.82
Europa,"Marseille",FR,43.3,5.37,14.5,1909,-0.99
Europa,"Marseille",FR,43.3,5.37,14.5,1910,-1.07
Europa,"Marseille",FR,43.3,5.37,14.5,1911,-0.64
Europa,"Marseille",FR,43.3,5.37,14.5,1912,-0.41
Europa,"Marseille",FR,43.3,5.37,14.5,1913,-0.75
Europa,"Marseille",FR,43.3,5.37,14.5,1914,-0.15
Europa,"Marseille",FR,43.3,5.37,14.5,1915,-0.48
Europa,"Marseille",FR,43.3,5.37,14.5,1916,-1.11
Europa,"Marseille",FR,43.3,5.37,14.5,1917,-1.04
Europa,"Marseille",FR,43.3,5.37,14.5,1918,-0.9
Europa,"Marseille",FR,43.3,5.37,14.5,1919,-0.66
Europa,"Marseille",FR,43.3,5.37,14.5,1920,-0.63
Europa,"Marseille",FR,43.3,5.37,14.5,1921,-0.55
Europa,"Marseille",FR,43.3,5.37,14.5,1922,-0.9
Europa,"Marseille",FR,43.3,5.37,14.5,1923,-0.21
Europa,"Marseille",FR,43.3,5.37,14.5,1924,-0.53
Europa,"Marseille",FR,43.3,5.37,14.5,1925,-0.21
Europa,"Marseille",FR,43.3,5.37,14.5,1926,-0.19
Europa,"Marseille",FR,43.3,5.37,14.5,1927,0.46
Europa,"Marseille",FR,43.3,5.37,14.5,1928,-0.43
Europa,"Marseille",FR,43.3,5.37,14.5,1929,-0.68
Europa,"Marseille",FR,43.3,5.37,14.5,1930,-0.39
Europa,"Marseille",FR,43.3,5.37,14.5,1931,-0.05
Europa,"Marseille",FR,43.3,5.37,14.5,1932,-0.2
Europa,"Marseille",FR,43.3,5.37,14.5,1933,-0.37
Europa,"Marseille",FR,43.3,5.37,14.5,1934,-0.35
Europa,"Marseille",FR,43.3,5.37,14.5,1935,-0.64
Europa,"Marseille",FR,43.3,5.37,14.5,1936,-0.17
Europa,"Marseille",FR,43.3,5.37,14.5,1937,-0.31
Europa,"Marseille",FR,43.3,5.37,14.5,1938,0.23
Europa,"Marseille",FR,43.3,5.37,14.5,1939,0.02
Europa,"Marseille",FR,43.3,5.37,14.5,1940,0.08
Europa,"Marseille",FR,43.3,5.37,14.5,1941,0.55
Europa,"Marseille",FR,43.3,5.37,14.5,1942,0.46
Europa,"Marseille",FR,43.3,5.37,14.5,1943,0.24
Europa,"Marseille",FR,43.3,5.37,14.5,1944,0.41
Europa,"Marseille",FR,43.3,5.37,14.5,1945,0.16
Europa,"Marseille",FR,43.3,5.37,14.5,1946,0.38
Europa,"Marseille",FR,43.3,5.37,14.5,1947,-0.17
Europa,"Marseille",FR,43.3,5.37,14.5,1948,-0.17
Europa,"Marseille",FR,43.3,5.37,14.5,1949,-0.75
Europa,"Marseille",FR,43.3,5.37,14.5,1950,-0.28
Europa,"Marseille",FR,43.3,5.37,14.5,1951,-0.01
Europa,"Marseille",FR,43.3,5.37,14.5,1952,-0.35
Europa,"Marseille",FR,43.3,5.37,14.5,1953,0.31
Europa,"Marseille",FR,43.3,5.37,14.5,1954,-0.35
Europa,"Marseille",FR,43.3,5.37,14.5,1955,-0.62
Europa,"Marseille",FR,43.3,5.37,14.5,1956,-0.09
Europa,"Marseille",FR,43.3,5.37,14.5,1957,-0.17
Europa,"Marseille",FR,43.3,5.37,14.5,1958,0.86
Europa,"Marseille",FR,43.3,5.37,14.5,1959,0.28
Europa,"Marseille",FR,43.3,5.37,14.5,1960,0.23
Europa,"Marseille",FR,43.3,5.37,14.5,1961,-0.28
Europa,"Marseille",FR,43.3,5.37,14.5,1962,-0.31
Europa,"Marseille",FR,43.3,5.37,14.5,1963,0.18
Europa,"Marseille",FR,43.3,5.37,14.5,1964,0.07
Europa,"Marseille",FR,43.3,5.37,14.5,1965,-0.41
Europa,"Marseille",FR,43.3,5.37,14.5,1966,-0.02
Europa,"Marseille",FR,43.3,5.37,14.5,1967,-0.08
Europa,"Marseille",FR,43.3,5.37,14.5,1968,0.29
Europa,"Marseille",FR,43.3,5.37,14.5,1969,0.16
Europa,"Marseille",FR,43.3,5.37,14.5,1970,-0.16
Europa,"Marseille",FR,43.3,5.37,14.5,1971,-0.57
Europa,"Marseille",FR,43.3,5.37,14.5,1972,-0.45
Europa,"Marseille",FR,43.3,5.37,14.5,1973,0.24
Europa,"Marseille",FR,43.3,5.37,14.5,1974,-0.12
Europa,"Marseille",FR,43.3,5.37,14.5,1975,0.16
Europa,"Marseille",FR,43.3,5.37,14.5,1976,-0.09
Europa,"Marseille",FR,43.3,5.37,14.5,1977,-0.06
Europa,"Marseille",FR,43.3,5.37,14.5,1978,0.29
Europa,"Marseille",FR,43.3,5.37,14.5,1979,0.08
Europa,"Marseille",FR,43.3,5.37,14.5,1980,-0.22
Europa,"Marseille",FR,43.3,5.37,14.5,1981,0.58
Europa,"Marseille",FR,43.3,5.37,14.5,1982,-0.3
Europa,"Marseille",FR,43.3,5.37,14.5,1983,0.41
Europa,"Marseille",FR,43.3,5.37,14.5,1984,0.09
Europa,"Marseille",FR,43.3,5.37,14.5,1985,-0.41
Europa,"Marseille",FR,43.3,5.37,14.5,1986,-0.22
Europa,"Marseille",FR,43.3,5.37,14.5,1987,0.21
Europa,"Marseille",FR,43.3,5.37,14.5,1988,0.21
Europa,"Marseille",FR,43.3,5.37,14.5,1989,0.28
Europa,"Marseille",FR,43.3,5.37,14.5,1990,0.44
Europa,"Marseille",FR,43.3,5.37,14.5,1991,0.68
Europa,"Marseille",FR,43.3,5.37,14.5,1992,-0.07
Europa,"Marseille",FR,43.3,5.37,14.5,1993,-0.12
Europa,"Marseille",FR,43.3,5.37,14.5,1994,0.56
Europa,"Marseille",FR,43.3,5.37,14.5,1995,0.92
Europa,"Marseille",FR,43.3,5.37,14.5,1996,0.22
Europa,"Marseille",FR,43.3,5.37,14.5,1997,0.58
Europa,"Marseille",FR,43.3,5.37,14.5,1998,0.76
Europa,"Marseille",FR,43.3,5.37,14.5,1999,0.6
Europa,"Marseille",FR,43.3,5.37,14.5,2000,0.89
Europa,"Marseille",FR,43.3,5.37,14.5,2001,1.05
Europa,"Marseille",FR,43.3,5.37,14.5,2002,0.63
Europa,"Marseille",FR,43.3,5.37,14.5,2003,0.97
Europa,"Marseille",FR,43.3,5.37,14.5,2004,1.07
Europa,"Marseille",FR,43.3,5.37,14.5,2005,0.84
Europa,"Marseille",FR,43.3,5.37,14.5,2006,0.43
Europa,"Marseille",FR,43.3,5.37,14.5,2007,1.08
Europa,"Marseille",FR,43.3,5.37,14.5,2008,0.8
Europa,"Marseille",FR,43.3,5.37,14.5,2009,1.13
Europa,"Marseille",FR,43.3,5.37,14.5,2010,1.21
Europa,"Marseille",FR,43.3,5.37,14.5,2011,1.17
Europa,"Marseille",FR,43.3,5.37,14.5,2012,1.28
Europa,"Marseille",FR,43.3,5.37,14.5,2013,1.62
Europa,"Marseille",FR,43.3,5.37,14.5,2014,0.92
Europa,"Marseille",FR,43.3,5.37,14.5,2015,1.4
Europa,"Marseille",FR,43.3,5.37,14.5,2016,2.39
Europa,"Marseille",FR,43.3,5.37,14.5,2017,1.31
Europa,"Marseille",FR,43.3,5.37,14.5,2018,1.07
Europa,"Marseille",FR,43.3,5.37,14.5,2019,1.13
Europa,"Marseille",FR,43.3,5.37,14.5,2020,1.26
Europa,"Marseille",FR,43.3,5.37,14.5,2021,1.77
Europa,"Marseille",FR,43.3,5.37,14.5,2022,1.75
Europa,"Marseille",FR,43.3,5.37,14.5,2023,2.02
Europa,"Marseille",FR,43.3,5.37,14.5,2024,2.39
Europa,"Marseille",FR,43.3,5.37,14.5,2025,2.28
Europa,"Rom",IT,41.9,12.5,15.4,1850,0.28
Europa,"Rom",IT,41.9,12.5,15.4,1851,0.07
Europa,"Rom",IT,41.9,12.5,15.4,1852,-0.25
Europa,"Rom",IT,41.9,12.5,15.4,1853,0
Europa,"Rom",IT,41.9,12.5,15.4,1854,0.45
Europa,"Rom",IT,41.9,12.5,15.4,1855,-0.22
Europa,"Rom",IT,41.9,12.5,15.4,1856,-0.07
Europa,"Rom",IT,41.9,12.5,15.4,1857,-0.22
Europa,"Rom",IT,41.9,12.5,15.4,1858,-0.57
Europa,"Rom",IT,41.9,12.5,15.4,1859,-0.43
Europa,"Rom",IT,41.9,12.5,15.4,1860,-0.57
Europa,"Rom",IT,41.9,12.5,15.4,1861,-0.54
Europa,"Rom",IT,41.9,12.5,15.4,1862,-1.02
Europa,"Rom",IT,41.9,12.5,15.4,1863,-0.12
Europa,"Rom",IT,41.9,12.5,15.4,1864,-0.57
Europa,"Rom",IT,41.9,12.5,15.4,1865,-0.48
Europa,"Rom",IT,41.9,12.5,15.4,1866,-0.62
Europa,"Rom",IT,41.9,12.5,15.4,1867,-0.85
Europa,"Rom",IT,41.9,12.5,15.4,1868,-0.62
Europa,"Rom",IT,41.9,12.5,15.4,1869,-0.4
Europa,"Rom",IT,41.9,12.5,15.4,1870,-0.56
Europa,"Rom",IT,41.9,12.5,15.4,1871,-1.21
Europa,"Rom",IT,41.9,12.5,15.4,1872,-0.51
Europa,"Rom",IT,41.9,12.5,15.4,1873,-0.64
Europa,"Rom",IT,41.9,12.5,15.4,1874,-0.96
Europa,"Rom",IT,41.9,12.5,15.4,1875,-0.75
Europa,"Rom",IT,41.9,12.5,15.4,1876,-0.59
Europa,"Rom",IT,41.9,12.5,15.4,1877,-0.41
Europa,"Rom",IT,41.9,12.5,15.4,1878,0.17
Europa,"Rom",IT,41.9,12.5,15.4,1879,-0.7
Europa,"Rom",IT,41.9,12.5,15.4,1880,-0.21
Europa,"Rom",IT,41.9,12.5,15.4,1881,-0.43
Europa,"Rom",IT,41.9,12.5,15.4,1882,-0.47
Europa,"Rom",IT,41.9,12.5,15.4,1883,-0.61
Europa,"Rom",IT,41.9,12.5,15.4,1884,-0.83
Europa,"Rom",IT,41.9,12.5,15.4,1885,-0.07
Europa,"Rom",IT,41.9,12.5,15.4,1886,-0.82
Europa,"Rom",IT,41.9,12.5,15.4,1887,-0.5
Europa,"Rom",IT,41.9,12.5,15.4,1888,-0.38
Europa,"Rom",IT,41.9,12.5,15.4,1889,-0.57
Europa,"Rom",IT,41.9,12.5,15.4,1890,-0.67
Europa,"Rom",IT,41.9,12.5,15.4,1891,-0.67
Europa,"Rom",IT,41.9,12.5,15.4,1892,-0.53
Europa,"Rom",IT,41.9,12.5,15.4,1893,-0.82
Europa,"Rom",IT,41.9,12.5,15.4,1894,-0.84
Europa,"Rom",IT,41.9,12.5,15.4,1895,-0.49
Europa,"Rom",IT,41.9,12.5,15.4,1896,-0.31
Europa,"Rom",IT,41.9,12.5,15.4,1897,0.05
Europa,"Rom",IT,41.9,12.5,15.4,1898,-0.58
Europa,"Rom",IT,41.9,12.5,15.4,1899,-0.22
Europa,"Rom",IT,41.9,12.5,15.4,1900,-0.05
Europa,"Rom",IT,41.9,12.5,15.4,1901,0.17
Europa,"Rom",IT,41.9,12.5,15.4,1902,-0.7
Europa,"Rom",IT,41.9,12.5,15.4,1903,-0.82
Europa,"Rom",IT,41.9,12.5,15.4,1904,-0.87
Europa,"Rom",IT,41.9,12.5,15.4,1905,-0.39
Europa,"Rom",IT,41.9,12.5,15.4,1906,-0.28
Europa,"Rom",IT,41.9,12.5,15.4,1907,-0.63
Europa,"Rom",IT,41.9,12.5,15.4,1908,-0.33
Europa,"Rom",IT,41.9,12.5,15.4,1909,-0.6
Europa,"Rom",IT,41.9,12.5,15.4,1910,-0.72
Europa,"Rom",IT,41.9,12.5,15.4,1911,-0.57
Europa,"Rom",IT,41.9,12.5,15.4,1912,-0.32
Europa,"Rom",IT,41.9,12.5,15.4,1913,-0.73
Europa,"Rom",IT,41.9,12.5,15.4,1914,-0.13
Europa,"Rom",IT,41.9,12.5,15.4,1915,0.13
Europa,"Rom",IT,41.9,12.5,15.4,1916,-0.03
Europa,"Rom",IT,41.9,12.5,15.4,1917,-1.07
Europa,"Rom",IT,41.9,12.5,15.4,1918,-0.84
Europa,"Rom",IT,41.9,12.5,15.4,1919,-0.47
Europa,"Rom",IT,41.9,12.5,15.4,1920,-0.23
Europa,"Rom",IT,41.9,12.5,15.4,1921,-0.01
Europa,"Rom",IT,41.9,12.5,15.4,1922,-0.49
Europa,"Rom",IT,41.9,12.5,15.4,1923,-0.72
Europa,"Rom",IT,41.9,12.5,15.4,1924,-0.61
Europa,"Rom",IT,41.9,12.5,15.4,1925,-0.26
Europa,"Rom",IT,41.9,12.5,15.4,1926,-0.2
Europa,"Rom",IT,41.9,12.5,15.4,1927,0.13
Europa,"Rom",IT,41.9,12.5,15.4,1928,0.07
Europa,"Rom",IT,41.9,12.5,15.4,1929,-0.37
Europa,"Rom",IT,41.9,12.5,15.4,1930,-0.02
Europa,"Rom",IT,41.9,12.5,15.4,1931,0.42
Europa,"Rom",IT,41.9,12.5,15.4,1932,-0.04
Europa,"Rom",IT,41.9,12.5,15.4,1933,-0.35
Europa,"Rom",IT,41.9,12.5,15.4,1934,0.18
Europa,"Rom",IT,41.9,12.5,15.4,1935,-0.3
Europa,"Rom",IT,41.9,12.5,15.4,1936,-0.08
Europa,"Rom",IT,41.9,12.5,15.4,1937,0.08
Europa,"Rom",IT,41.9,12.5,15.4,1938,-0.03
Europa,"Rom",IT,41.9,12.5,15.4,1939,0.03
Europa,"Rom",IT,41.9,12.5,15.4,1940,0.57
Europa,"Rom",IT,41.9,12.5,15.4,1941,0.47
Europa,"Rom",IT,41.9,12.5,15.4,1942,0.53
Europa,"Rom",IT,41.9,12.5,15.4,1943,-0.09
Europa,"Rom",IT,41.9,12.5,15.4,1944,-0.04
Europa,"Rom",IT,41.9,12.5,15.4,1945,0.22
Europa,"Rom",IT,41.9,12.5,15.4,1946,0.18
Europa,"Rom",IT,41.9,12.5,15.4,1947,-0.17
Europa,"Rom",IT,41.9,12.5,15.4,1948,-0.18
Europa,"Rom",IT,41.9,12.5,15.4,1949,-0.17
Europa,"Rom",IT,41.9,12.5,15.4,1950,-0.27
Europa,"Rom",IT,41.9,12.5,15.4,1951,0.24
Europa,"Rom",IT,41.9,12.5,15.4,1952,0.08
Europa,"Rom",IT,41.9,12.5,15.4,1953,-0.08
Europa,"Rom",IT,41.9,12.5,15.4,1954,-0.02
Europa,"Rom",IT,41.9,12.5,15.4,1955,-0.42
Europa,"Rom",IT,41.9,12.5,15.4,1956,-0.5
Europa,"Rom",IT,41.9,12.5,15.4,1957,-0.12
Europa,"Rom",IT,41.9,12.5,15.4,1958,0.4
Europa,"Rom",IT,41.9,12.5,15.4,1959,0.43
Europa,"Rom",IT,41.9,12.5,15.4,1960,0.22
Europa,"Rom",IT,41.9,12.5,15.4,1961,0.19
Europa,"Rom",IT,41.9,12.5,15.4,1962,-0.27
Europa,"Rom",IT,41.9,12.5,15.4,1963,0.72
Europa,"Rom",IT,41.9,12.5,15.4,1964,-0.89
Europa,"Rom",IT,41.9,12.5,15.4,1965,-0.36
Europa,"Rom",IT,41.9,12.5,15.4,1966,0.39
Europa,"Rom",IT,41.9,12.5,15.4,1967,-0.14
Europa,"Rom",IT,41.9,12.5,15.4,1968,-0.54
Europa,"Rom",IT,41.9,12.5,15.4,1969,-0.44
Europa,"Rom",IT,41.9,12.5,15.4,1970,-0.03
Europa,"Rom",IT,41.9,12.5,15.4,1971,-0.51
Europa,"Rom",IT,41.9,12.5,15.4,1972,-0.44
Europa,"Rom",IT,41.9,12.5,15.4,1973,0.33
Europa,"Rom",IT,41.9,12.5,15.4,1974,-0.12
Europa,"Rom",IT,41.9,12.5,15.4,1975,0.04
Europa,"Rom",IT,41.9,12.5,15.4,1976,-0.46
Europa,"Rom",IT,41.9,12.5,15.4,1977,0.32
Europa,"Rom",IT,41.9,12.5,15.4,1978,0.26
Europa,"Rom",IT,41.9,12.5,15.4,1979,-0.36
Europa,"Rom",IT,41.9,12.5,15.4,1980,0.41
Europa,"Rom",IT,41.9,12.5,15.4,1981,0.55
Europa,"Rom",IT,41.9,12.5,15.4,1982,-0.22
Europa,"Rom",IT,41.9,12.5,15.4,1983,0
Europa,"Rom",IT,41.9,12.5,15.4,1984,-0.06
Europa,"Rom",IT,41.9,12.5,15.4,1985,0.02
Europa,"Rom",IT,41.9,12.5,15.4,1986,0.33
Europa,"Rom",IT,41.9,12.5,15.4,1987,0.01
Europa,"Rom",IT,41.9,12.5,15.4,1988,0.28
Europa,"Rom",IT,41.9,12.5,15.4,1989,0.46
Europa,"Rom",IT,41.9,12.5,15.4,1990,0.49
Europa,"Rom",IT,41.9,12.5,15.4,1991,0.37
Europa,"Rom",IT,41.9,12.5,15.4,1992,0.64
Europa,"Rom",IT,41.9,12.5,15.4,1993,0.62
Europa,"Rom",IT,41.9,12.5,15.4,1994,0.32
Europa,"Rom",IT,41.9,12.5,15.4,1995,0.68
Europa,"Rom",IT,41.9,12.5,15.4,1996,0.22
Europa,"Rom",IT,41.9,12.5,15.4,1997,0.46
Europa,"Rom",IT,41.9,12.5,15.4,1998,1.01
Europa,"Rom",IT,41.9,12.5,15.4,1999,0.36
Europa,"Rom",IT,41.9,12.5,15.4,2000,0.81
Europa,"Rom",IT,41.9,12.5,15.4,2001,0.73
Europa,"Rom",IT,41.9,12.5,15.4,2002,1.17
Europa,"Rom",IT,41.9,12.5,15.4,2003,0.99
Europa,"Rom",IT,41.9,12.5,15.4,2004,1.02
Europa,"Rom",IT,41.9,12.5,15.4,2005,1.26
Europa,"Rom",IT,41.9,12.5,15.4,2006,1.13
Europa,"Rom",IT,41.9,12.5,15.4,2007,1
Europa,"Rom",IT,41.9,12.5,15.4,2008,1.1
Europa,"Rom",IT,41.9,12.5,15.4,2009,1.23
Europa,"Rom",IT,41.9,12.5,15.4,2010,1.64
Europa,"Rom",IT,41.9,12.5,15.4,2011,0.83
Europa,"Rom",IT,41.9,12.5,15.4,2012,0.98
Europa,"Rom",IT,41.9,12.5,15.4,2013,1.54
Europa,"Rom",IT,41.9,12.5,15.4,2014,1.17
Europa,"Rom",IT,41.9,12.5,15.4,2015,1.62
Europa,"Rom",IT,41.9,12.5,15.4,2016,1.54
Europa,"Rom",IT,41.9,12.5,15.4,2017,1.85
Europa,"Rom",IT,41.9,12.5,15.4,2018,1.78
Europa,"Rom",IT,41.9,12.5,15.4,2019,1.73
Europa,"Rom",IT,41.9,12.5,15.4,2020,2.01
Europa,"Rom",IT,41.9,12.5,15.4,2021,1.02
Europa,"Rom",IT,41.9,12.5,15.4,2022,1.24
Europa,"Rom",IT,41.9,12.5,15.4,2023,1.86
Europa,"Rom",IT,41.9,12.5,15.4,2024,2.29
Europa,"Rom",IT,41.9,12.5,15.4,2025,1.85
Europa,"Barcelona",ES,41.39,2.17,15.6,1850,-0.46
Europa,"Barcelona",ES,41.39,2.17,15.6,1851,-0.42
Europa,"Barcelona",ES,41.39,2.17,15.6,1852,-0.15
Europa,"Barcelona",ES,41.39,2.17,15.6,1853,0.06
Europa,"Barcelona",ES,41.39,2.17,15.6,1854,0.01
Europa,"Barcelona",ES,41.39,2.17,15.6,1855,0.04
Europa,"Barcelona",ES,41.39,2.17,15.6,1856,0.24
Europa,"Barcelona",ES,41.39,2.17,15.6,1857,-0.2
Europa,"Barcelona",ES,41.39,2.17,15.6,1858,-0.27
Europa,"Barcelona",ES,41.39,2.17,15.6,1859,-0.46
Europa,"Barcelona",ES,41.39,2.17,15.6,1860,-0.79
Europa,"Barcelona",ES,41.39,2.17,15.6,1861,-0.87
Europa,"Barcelona",ES,41.39,2.17,15.6,1862,-1.11
Europa,"Barcelona",ES,41.39,2.17,15.6,1863,-0.77
Europa,"Barcelona",ES,41.39,2.17,15.6,1864,-0.64
Europa,"Barcelona",ES,41.39,2.17,15.6,1865,-0.45
Europa,"Barcelona",ES,41.39,2.17,15.6,1866,-0.66
Europa,"Barcelona",ES,41.39,2.17,15.6,1867,-0.32
Europa,"Barcelona",ES,41.39,2.17,15.6,1868,-0.44
Europa,"Barcelona",ES,41.39,2.17,15.6,1869,-0.23
Europa,"Barcelona",ES,41.39,2.17,15.6,1870,-0.27
Europa,"Barcelona",ES,41.39,2.17,15.6,1871,-0.84
Europa,"Barcelona",ES,41.39,2.17,15.6,1872,-0.93
Europa,"Barcelona",ES,41.39,2.17,15.6,1873,-0.75
Europa,"Barcelona",ES,41.39,2.17,15.6,1874,-0.11
Europa,"Barcelona",ES,41.39,2.17,15.6,1875,-0.15
Europa,"Barcelona",ES,41.39,2.17,15.6,1876,-0.4
Europa,"Barcelona",ES,41.39,2.17,15.6,1877,-0.02
Europa,"Barcelona",ES,41.39,2.17,15.6,1878,0.02
Europa,"Barcelona",ES,41.39,2.17,15.6,1879,-0.58
Europa,"Barcelona",ES,41.39,2.17,15.6,1880,-0.2
Europa,"Barcelona",ES,41.39,2.17,15.6,1881,-0.48
Europa,"Barcelona",ES,41.39,2.17,15.6,1882,-0.55
Europa,"Barcelona",ES,41.39,2.17,15.6,1883,-0.68
Europa,"Barcelona",ES,41.39,2.17,15.6,1884,-1.14
Europa,"Barcelona",ES,41.39,2.17,15.6,1885,-0.77
Europa,"Barcelona",ES,41.39,2.17,15.6,1886,-0.36
Europa,"Barcelona",ES,41.39,2.17,15.6,1887,-0.47
Europa,"Barcelona",ES,41.39,2.17,15.6,1888,-0.3
Europa,"Barcelona",ES,41.39,2.17,15.6,1889,-0.44
Europa,"Barcelona",ES,41.39,2.17,15.6,1890,-0.72
Europa,"Barcelona",ES,41.39,2.17,15.6,1891,-0.33
Europa,"Barcelona",ES,41.39,2.17,15.6,1892,-1.04
Europa,"Barcelona",ES,41.39,2.17,15.6,1893,-0.87
Europa,"Barcelona",ES,41.39,2.17,15.6,1894,-0.62
Europa,"Barcelona",ES,41.39,2.17,15.6,1895,-0.62
Europa,"Barcelona",ES,41.39,2.17,15.6,1896,-0.33
Europa,"Barcelona",ES,41.39,2.17,15.6,1897,-0.37
Europa,"Barcelona",ES,41.39,2.17,15.6,1898,-0.59
Europa,"Barcelona",ES,41.39,2.17,15.6,1899,-0.39
Europa,"Barcelona",ES,41.39,2.17,15.6,1900,-0.05
Europa,"Barcelona",ES,41.39,2.17,15.6,1901,-0.65
Europa,"Barcelona",ES,41.39,2.17,15.6,1902,-0.13
Europa,"Barcelona",ES,41.39,2.17,15.6,1903,-0.46
Europa,"Barcelona",ES,41.39,2.17,15.6,1904,-0.82
Europa,"Barcelona",ES,41.39,2.17,15.6,1905,-1.2
Europa,"Barcelona",ES,41.39,2.17,15.6,1906,-0.42
Europa,"Barcelona",ES,41.39,2.17,15.6,1907,-0.39
Europa,"Barcelona",ES,41.39,2.17,15.6,1908,-0.71
Europa,"Barcelona",ES,41.39,2.17,15.6,1909,-0.9
Europa,"Barcelona",ES,41.39,2.17,15.6,1910,-0.71
Europa,"Barcelona",ES,41.39,2.17,15.6,1911,-0.56
Europa,"Barcelona",ES,41.39,2.17,15.6,1912,-0.83
Europa,"Barcelona",ES,41.39,2.17,15.6,1913,-0.89
Europa,"Barcelona",ES,41.39,2.17,15.6,1914,-0.31
Europa,"Barcelona",ES,41.39,2.17,15.6,1915,-0.15
Europa,"Barcelona",ES,41.39,2.17,15.6,1916,-1
Europa,"Barcelona",ES,41.39,2.17,15.6,1917,-1.2
Europa,"Barcelona",ES,41.39,2.17,15.6,1918,-0.77
Europa,"Barcelona",ES,41.39,2.17,15.6,1919,-0.52
Europa,"Barcelona",ES,41.39,2.17,15.6,1920,-0.22
Europa,"Barcelona",ES,41.39,2.17,15.6,1921,0.21
Europa,"Barcelona",ES,41.39,2.17,15.6,1922,-0.4
Europa,"Barcelona",ES,41.39,2.17,15.6,1923,0.03
Europa,"Barcelona",ES,41.39,2.17,15.6,1924,-0.05
Europa,"Barcelona",ES,41.39,2.17,15.6,1925,0.28
Europa,"Barcelona",ES,41.39,2.17,15.6,1926,-0.12
Europa,"Barcelona",ES,41.39,2.17,15.6,1927,-0.33
Europa,"Barcelona",ES,41.39,2.17,15.6,1928,-0.06
Europa,"Barcelona",ES,41.39,2.17,15.6,1929,-0.27
Europa,"Barcelona",ES,41.39,2.17,15.6,1930,0.17
Europa,"Barcelona",ES,41.39,2.17,15.6,1931,-0.35
Europa,"Barcelona",ES,41.39,2.17,15.6,1932,-0.02
Europa,"Barcelona",ES,41.39,2.17,15.6,1933,-0.7
Europa,"Barcelona",ES,41.39,2.17,15.6,1934,-0.18
Europa,"Barcelona",ES,41.39,2.17,15.6,1935,-0.67
Europa,"Barcelona",ES,41.39,2.17,15.6,1936,-0.23
Europa,"Barcelona",ES,41.39,2.17,15.6,1937,0.02
Europa,"Barcelona",ES,41.39,2.17,15.6,1938,-0.16
Europa,"Barcelona",ES,41.39,2.17,15.6,1939,-0.22
Europa,"Barcelona",ES,41.39,2.17,15.6,1940,0.29
Europa,"Barcelona",ES,41.39,2.17,15.6,1941,0.74
Europa,"Barcelona",ES,41.39,2.17,15.6,1942,0.56
Europa,"Barcelona",ES,41.39,2.17,15.6,1943,-0.02
Europa,"Barcelona",ES,41.39,2.17,15.6,1944,0.41
Europa,"Barcelona",ES,41.39,2.17,15.6,1945,0.03
Europa,"Barcelona",ES,41.39,2.17,15.6,1946,0.11
Europa,"Barcelona",ES,41.39,2.17,15.6,1947,0.19
Europa,"Barcelona",ES,41.39,2.17,15.6,1948,-0.15
Europa,"Barcelona",ES,41.39,2.17,15.6,1949,-0.11
Europa,"Barcelona",ES,41.39,2.17,15.6,1950,-0.34
Europa,"Barcelona",ES,41.39,2.17,15.6,1951,0.02
Europa,"Barcelona",ES,41.39,2.17,15.6,1952,0.42
Europa,"Barcelona",ES,41.39,2.17,15.6,1953,0.88
Europa,"Barcelona",ES,41.39,2.17,15.6,1954,-0.01
Europa,"Barcelona",ES,41.39,2.17,15.6,1955,-0.33
Europa,"Barcelona",ES,41.39,2.17,15.6,1956,-0.79
Europa,"Barcelona",ES,41.39,2.17,15.6,1957,-0.05
Europa,"Barcelona",ES,41.39,2.17,15.6,1958,-0.18
Europa,"Barcelona",ES,41.39,2.17,15.6,1959,-0.39
Europa,"Barcelona",ES,41.39,2.17,15.6,1960,-0.17
Europa,"Barcelona",ES,41.39,2.17,15.6,1961,0.15
Europa,"Barcelona",ES,41.39,2.17,15.6,1962,-0.15
Europa,"Barcelona",ES,41.39,2.17,15.6,1963,0.47
Europa,"Barcelona",ES,41.39,2.17,15.6,1964,-0.32
Europa,"Barcelona",ES,41.39,2.17,15.6,1965,-0.53
Europa,"Barcelona",ES,41.39,2.17,15.6,1966,-0.52
Europa,"Barcelona",ES,41.39,2.17,15.6,1967,-0.35
Europa,"Barcelona",ES,41.39,2.17,15.6,1968,0.21
Europa,"Barcelona",ES,41.39,2.17,15.6,1969,-0.15
Europa,"Barcelona",ES,41.39,2.17,15.6,1970,-0.33
Europa,"Barcelona",ES,41.39,2.17,15.6,1971,-0.48
Europa,"Barcelona",ES,41.39,2.17,15.6,1972,-0.02
Europa,"Barcelona",ES,41.39,2.17,15.6,1973,0.11
Europa,"Barcelona",ES,41.39,2.17,15.6,1974,-0.33
Europa,"Barcelona",ES,41.39,2.17,15.6,1975,0.08
Europa,"Barcelona",ES,41.39,2.17,15.6,1976,0.26
Europa,"Barcelona",ES,41.39,2.17,15.6,1977,0.16
Europa,"Barcelona",ES,41.39,2.17,15.6,1978,0.05
Europa,"Barcelona",ES,41.39,2.17,15.6,1979,-0.07
Europa,"Barcelona",ES,41.39,2.17,15.6,1980,-0.11
Europa,"Barcelona",ES,41.39,2.17,15.6,1981,0.51
Europa,"Barcelona",ES,41.39,2.17,15.6,1982,0.11
Europa,"Barcelona",ES,41.39,2.17,15.6,1983,0.12
Europa,"Barcelona",ES,41.39,2.17,15.6,1984,-0.23
Europa,"Barcelona",ES,41.39,2.17,15.6,1985,-0.09
Europa,"Barcelona",ES,41.39,2.17,15.6,1986,0.42
Europa,"Barcelona",ES,41.39,2.17,15.6,1987,-0.05
Europa,"Barcelona",ES,41.39,2.17,15.6,1988,0.06
Europa,"Barcelona",ES,41.39,2.17,15.6,1989,0.22
Europa,"Barcelona",ES,41.39,2.17,15.6,1990,0.78
Europa,"Barcelona",ES,41.39,2.17,15.6,1991,0.61
Europa,"Barcelona",ES,41.39,2.17,15.6,1992,0.44
Europa,"Barcelona",ES,41.39,2.17,15.6,1993,0.49
Europa,"Barcelona",ES,41.39,2.17,15.6,1994,0.19
Europa,"Barcelona",ES,41.39,2.17,15.6,1995,0.48
Europa,"Barcelona",ES,41.39,2.17,15.6,1996,0.45
Europa,"Barcelona",ES,41.39,2.17,15.6,1997,0.85
Europa,"Barcelona",ES,41.39,2.17,15.6,1998,1.27
Europa,"Barcelona",ES,41.39,2.17,15.6,1999,0.79
Europa,"Barcelona",ES,41.39,2.17,15.6,2000,0.32
Europa,"Barcelona",ES,41.39,2.17,15.6,2001,0.83
Europa,"Barcelona",ES,41.39,2.17,15.6,2002,1.26
Europa,"Barcelona",ES,41.39,2.17,15.6,2003,1.62
Europa,"Barcelona",ES,41.39,2.17,15.6,2004,0.63
Europa,"Barcelona",ES,41.39,2.17,15.6,2005,0.86
Europa,"Barcelona",ES,41.39,2.17,15.6,2006,1.29
Europa,"Barcelona",ES,41.39,2.17,15.6,2007,1.18
Europa,"Barcelona",ES,41.39,2.17,15.6,2008,0.82
Europa,"Barcelona",ES,41.39,2.17,15.6,2009,0.85
Europa,"Barcelona",ES,41.39,2.17,15.6,2010,1.43
Europa,"Barcelona",ES,41.39,2.17,15.6,2011,0.59
Europa,"Barcelona",ES,41.39,2.17,15.6,2012,0.91
Europa,"Barcelona",ES,41.39,2.17,15.6,2013,1.17
Europa,"Barcelona",ES,41.39,2.17,15.6,2014,0.96
Europa,"Barcelona",ES,41.39,2.17,15.6,2015,1.82
Europa,"Barcelona",ES,41.39,2.17,15.6,2016,1.97
Europa,"Barcelona",ES,41.39,2.17,15.6,2017,1.31
Europa,"Barcelona",ES,41.39,2.17,15.6,2018,1.73
Europa,"Barcelona",ES,41.39,2.17,15.6,2019,1.66
Europa,"Barcelona",ES,41.39,2.17,15.6,2020,1.81
Europa,"Barcelona",ES,41.39,2.17,15.6,2021,1.71
Europa,"Barcelona",ES,41.39,2.17,15.6,2022,1.18
Europa,"Barcelona",ES,41.39,2.17,15.6,2023,1.55
Europa,"Barcelona",ES,41.39,2.17,15.6,2024,2.5
Europa,"Barcelona",ES,41.39,2.17,15.6,2025,2.57
Europa,"Istanbul",TR,41.01,28.98,13.9,1850,-1.01
Europa,"Istanbul",TR,41.01,28.98,13.9,1851,-0.4
Europa,"Istanbul",TR,41.01,28.98,13.9,1852,-0.01
Europa,"Istanbul",TR,41.01,28.98,13.9,1853,-0.15
Europa,"Istanbul",TR,41.01,28.98,13.9,1854,0.04
Europa,"Istanbul",TR,41.01,28.98,13.9,1855,-0.55
Europa,"Istanbul",TR,41.01,28.98,13.9,1856,-0.67
Europa,"Istanbul",TR,41.01,28.98,13.9,1857,-0.95
Europa,"Istanbul",TR,41.01,28.98,13.9,1858,-0.82
Europa,"Istanbul",TR,41.01,28.98,13.9,1859,-1.19
Europa,"Istanbul",TR,41.01,28.98,13.9,1860,-1.02
Europa,"Istanbul",TR,41.01,28.98,13.9,1861,-0.51
Europa,"Istanbul",TR,41.01,28.98,13.9,1862,-0.91
Europa,"Istanbul",TR,41.01,28.98,13.9,1863,-0.4
Europa,"Istanbul",TR,41.01,28.98,13.9,1864,-0.44
Europa,"Istanbul",TR,41.01,28.98,13.9,1865,-0.74
Europa,"Istanbul",TR,41.01,28.98,13.9,1866,-0.87
Europa,"Istanbul",TR,41.01,28.98,13.9,1867,-0.84
Europa,"Istanbul",TR,41.01,28.98,13.9,1868,-0.15
Europa,"Istanbul",TR,41.01,28.98,13.9,1869,-0.65
Europa,"Istanbul",TR,41.01,28.98,13.9,1870,-1.11
Europa,"Istanbul",TR,41.01,28.98,13.9,1871,-0.59
Europa,"Istanbul",TR,41.01,28.98,13.9,1872,-0.76
Europa,"Istanbul",TR,41.01,28.98,13.9,1873,-0.97
Europa,"Istanbul",TR,41.01,28.98,13.9,1874,-0.23
Europa,"Istanbul",TR,41.01,28.98,13.9,1875,-0.75
Europa,"Istanbul",TR,41.01,28.98,13.9,1876,-0.58
Europa,"Istanbul",TR,41.01,28.98,13.9,1877,-0.5
Europa,"Istanbul",TR,41.01,28.98,13.9,1878,-0.11
Europa,"Istanbul",TR,41.01,28.98,13.9,1879,-0.66
Europa,"Istanbul",TR,41.01,28.98,13.9,1880,-0.77
Europa,"Istanbul",TR,41.01,28.98,13.9,1881,-0.74
Europa,"Istanbul",TR,41.01,28.98,13.9,1882,-0.81
Europa,"Istanbul",TR,41.01,28.98,13.9,1883,-1.37
Europa,"Istanbul",TR,41.01,28.98,13.9,1884,-1.35
Europa,"Istanbul",TR,41.01,28.98,13.9,1885,-1.19
Europa,"Istanbul",TR,41.01,28.98,13.9,1886,-0.6
Europa,"Istanbul",TR,41.01,28.98,13.9,1887,-1.24
Europa,"Istanbul",TR,41.01,28.98,13.9,1888,-0.78
Europa,"Istanbul",TR,41.01,28.98,13.9,1889,-0.73
Europa,"Istanbul",TR,41.01,28.98,13.9,1890,-0.77
Europa,"Istanbul",TR,41.01,28.98,13.9,1891,-0.62
Europa,"Istanbul",TR,41.01,28.98,13.9,1892,-1.1
Europa,"Istanbul",TR,41.01,28.98,13.9,1893,-0.67
Europa,"Istanbul",TR,41.01,28.98,13.9,1894,-0.75
Europa,"Istanbul",TR,41.01,28.98,13.9,1895,-0.95
Europa,"Istanbul",TR,41.01,28.98,13.9,1896,-0.39
Europa,"Istanbul",TR,41.01,28.98,13.9,1897,-0.53
Europa,"Istanbul",TR,41.01,28.98,13.9,1898,-0.64
Europa,"Istanbul",TR,41.01,28.98,13.9,1899,-0.64
Europa,"Istanbul",TR,41.01,28.98,13.9,1900,-0.69
Europa,"Istanbul",TR,41.01,28.98,13.9,1901,-0.66
Europa,"Istanbul",TR,41.01,28.98,13.9,1902,-0.81
Europa,"Istanbul",TR,41.01,28.98,13.9,1903,-0.77
Europa,"Istanbul",TR,41.01,28.98,13.9,1904,-0.82
Europa,"Istanbul",TR,41.01,28.98,13.9,1905,-0.75
Europa,"Istanbul",TR,41.01,28.98,13.9,1906,-1.04
Europa,"Istanbul",TR,41.01,28.98,13.9,1907,-1.03
Europa,"Istanbul",TR,41.01,28.98,13.9,1908,-0.69
Europa,"Istanbul",TR,41.01,28.98,13.9,1909,-0.9
Europa,"Istanbul",TR,41.01,28.98,13.9,1910,-1.2
Europa,"Istanbul",TR,41.01,28.98,13.9,1911,-0.43
Europa,"Istanbul",TR,41.01,28.98,13.9,1912,-0.77
Europa,"Istanbul",TR,41.01,28.98,13.9,1913,-0.95
Europa,"Istanbul",TR,41.01,28.98,13.9,1914,-0.39
Europa,"Istanbul",TR,41.01,28.98,13.9,1915,-0.84
Europa,"Istanbul",TR,41.01,28.98,13.9,1916,-0.85
Europa,"Istanbul",TR,41.01,28.98,13.9,1917,-0.46
Europa,"Istanbul",TR,41.01,28.98,13.9,1918,-0.82
Europa,"Istanbul",TR,41.01,28.98,13.9,1919,-0.69
Europa,"Istanbul",TR,41.01,28.98,13.9,1920,-0.1
Europa,"Istanbul",TR,41.01,28.98,13.9,1921,-0.76
Europa,"Istanbul",TR,41.01,28.98,13.9,1922,-0.63
Europa,"Istanbul",TR,41.01,28.98,13.9,1923,-0.17
Europa,"Istanbul",TR,41.01,28.98,13.9,1924,-0.04
Europa,"Istanbul",TR,41.01,28.98,13.9,1925,-0.32
Europa,"Istanbul",TR,41.01,28.98,13.9,1926,-0.49
Europa,"Istanbul",TR,41.01,28.98,13.9,1927,-0.19
Europa,"Istanbul",TR,41.01,28.98,13.9,1928,-0.62
Europa,"Istanbul",TR,41.01,28.98,13.9,1929,-0.78
Europa,"Istanbul",TR,41.01,28.98,13.9,1930,0
Europa,"Istanbul",TR,41.01,28.98,13.9,1931,-0.09
Europa,"Istanbul",TR,41.01,28.98,13.9,1932,-0.47
Europa,"Istanbul",TR,41.01,28.98,13.9,1933,-0.37
Europa,"Istanbul",TR,41.01,28.98,13.9,1934,0.15
Europa,"Istanbul",TR,41.01,28.98,13.9,1935,-1.01
Europa,"Istanbul",TR,41.01,28.98,13.9,1936,-0.63
Europa,"Istanbul",TR,41.01,28.98,13.9,1937,0.09
Europa,"Istanbul",TR,41.01,28.98,13.9,1938,0.56
Europa,"Istanbul",TR,41.01,28.98,13.9,1939,0.07
Europa,"Istanbul",TR,41.01,28.98,13.9,1940,0.23
Europa,"Istanbul",TR,41.01,28.98,13.9,1941,0.32
Europa,"Istanbul",TR,41.01,28.98,13.9,1942,-0.05
Europa,"Istanbul",TR,41.01,28.98,13.9,1943,-0.13
Europa,"Istanbul",TR,41.01,28.98,13.9,1944,0.85
Europa,"Istanbul",TR,41.01,28.98,13.9,1945,-0.4
Europa,"Istanbul",TR,41.01,28.98,13.9,1946,-0.17
Europa,"Istanbul",TR,41.01,28.98,13.9,1947,0.17
Europa,"Istanbul",TR,41.01,28.98,13.9,1948,-0.33
Europa,"Istanbul",TR,41.01,28.98,13.9,1949,-0.32
Europa,"Istanbul",TR,41.01,28.98,13.9,1950,-0.26
Europa,"Istanbul",TR,41.01,28.98,13.9,1951,0.06
Europa,"Istanbul",TR,41.01,28.98,13.9,1952,0.38
Europa,"Istanbul",TR,41.01,28.98,13.9,1953,-0.14
Europa,"Istanbul",TR,41.01,28.98,13.9,1954,-0.06
Europa,"Istanbul",TR,41.01,28.98,13.9,1955,-0.37
Europa,"Istanbul",TR,41.01,28.98,13.9,1956,-0.8
Europa,"Istanbul",TR,41.01,28.98,13.9,1957,-0.04
Europa,"Istanbul",TR,41.01,28.98,13.9,1958,-0.06
Europa,"Istanbul",TR,41.01,28.98,13.9,1959,-0.33
Europa,"Istanbul",TR,41.01,28.98,13.9,1960,-0.37
Europa,"Istanbul",TR,41.01,28.98,13.9,1961,-0.08
Europa,"Istanbul",TR,41.01,28.98,13.9,1962,0.27
Europa,"Istanbul",TR,41.01,28.98,13.9,1963,0.46
Europa,"Istanbul",TR,41.01,28.98,13.9,1964,-0.18
Europa,"Istanbul",TR,41.01,28.98,13.9,1965,-0.63
Europa,"Istanbul",TR,41.01,28.98,13.9,1966,0.08
Europa,"Istanbul",TR,41.01,28.98,13.9,1967,-0.38
Europa,"Istanbul",TR,41.01,28.98,13.9,1968,0.01
Europa,"Istanbul",TR,41.01,28.98,13.9,1969,-0.28
Europa,"Istanbul",TR,41.01,28.98,13.9,1970,-0.37
Europa,"Istanbul",TR,41.01,28.98,13.9,1971,-0.54
Europa,"Istanbul",TR,41.01,28.98,13.9,1972,-0.58
Europa,"Istanbul",TR,41.01,28.98,13.9,1973,-0.36
Europa,"Istanbul",TR,41.01,28.98,13.9,1974,-0.66
Europa,"Istanbul",TR,41.01,28.98,13.9,1975,-0.27
Europa,"Istanbul",TR,41.01,28.98,13.9,1976,-0.34
Europa,"Istanbul",TR,41.01,28.98,13.9,1977,0.43
Europa,"Istanbul",TR,41.01,28.98,13.9,1978,-0.79
Europa,"Istanbul",TR,41.01,28.98,13.9,1979,0.23
Europa,"Istanbul",TR,41.01,28.98,13.9,1980,0.47
Europa,"Istanbul",TR,41.01,28.98,13.9,1981,0.5
Europa,"Istanbul",TR,41.01,28.98,13.9,1982,-0.14
Europa,"Istanbul",TR,41.01,28.98,13.9,1983,0.45
Europa,"Istanbul",TR,41.01,28.98,13.9,1984,-0.24
Europa,"Istanbul",TR,41.01,28.98,13.9,1985,-0.17
Europa,"Istanbul",TR,41.01,28.98,13.9,1986,0.32
Europa,"Istanbul",TR,41.01,28.98,13.9,1987,0.8
Europa,"Istanbul",TR,41.01,28.98,13.9,1988,0.93
Europa,"Istanbul",TR,41.01,28.98,13.9,1989,0.55
Europa,"Istanbul",TR,41.01,28.98,13.9,1990,0.5
Europa,"Istanbul",TR,41.01,28.98,13.9,1991,0.04
Europa,"Istanbul",TR,41.01,28.98,13.9,1992,0.11
Europa,"Istanbul",TR,41.01,28.98,13.9,1993,0.27
Europa,"Istanbul",TR,41.01,28.98,13.9,1994,0.31
Europa,"Istanbul",TR,41.01,28.98,13.9,1995,0.37
Europa,"Istanbul",TR,41.01,28.98,13.9,1996,-0.03
Europa,"Istanbul",TR,41.01,28.98,13.9,1997,0.38
Europa,"Istanbul",TR,41.01,28.98,13.9,1998,1.07
Europa,"Istanbul",TR,41.01,28.98,13.9,1999,0.66
Europa,"Istanbul",TR,41.01,28.98,13.9,2000,0.65
Europa,"Istanbul",TR,41.01,28.98,13.9,2001,0.99
Europa,"Istanbul",TR,41.01,28.98,13.9,2002,1.21
Europa,"Istanbul",TR,41.01,28.98,13.9,2003,0.85
Europa,"Istanbul",TR,41.01,28.98,13.9,2004,0.74
Europa,"Istanbul",TR,41.01,28.98,13.9,2005,1.25
Europa,"Istanbul",TR,41.01,28.98,13.9,2006,0.76
Europa,"Istanbul",TR,41.01,28.98,13.9,2007,1.51
Europa,"Istanbul",TR,41.01,28.98,13.9,2008,1
Europa,"Istanbul",TR,41.01,28.98,13.9,2009,0.79
Europa,"Istanbul",TR,41.01,28.98,13.9,2010,0.79
Europa,"Istanbul",TR,41.01,28.98,13.9,2011,0.89
Europa,"Istanbul",TR,41.01,28.98,13.9,2012,0.96
Europa,"Istanbul",TR,41.01,28.98,13.9,2013,0.52
Europa,"Istanbul",TR,41.01,28.98,13.9,2014,0.69
Europa,"Istanbul",TR,41.01,28.98,13.9,2015,1.57
Europa,"Istanbul",TR,41.01,28.98,13.9,2016,1.47
Europa,"Istanbul",TR,41.01,28.98,13.9,2017,1.18
Europa,"Istanbul",TR,41.01,28.98,13.9,2018,1.02
Europa,"Istanbul",TR,41.01,28.98,13.9,2019,1.68
Europa,"Istanbul",TR,41.01,28.98,13.9,2020,1.46
Europa,"Istanbul",TR,41.01,28.98,13.9,2021,1.64
Europa,"Istanbul",TR,41.01,28.98,13.9,2022,1.04
Europa,"Istanbul",TR,41.01,28.98,13.9,2023,2.02
Europa,"Istanbul",TR,41.01,28.98,13.9,2024,1.85
Europa,"Istanbul",TR,41.01,28.98,13.9,2025,1.51
Europa,"Madrid",ES,40.42,-3.7,14.1,1850,-0.79
Europa,"Madrid",ES,40.42,-3.7,14.1,1851,-0.17
Europa,"Madrid",ES,40.42,-3.7,14.1,1852,-0.41
Europa,"Madrid",ES,40.42,-3.7,14.1,1853,-0.22
Europa,"Madrid",ES,40.42,-3.7,14.1,1854,-0.48
Europa,"Madrid",ES,40.42,-3.7,14.1,1855,-0.5
Europa,"Madrid",ES,40.42,-3.7,14.1,1856,-0.29
Europa,"Madrid",ES,40.42,-3.7,14.1,1857,-1.2
Europa,"Madrid",ES,40.42,-3.7,14.1,1858,-1.36
Europa,"Madrid",ES,40.42,-3.7,14.1,1859,-0.71
Europa,"Madrid",ES,40.42,-3.7,14.1,1860,-0.7
Europa,"Madrid",ES,40.42,-3.7,14.1,1861,-0.77
Europa,"Madrid",ES,40.42,-3.7,14.1,1862,-0.51
Europa,"Madrid",ES,40.42,-3.7,14.1,1863,-0.06
Europa,"Madrid",ES,40.42,-3.7,14.1,1864,-0.91
Europa,"Madrid",ES,40.42,-3.7,14.1,1865,-1.36
Europa,"Madrid",ES,40.42,-3.7,14.1,1866,-0.82
Europa,"Madrid",ES,40.42,-3.7,14.1,1867,-0.69
Europa,"Madrid",ES,40.42,-3.7,14.1,1868,-0.5
Europa,"Madrid",ES,40.42,-3.7,14.1,1869,-0.71
Europa,"Madrid",ES,40.42,-3.7,14.1,1870,-0.54
Europa,"Madrid",ES,40.42,-3.7,14.1,1871,-0.45
Europa,"Madrid",ES,40.42,-3.7,14.1,1872,-0.72
Europa,"Madrid",ES,40.42,-3.7,14.1,1873,-0.87
Europa,"Madrid",ES,40.42,-3.7,14.1,1874,-1.24
Europa,"Madrid",ES,40.42,-3.7,14.1,1875,-0.36
Europa,"Madrid",ES,40.42,-3.7,14.1,1876,-0.53
Europa,"Madrid",ES,40.42,-3.7,14.1,1877,-0.26
Europa,"Madrid",ES,40.42,-3.7,14.1,1878,0.47
Europa,"Madrid",ES,40.42,-3.7,14.1,1879,-0.86
Europa,"Madrid",ES,40.42,-3.7,14.1,1880,-0.78
Europa,"Madrid",ES,40.42,-3.7,14.1,1881,-0.79
Europa,"Madrid",ES,40.42,-3.7,14.1,1882,-0.92
Europa,"Madrid",ES,40.42,-3.7,14.1,1883,-0.82
Europa,"Madrid",ES,40.42,-3.7,14.1,1884,-0.85
Europa,"Madrid",ES,40.42,-3.7,14.1,1885,-0.84
Europa,"Madrid",ES,40.42,-3.7,14.1,1886,-0.88
Europa,"Madrid",ES,40.42,-3.7,14.1,1887,-0.95
Europa,"Madrid",ES,40.42,-3.7,14.1,1888,-0.82
Europa,"Madrid",ES,40.42,-3.7,14.1,1889,-0.09
Europa,"Madrid",ES,40.42,-3.7,14.1,1890,-0.11
Europa,"Madrid",ES,40.42,-3.7,14.1,1891,-0.8
Europa,"Madrid",ES,40.42,-3.7,14.1,1892,-0.96
Europa,"Madrid",ES,40.42,-3.7,14.1,1893,-0.6
Europa,"Madrid",ES,40.42,-3.7,14.1,1894,-0.58
Europa,"Madrid",ES,40.42,-3.7,14.1,1895,-0.1
Europa,"Madrid",ES,40.42,-3.7,14.1,1896,0.46
Europa,"Madrid",ES,40.42,-3.7,14.1,1897,-0.36
Europa,"Madrid",ES,40.42,-3.7,14.1,1898,-0.74
Europa,"Madrid",ES,40.42,-3.7,14.1,1899,-0.86
Europa,"Madrid",ES,40.42,-3.7,14.1,1900,-0.72
Europa,"Madrid",ES,40.42,-3.7,14.1,1901,-0.69
Europa,"Madrid",ES,40.42,-3.7,14.1,1902,-0.44
Europa,"Madrid",ES,40.42,-3.7,14.1,1903,-1.21
Europa,"Madrid",ES,40.42,-3.7,14.1,1904,-0.56
Europa,"Madrid",ES,40.42,-3.7,14.1,1905,-1.01
Europa,"Madrid",ES,40.42,-3.7,14.1,1906,-0.29
Europa,"Madrid",ES,40.42,-3.7,14.1,1907,-0.58
Europa,"Madrid",ES,40.42,-3.7,14.1,1908,-0.91
Europa,"Madrid",ES,40.42,-3.7,14.1,1909,-0.71
Europa,"Madrid",ES,40.42,-3.7,14.1,1910,-0.91
Europa,"Madrid",ES,40.42,-3.7,14.1,1911,-0.8
Europa,"Madrid",ES,40.42,-3.7,14.1,1912,-1.23
Europa,"Madrid",ES,40.42,-3.7,14.1,1913,-0.36
Europa,"Madrid",ES,40.42,-3.7,14.1,1914,-0.33
Europa,"Madrid",ES,40.42,-3.7,14.1,1915,-0.39
Europa,"Madrid",ES,40.42,-3.7,14.1,1916,-0.82
Europa,"Madrid",ES,40.42,-3.7,14.1,1917,-1.09
Europa,"Madrid",ES,40.42,-3.7,14.1,1918,-0.69
Europa,"Madrid",ES,40.42,-3.7,14.1,1919,-0.47
Europa,"Madrid",ES,40.42,-3.7,14.1,1920,-0.44
Europa,"Madrid",ES,40.42,-3.7,14.1,1921,0.57
Europa,"Madrid",ES,40.42,-3.7,14.1,1922,-0.01
Europa,"Madrid",ES,40.42,-3.7,14.1,1923,-0.72
Europa,"Madrid",ES,40.42,-3.7,14.1,1924,-0.48
Europa,"Madrid",ES,40.42,-3.7,14.1,1925,-0.03
Europa,"Madrid",ES,40.42,-3.7,14.1,1926,-0.49
Europa,"Madrid",ES,40.42,-3.7,14.1,1927,-0.2
Europa,"Madrid",ES,40.42,-3.7,14.1,1928,-0.16
Europa,"Madrid",ES,40.42,-3.7,14.1,1929,-0.29
Europa,"Madrid",ES,40.42,-3.7,14.1,1930,-0.12
Europa,"Madrid",ES,40.42,-3.7,14.1,1931,0.44
Europa,"Madrid",ES,40.42,-3.7,14.1,1932,-0.04
Europa,"Madrid",ES,40.42,-3.7,14.1,1933,-0.9
Europa,"Madrid",ES,40.42,-3.7,14.1,1934,-0.29
Europa,"Madrid",ES,40.42,-3.7,14.1,1935,0.04
Europa,"Madrid",ES,40.42,-3.7,14.1,1936,-0.39
Europa,"Madrid",ES,40.42,-3.7,14.1,1937,-0.24
Europa,"Madrid",ES,40.42,-3.7,14.1,1938,-0.12
Europa,"Madrid",ES,40.42,-3.7,14.1,1939,-0.06
Europa,"Madrid",ES,40.42,-3.7,14.1,1940,0.5
Europa,"Madrid",ES,40.42,-3.7,14.1,1941,-0.28
Europa,"Madrid",ES,40.42,-3.7,14.1,1942,0.6
Europa,"Madrid",ES,40.42,-3.7,14.1,1943,-0.23
Europa,"Madrid",ES,40.42,-3.7,14.1,1944,0.11
Europa,"Madrid",ES,40.42,-3.7,14.1,1945,-0.05
Europa,"Madrid",ES,40.42,-3.7,14.1,1946,-0.1
Europa,"Madrid",ES,40.42,-3.7,14.1,1947,0.22
Europa,"Madrid",ES,40.42,-3.7,14.1,1948,0.01
Europa,"Madrid",ES,40.42,-3.7,14.1,1949,-0.48
Europa,"Madrid",ES,40.42,-3.7,14.1,1950,-0.54
Europa,"Madrid",ES,40.42,-3.7,14.1,1951,-0.16
Europa,"Madrid",ES,40.42,-3.7,14.1,1952,-0.15
Europa,"Madrid",ES,40.42,-3.7,14.1,1953,0.53
Europa,"Madrid",ES,40.42,-3.7,14.1,1954,0.14
Europa,"Madrid",ES,40.42,-3.7,14.1,1955,0.47
Europa,"Madrid",ES,40.42,-3.7,14.1,1956,-1.12
Europa,"Madrid",ES,40.42,-3.7,14.1,1957,0.03
Europa,"Madrid",ES,40.42,-3.7,14.1,1958,0.67
Europa,"Madrid",ES,40.42,-3.7,14.1,1959,0.19
Europa,"Madrid",ES,40.42,-3.7,14.1,1960,-0.17
Europa,"Madrid",ES,40.42,-3.7,14.1,1961,0
Europa,"Madrid",ES,40.42,-3.7,14.1,1962,0.56
Europa,"Madrid",ES,40.42,-3.7,14.1,1963,0.6
Europa,"Madrid",ES,40.42,-3.7,14.1,1964,-0.53
Europa,"Madrid",ES,40.42,-3.7,14.1,1965,-0.6
Europa,"Madrid",ES,40.42,-3.7,14.1,1966,-0.35
Europa,"Madrid",ES,40.42,-3.7,14.1,1967,-0.03
Europa,"Madrid",ES,40.42,-3.7,14.1,1968,-0.31
Europa,"Madrid",ES,40.42,-3.7,14.1,1969,0.32
Europa,"Madrid",ES,40.42,-3.7,14.1,1970,-0.34
Europa,"Madrid",ES,40.42,-3.7,14.1,1971,-0.7
Europa,"Madrid",ES,40.42,-3.7,14.1,1972,-0.29
Europa,"Madrid",ES,40.42,-3.7,14.1,1973,-0.13
Europa,"Madrid",ES,40.42,-3.7,14.1,1974,-0.72
Europa,"Madrid",ES,40.42,-3.7,14.1,1975,-0.1
Europa,"Madrid",ES,40.42,-3.7,14.1,1976,0.12
Europa,"Madrid",ES,40.42,-3.7,14.1,1977,0.3
Europa,"Madrid",ES,40.42,-3.7,14.1,1978,-0.57
Europa,"Madrid",ES,40.42,-3.7,14.1,1979,-0.87
Europa,"Madrid",ES,40.42,-3.7,14.1,1980,0.14
Europa,"Madrid",ES,40.42,-3.7,14.1,1981,0.52
Europa,"Madrid",ES,40.42,-3.7,14.1,1982,0.26
Europa,"Madrid",ES,40.42,-3.7,14.1,1983,0.19
Europa,"Madrid",ES,40.42,-3.7,14.1,1984,-0.27
Europa,"Madrid",ES,40.42,-3.7,14.1,1985,0.25
Europa,"Madrid",ES,40.42,-3.7,14.1,1986,0.37
Europa,"Madrid",ES,40.42,-3.7,14.1,1987,0.62
Europa,"Madrid",ES,40.42,-3.7,14.1,1988,0.46
Europa,"Madrid",ES,40.42,-3.7,14.1,1989,0.06
Europa,"Madrid",ES,40.42,-3.7,14.1,1990,1.03
Europa,"Madrid",ES,40.42,-3.7,14.1,1991,0.29
Europa,"Madrid",ES,40.42,-3.7,14.1,1992,-0.2
Europa,"Madrid",ES,40.42,-3.7,14.1,1993,0.09
Europa,"Madrid",ES,40.42,-3.7,14.1,1994,0.65
Europa,"Madrid",ES,40.42,-3.7,14.1,1995,1.01
Europa,"Madrid",ES,40.42,-3.7,14.1,1996,0.19
Europa,"Madrid",ES,40.42,-3.7,14.1,1997,1.04
Europa,"Madrid",ES,40.42,-3.7,14.1,1998,0.82
Europa,"Madrid",ES,40.42,-3.7,14.1,1999,0.84
Europa,"Madrid",ES,40.42,-3.7,14.1,2000,0.93
Europa,"Madrid",ES,40.42,-3.7,14.1,2001,1.37
Europa,"Madrid",ES,40.42,-3.7,14.1,2002,0.7
Europa,"Madrid",ES,40.42,-3.7,14.1,2003,1.12
Europa,"Madrid",ES,40.42,-3.7,14.1,2004,0.33
Europa,"Madrid",ES,40.42,-3.7,14.1,2005,0.96
Europa,"Madrid",ES,40.42,-3.7,14.1,2006,1.18
Europa,"Madrid",ES,40.42,-3.7,14.1,2007,1
Europa,"Madrid",ES,40.42,-3.7,14.1,2008,0.78
Europa,"Madrid",ES,40.42,-3.7,14.1,2009,0.86
Europa,"Madrid",ES,40.42,-3.7,14.1,2010,1.72
Europa,"Madrid",ES,40.42,-3.7,14.1,2011,1.09
Europa,"Madrid",ES,40.42,-3.7,14.1,2012,1.18
Europa,"Madrid",ES,40.42,-3.7,14.1,2013,1.11
Europa,"Madrid",ES,40.42,-3.7,14.1,2014,1.11
Europa,"Madrid",ES,40.42,-3.7,14.1,2015,1.64
Europa,"Madrid",ES,40.42,-3.7,14.1,2016,2.04
Europa,"Madrid",ES,40.42,-3.7,14.1,2017,1.84
Europa,"Madrid",ES,40.42,-3.7,14.1,2018,1.62
Europa,"Madrid",ES,40.42,-3.7,14.1,2019,1.53
Europa,"Madrid",ES,40.42,-3.7,14.1,2020,1.59
Europa,"Madrid",ES,40.42,-3.7,14.1,2021,1.83
Europa,"Madrid",ES,40.42,-3.7,14.1,2022,1.69
Europa,"Madrid",ES,40.42,-3.7,14.1,2023,2.19
Europa,"Madrid",ES,40.42,-3.7,14.1,2024,1.77
Europa,"Madrid",ES,40.42,-3.7,14.1,2025,2.22
Europa,"Athen",GR,37.98,23.73,17.6,1850,-0.43
Europa,"Athen",GR,37.98,23.73,17.6,1851,-0.43
Europa,"Athen",GR,37.98,23.73,17.6,1852,-0.1
Europa,"Athen",GR,37.98,23.73,17.6,1853,-0.28
Europa,"Athen",GR,37.98,23.73,17.6,1854,-0.09
Europa,"Athen",GR,37.98,23.73,17.6,1855,0.03
Europa,"Athen",GR,37.98,23.73,17.6,1856,0.04
Europa,"Athen",GR,37.98,23.73,17.6,1857,-0.48
Europa,"Athen",GR,37.98,23.73,17.6,1858,0.12
Europa,"Athen",GR,37.98,23.73,17.6,1859,-0.69
Europa,"Athen",GR,37.98,23.73,17.6,1860,-0.51
Europa,"Athen",GR,37.98,23.73,17.6,1861,-0.89
Europa,"Athen",GR,37.98,23.73,17.6,1862,-1.05
Europa,"Athen",GR,37.98,23.73,17.6,1863,-0.58
Europa,"Athen",GR,37.98,23.73,17.6,1864,-0.63
Europa,"Athen",GR,37.98,23.73,17.6,1865,-0.23
Europa,"Athen",GR,37.98,23.73,17.6,1866,-0.31
Europa,"Athen",GR,37.98,23.73,17.6,1867,-0.4
Europa,"Athen",GR,37.98,23.73,17.6,1868,-0.71
Europa,"Athen",GR,37.98,23.73,17.6,1869,-0.23
Europa,"Athen",GR,37.98,23.73,17.6,1870,0.08
Europa,"Athen",GR,37.98,23.73,17.6,1871,-0.71
Europa,"Athen",GR,37.98,23.73,17.6,1872,-0.65
Europa,"Athen",GR,37.98,23.73,17.6,1873,-0.74
Europa,"Athen",GR,37.98,23.73,17.6,1874,-0.56
Europa,"Athen",GR,37.98,23.73,17.6,1875,-0.47
Europa,"Athen",GR,37.98,23.73,17.6,1876,-0.63
Europa,"Athen",GR,37.98,23.73,17.6,1877,0.16
Europa,"Athen",GR,37.98,23.73,17.6,1878,0.08
Europa,"Athen",GR,37.98,23.73,17.6,1879,-0.3
Europa,"Athen",GR,37.98,23.73,17.6,1880,-0.25
Europa,"Athen",GR,37.98,23.73,17.6,1881,-0.22
Europa,"Athen",GR,37.98,23.73,17.6,1882,-0.23
Europa,"Athen",GR,37.98,23.73,17.6,1883,-0.61
Europa,"Athen",GR,37.98,23.73,17.6,1884,-0.69
Europa,"Athen",GR,37.98,23.73,17.6,1885,-0.63
Europa,"Athen",GR,37.98,23.73,17.6,1886,-0.4
Europa,"Athen",GR,37.98,23.73,17.6,1887,-0.67
Europa,"Athen",GR,37.98,23.73,17.6,1888,-0.51
Europa,"Athen",GR,37.98,23.73,17.6,1889,-0.25
Europa,"Athen",GR,37.98,23.73,17.6,1890,-0.7
Europa,"Athen",GR,37.98,23.73,17.6,1891,-0.4
Europa,"Athen",GR,37.98,23.73,17.6,1892,-0.66
Europa,"Athen",GR,37.98,23.73,17.6,1893,-0.93
Europa,"Athen",GR,37.98,23.73,17.6,1894,-0.62
Europa,"Athen",GR,37.98,23.73,17.6,1895,-0.39
Europa,"Athen",GR,37.98,23.73,17.6,1896,-0.43
Europa,"Athen",GR,37.98,23.73,17.6,1897,-0.45
Europa,"Athen",GR,37.98,23.73,17.6,1898,-0.42
Europa,"Athen",GR,37.98,23.73,17.6,1899,-0.54
Europa,"Athen",GR,37.98,23.73,17.6,1900,-0.55
Europa,"Athen",GR,37.98,23.73,17.6,1901,-0.7
Europa,"Athen",GR,37.98,23.73,17.6,1902,-0.15
Europa,"Athen",GR,37.98,23.73,17.6,1903,-0.4
Europa,"Athen",GR,37.98,23.73,17.6,1904,-1.26
Europa,"Athen",GR,37.98,23.73,17.6,1905,-1
Europa,"Athen",GR,37.98,23.73,17.6,1906,0.04
Europa,"Athen",GR,37.98,23.73,17.6,1907,-0.41
Europa,"Athen",GR,37.98,23.73,17.6,1908,-0.78
Europa,"Athen",GR,37.98,23.73,17.6,1909,-0.75
Europa,"Athen",GR,37.98,23.73,17.6,1910,-0.41
Europa,"Athen",GR,37.98,23.73,17.6,1911,-0.58
Europa,"Athen",GR,37.98,23.73,17.6,1912,-0.33
Europa,"Athen",GR,37.98,23.73,17.6,1913,-0.57
Europa,"Athen",GR,37.98,23.73,17.6,1914,-0.62
Europa,"Athen",GR,37.98,23.73,17.6,1915,0.17
Europa,"Athen",GR,37.98,23.73,17.6,1916,-0.41
Europa,"Athen",GR,37.98,23.73,17.6,1917,-1.17
Europa,"Athen",GR,37.98,23.73,17.6,1918,-0.67
Europa,"Athen",GR,37.98,23.73,17.6,1919,-0.56
Europa,"Athen",GR,37.98,23.73,17.6,1920,-0.15
Europa,"Athen",GR,37.98,23.73,17.6,1921,0.05
Europa,"Athen",GR,37.98,23.73,17.6,1922,0.15
Europa,"Athen",GR,37.98,23.73,17.6,1923,-0.35
Europa,"Athen",GR,37.98,23.73,17.6,1924,-0.23
Europa,"Athen",GR,37.98,23.73,17.6,1925,0.14
Europa,"Athen",GR,37.98,23.73,17.6,1926,-0.22
Europa,"Athen",GR,37.98,23.73,17.6,1927,-0.07
Europa,"Athen",GR,37.98,23.73,17.6,1928,-0.12
Europa,"Athen",GR,37.98,23.73,17.6,1929,-0.73
Europa,"Athen",GR,37.98,23.73,17.6,1930,-0.37
Europa,"Athen",GR,37.98,23.73,17.6,1931,0.21
Europa,"Athen",GR,37.98,23.73,17.6,1932,-0.09
Europa,"Athen",GR,37.98,23.73,17.6,1933,-0.25
Europa,"Athen",GR,37.98,23.73,17.6,1934,0.06
Europa,"Athen",GR,37.98,23.73,17.6,1935,-0.22
Europa,"Athen",GR,37.98,23.73,17.6,1936,-0.27
Europa,"Athen",GR,37.98,23.73,17.6,1937,0.01
Europa,"Athen",GR,37.98,23.73,17.6,1938,0.24
Europa,"Athen",GR,37.98,23.73,17.6,1939,0.21
Europa,"Athen",GR,37.98,23.73,17.6,1940,0.14
Europa,"Athen",GR,37.98,23.73,17.6,1941,0.7
Europa,"Athen",GR,37.98,23.73,17.6,1942,0.55
Europa,"Athen",GR,37.98,23.73,17.6,1943,0.48
Europa,"Athen",GR,37.98,23.73,17.6,1944,0.41
Europa,"Athen",GR,37.98,23.73,17.6,1945,0.31
Europa,"Athen",GR,37.98,23.73,17.6,1946,0.19
Europa,"Athen",GR,37.98,23.73,17.6,1947,-0.31
Europa,"Athen",GR,37.98,23.73,17.6,1948,-0.03
Europa,"Athen",GR,37.98,23.73,17.6,1949,-0.34
Europa,"Athen",GR,37.98,23.73,17.6,1950,0.17
Europa,"Athen",GR,37.98,23.73,17.6,1951,0.08
Europa,"Athen",GR,37.98,23.73,17.6,1952,-0.29
Europa,"Athen",GR,37.98,23.73,17.6,1953,0.47
Europa,"Athen",GR,37.98,23.73,17.6,1954,-0.07
Europa,"Athen",GR,37.98,23.73,17.6,1955,-0.22
Europa,"Athen",GR,37.98,23.73,17.6,1956,-0.55
Europa,"Athen",GR,37.98,23.73,17.6,1957,-0.18
Europa,"Athen",GR,37.98,23.73,17.6,1958,-0.12
Europa,"Athen",GR,37.98,23.73,17.6,1959,0.37
Europa,"Athen",GR,37.98,23.73,17.6,1960,0.26
Europa,"Athen",GR,37.98,23.73,17.6,1961,0.06
Europa,"Athen",GR,37.98,23.73,17.6,1962,0.06
Europa,"Athen",GR,37.98,23.73,17.6,1963,0.34
Europa,"Athen",GR,37.98,23.73,17.6,1964,-0.57
Europa,"Athen",GR,37.98,23.73,17.6,1965,-0.43
Europa,"Athen",GR,37.98,23.73,17.6,1966,-0.41
Europa,"Athen",GR,37.98,23.73,17.6,1967,-0.31
Europa,"Athen",GR,37.98,23.73,17.6,1968,-0.36
Europa,"Athen",GR,37.98,23.73,17.6,1969,-0.22
Europa,"Athen",GR,37.98,23.73,17.6,1970,0.06
Europa,"Athen",GR,37.98,23.73,17.6,1971,-0.27
Europa,"Athen",GR,37.98,23.73,17.6,1972,-0.46
Europa,"Athen",GR,37.98,23.73,17.6,1973,-0.32
Europa,"Athen",GR,37.98,23.73,17.6,1974,-0.33
Europa,"Athen",GR,37.98,23.73,17.6,1975,-0.43
Europa,"Athen",GR,37.98,23.73,17.6,1976,-0.78
Europa,"Athen",GR,37.98,23.73,17.6,1977,0.07
Europa,"Athen",GR,37.98,23.73,17.6,1978,-0.09
Europa,"Athen",GR,37.98,23.73,17.6,1979,0.41
Europa,"Athen",GR,37.98,23.73,17.6,1980,0.38
Europa,"Athen",GR,37.98,23.73,17.6,1981,0.25
Europa,"Athen",GR,37.98,23.73,17.6,1982,-0.17
Europa,"Athen",GR,37.98,23.73,17.6,1983,0.47
Europa,"Athen",GR,37.98,23.73,17.6,1984,0.28
Europa,"Athen",GR,37.98,23.73,17.6,1985,-0.2
Europa,"Athen",GR,37.98,23.73,17.6,1986,0.46
Europa,"Athen",GR,37.98,23.73,17.6,1987,0.94
Europa,"Athen",GR,37.98,23.73,17.6,1988,0.69
Europa,"Athen",GR,37.98,23.73,17.6,1989,0.03
Europa,"Athen",GR,37.98,23.73,17.6,1990,0.84
Europa,"Athen",GR,37.98,23.73,17.6,1991,0.93
Europa,"Athen",GR,37.98,23.73,17.6,1992,0.5
Europa,"Athen",GR,37.98,23.73,17.6,1993,0.85
Europa,"Athen",GR,37.98,23.73,17.6,1994,0.6
Europa,"Athen",GR,37.98,23.73,17.6,1995,0.84
Europa,"Athen",GR,37.98,23.73,17.6,1996,0.48
Europa,"Athen",GR,37.98,23.73,17.6,1997,0.64
Europa,"Athen",GR,37.98,23.73,17.6,1998,0.87
Europa,"Athen",GR,37.98,23.73,17.6,1999,0.66
Europa,"Athen",GR,37.98,23.73,17.6,2000,0.59
Europa,"Athen",GR,37.98,23.73,17.6,2001,1.26
Europa,"Athen",GR,37.98,23.73,17.6,2002,0.88
Europa,"Athen",GR,37.98,23.73,17.6,2003,1.01
Europa,"Athen",GR,37.98,23.73,17.6,2004,0.93
Europa,"Athen",GR,37.98,23.73,17.6,2005,1.31
Europa,"Athen",GR,37.98,23.73,17.6,2006,1.38
Europa,"Athen",GR,37.98,23.73,17.6,2007,1.11
Europa,"Athen",GR,37.98,23.73,17.6,2008,1.08
Europa,"Athen",GR,37.98,23.73,17.6,2009,1.34
Europa,"Athen",GR,37.98,23.73,17.6,2010,1.37
Europa,"Athen",GR,37.98,23.73,17.6,2011,1.1
Europa,"Athen",GR,37.98,23.73,17.6,2012,1.22
Europa,"Athen",GR,37.98,23.73,17.6,2013,1.43
Europa,"Athen",GR,37.98,23.73,17.6,2014,0.94
Europa,"Athen",GR,37.98,23.73,17.6,2015,1.76
Europa,"Athen",GR,37.98,23.73,17.6,2016,1.57
Europa,"Athen",GR,37.98,23.73,17.6,2017,1.78
Europa,"Athen",GR,37.98,23.73,17.6,2018,1.17
Europa,"Athen",GR,37.98,23.73,17.6,2019,1.59
Europa,"Athen",GR,37.98,23.73,17.6,2020,2.1
Europa,"Athen",GR,37.98,23.73,17.6,2021,1.38
Europa,"Athen",GR,37.98,23.73,17.6,2022,1.76
Europa,"Athen",GR,37.98,23.73,17.6,2023,1.91
Europa,"Athen",GR,37.98,23.73,17.6,2024,2.11
Europa,"Athen",GR,37.98,23.73,17.6,2025,2.37
Europa,"Lissabon",PT,38.72,-9.14,16.4,1850,-0.84
Europa,"Lissabon",PT,38.72,-9.14,16.4,1851,-0.14
Europa,"Lissabon",PT,38.72,-9.14,16.4,1852,-0.57
Europa,"Lissabon",PT,38.72,-9.14,16.4,1853,-0.28
Europa,"Lissabon",PT,38.72,-9.14,16.4,1854,-0.76
Europa,"Lissabon",PT,38.72,-9.14,16.4,1855,-0.38
Europa,"Lissabon",PT,38.72,-9.14,16.4,1856,-0.81
Europa,"Lissabon",PT,38.72,-9.14,16.4,1857,-0.42
Europa,"Lissabon",PT,38.72,-9.14,16.4,1858,-0.56
Europa,"Lissabon",PT,38.72,-9.14,16.4,1859,0.27
Europa,"Lissabon",PT,38.72,-9.14,16.4,1860,-0.72
Europa,"Lissabon",PT,38.72,-9.14,16.4,1861,-0.44
Europa,"Lissabon",PT,38.72,-9.14,16.4,1862,-0.82
Europa,"Lissabon",PT,38.72,-9.14,16.4,1863,-0.35
Europa,"Lissabon",PT,38.72,-9.14,16.4,1864,-0.31
Europa,"Lissabon",PT,38.72,-9.14,16.4,1865,0.06
Europa,"Lissabon",PT,38.72,-9.14,16.4,1866,-0.45
Europa,"Lissabon",PT,38.72,-9.14,16.4,1867,-0.44
Europa,"Lissabon",PT,38.72,-9.14,16.4,1868,-0.38
Europa,"Lissabon",PT,38.72,-9.14,16.4,1869,-0.43
Europa,"Lissabon",PT,38.72,-9.14,16.4,1870,-0.36
Europa,"Lissabon",PT,38.72,-9.14,16.4,1871,-0.81
Europa,"Lissabon",PT,38.72,-9.14,16.4,1872,-0.57
Europa,"Lissabon",PT,38.72,-9.14,16.4,1873,-0.71
Europa,"Lissabon",PT,38.72,-9.14,16.4,1874,-0.02
Europa,"Lissabon",PT,38.72,-9.14,16.4,1875,-0.54
Europa,"Lissabon",PT,38.72,-9.14,16.4,1876,-0.7
Europa,"Lissabon",PT,38.72,-9.14,16.4,1877,-0.29
Europa,"Lissabon",PT,38.72,-9.14,16.4,1878,-0.2
Europa,"Lissabon",PT,38.72,-9.14,16.4,1879,-0.02
Europa,"Lissabon",PT,38.72,-9.14,16.4,1880,-0.32
Europa,"Lissabon",PT,38.72,-9.14,16.4,1881,-0.5
Europa,"Lissabon",PT,38.72,-9.14,16.4,1882,-0.54
Europa,"Lissabon",PT,38.72,-9.14,16.4,1883,-0.39
Europa,"Lissabon",PT,38.72,-9.14,16.4,1884,-1.02
Europa,"Lissabon",PT,38.72,-9.14,16.4,1885,-0.67
Europa,"Lissabon",PT,38.72,-9.14,16.4,1886,-0.8
Europa,"Lissabon",PT,38.72,-9.14,16.4,1887,-0.82
Europa,"Lissabon",PT,38.72,-9.14,16.4,1888,-0.76
Europa,"Lissabon",PT,38.72,-9.14,16.4,1889,-0.06
Europa,"Lissabon",PT,38.72,-9.14,16.4,1890,-0.76
Europa,"Lissabon",PT,38.72,-9.14,16.4,1891,-0.62
Europa,"Lissabon",PT,38.72,-9.14,16.4,1892,-0.99
Europa,"Lissabon",PT,38.72,-9.14,16.4,1893,-0.89
Europa,"Lissabon",PT,38.72,-9.14,16.4,1894,-0.74
Europa,"Lissabon",PT,38.72,-9.14,16.4,1895,-0.21
Europa,"Lissabon",PT,38.72,-9.14,16.4,1896,-0.52
Europa,"Lissabon",PT,38.72,-9.14,16.4,1897,-0.31
Europa,"Lissabon",PT,38.72,-9.14,16.4,1898,-0.82
Europa,"Lissabon",PT,38.72,-9.14,16.4,1899,-0.13
Europa,"Lissabon",PT,38.72,-9.14,16.4,1900,0.1
Europa,"Lissabon",PT,38.72,-9.14,16.4,1901,-0.12
Europa,"Lissabon",PT,38.72,-9.14,16.4,1902,-0.27
Europa,"Lissabon",PT,38.72,-9.14,16.4,1903,-0.97
Europa,"Lissabon",PT,38.72,-9.14,16.4,1904,-1.04
Europa,"Lissabon",PT,38.72,-9.14,16.4,1905,-0.81
Europa,"Lissabon",PT,38.72,-9.14,16.4,1906,-0.5
Europa,"Lissabon",PT,38.72,-9.14,16.4,1907,-0.71
Europa,"Lissabon",PT,38.72,-9.14,16.4,1908,-0.72
Europa,"Lissabon",PT,38.72,-9.14,16.4,1909,-0.73
Europa,"Lissabon",PT,38.72,-9.14,16.4,1910,-0.86
Europa,"Lissabon",PT,38.72,-9.14,16.4,1911,-0.87
Europa,"Lissabon",PT,38.72,-9.14,16.4,1912,-1.05
Europa,"Lissabon",PT,38.72,-9.14,16.4,1913,-0.96
Europa,"Lissabon",PT,38.72,-9.14,16.4,1914,-0.41
Europa,"Lissabon",PT,38.72,-9.14,16.4,1915,-0.09
Europa,"Lissabon",PT,38.72,-9.14,16.4,1916,-0.71
Europa,"Lissabon",PT,38.72,-9.14,16.4,1917,-0.84
Europa,"Lissabon",PT,38.72,-9.14,16.4,1918,-0.64
Europa,"Lissabon",PT,38.72,-9.14,16.4,1919,-0.83
Europa,"Lissabon",PT,38.72,-9.14,16.4,1920,-1
Europa,"Lissabon",PT,38.72,-9.14,16.4,1921,-0.51
Europa,"Lissabon",PT,38.72,-9.14,16.4,1922,-0.4
Europa,"Lissabon",PT,38.72,-9.14,16.4,1923,-0.32
Europa,"Lissabon",PT,38.72,-9.14,16.4,1924,-0.3
Europa,"Lissabon",PT,38.72,-9.14,16.4,1925,-0.33
Europa,"Lissabon",PT,38.72,-9.14,16.4,1926,0.26
Europa,"Lissabon",PT,38.72,-9.14,16.4,1927,-0.44
Europa,"Lissabon",PT,38.72,-9.14,16.4,1928,-0.19
Europa,"Lissabon",PT,38.72,-9.14,16.4,1929,-0.2
Europa,"Lissabon",PT,38.72,-9.14,16.4,1930,0.22
Europa,"Lissabon",PT,38.72,-9.14,16.4,1931,-0.06
Europa,"Lissabon",PT,38.72,-9.14,16.4,1932,0.31
Europa,"Lissabon",PT,38.72,-9.14,16.4,1933,-0.56
Europa,"Lissabon",PT,38.72,-9.14,16.4,1934,0.24
Europa,"Lissabon",PT,38.72,-9.14,16.4,1935,-0.08
Europa,"Lissabon",PT,38.72,-9.14,16.4,1936,0.11
Europa,"Lissabon",PT,38.72,-9.14,16.4,1937,0.14
Europa,"Lissabon",PT,38.72,-9.14,16.4,1938,0.26
Europa,"Lissabon",PT,38.72,-9.14,16.4,1939,0.29
Europa,"Lissabon",PT,38.72,-9.14,16.4,1940,0.42
Europa,"Lissabon",PT,38.72,-9.14,16.4,1941,0.43
Europa,"Lissabon",PT,38.72,-9.14,16.4,1942,0.36
Europa,"Lissabon",PT,38.72,-9.14,16.4,1943,0.08
Europa,"Lissabon",PT,38.72,-9.14,16.4,1944,0.13
Europa,"Lissabon",PT,38.72,-9.14,16.4,1945,0.29
Europa,"Lissabon",PT,38.72,-9.14,16.4,1946,0.27
Europa,"Lissabon",PT,38.72,-9.14,16.4,1947,-0.27
Europa,"Lissabon",PT,38.72,-9.14,16.4,1948,-0.24
Europa,"Lissabon",PT,38.72,-9.14,16.4,1949,0.17
Europa,"Lissabon",PT,38.72,-9.14,16.4,1950,-0.17
Europa,"Lissabon",PT,38.72,-9.14,16.4,1951,-0.19
Europa,"Lissabon",PT,38.72,-9.14,16.4,1952,0.18
Europa,"Lissabon",PT,38.72,-9.14,16.4,1953,0.38
Europa,"Lissabon",PT,38.72,-9.14,16.4,1954,-0.12
Europa,"Lissabon",PT,38.72,-9.14,16.4,1955,-0.52
Europa,"Lissabon",PT,38.72,-9.14,16.4,1956,-0.92
Europa,"Lissabon",PT,38.72,-9.14,16.4,1957,-0.02
Europa,"Lissabon",PT,38.72,-9.14,16.4,1958,0.42
Europa,"Lissabon",PT,38.72,-9.14,16.4,1959,0.16
Europa,"Lissabon",PT,38.72,-9.14,16.4,1960,-0.12
Europa,"Lissabon",PT,38.72,-9.14,16.4,1961,-0.09
Europa,"Lissabon",PT,38.72,-9.14,16.4,1962,0.04
Europa,"Lissabon",PT,38.72,-9.14,16.4,1963,0.4
Europa,"Lissabon",PT,38.72,-9.14,16.4,1964,-0.31
Europa,"Lissabon",PT,38.72,-9.14,16.4,1965,-0.12
Europa,"Lissabon",PT,38.72,-9.14,16.4,1966,-0.19
Europa,"Lissabon",PT,38.72,-9.14,16.4,1967,0.19
Europa,"Lissabon",PT,38.72,-9.14,16.4,1968,-0.48
Europa,"Lissabon",PT,38.72,-9.14,16.4,1969,-0.18
Europa,"Lissabon",PT,38.72,-9.14,16.4,1970,-0.6
Europa,"Lissabon",PT,38.72,-9.14,16.4,1971,0.31
Europa,"Lissabon",PT,38.72,-9.14,16.4,1972,-0.13
Europa,"Lissabon",PT,38.72,-9.14,16.4,1973,0.27
Europa,"Lissabon",PT,38.72,-9.14,16.4,1974,-0.14
Europa,"Lissabon",PT,38.72,-9.14,16.4,1975,0.06
Europa,"Lissabon",PT,38.72,-9.14,16.4,1976,-0.14
Europa,"Lissabon",PT,38.72,-9.14,16.4,1977,0.33
Europa,"Lissabon",PT,38.72,-9.14,16.4,1978,0.16
Europa,"Lissabon",PT,38.72,-9.14,16.4,1979,-0.13
Europa,"Lissabon",PT,38.72,-9.14,16.4,1980,0.02
Europa,"Lissabon",PT,38.72,-9.14,16.4,1981,0.08
Europa,"Lissabon",PT,38.72,-9.14,16.4,1982,-0.27
Europa,"Lissabon",PT,38.72,-9.14,16.4,1983,0.06
Europa,"Lissabon",PT,38.72,-9.14,16.4,1984,-0.07
Europa,"Lissabon",PT,38.72,-9.14,16.4,1985,0.06
Europa,"Lissabon",PT,38.72,-9.14,16.4,1986,-0.06
Europa,"Lissabon",PT,38.72,-9.14,16.4,1987,0.06
Europa,"Lissabon",PT,38.72,-9.14,16.4,1988,0.42
Europa,"Lissabon",PT,38.72,-9.14,16.4,1989,-0.02
Europa,"Lissabon",PT,38.72,-9.14,16.4,1990,0.48
Europa,"Lissabon",PT,38.72,-9.14,16.4,1991,0.12
Europa,"Lissabon",PT,38.72,-9.14,16.4,1992,-0.09
Europa,"Lissabon",PT,38.72,-9.14,16.4,1993,0.47
Europa,"Lissabon",PT,38.72,-9.14,16.4,1994,0.48
Europa,"Lissabon",PT,38.72,-9.14,16.4,1995,0.65
Europa,"Lissabon",PT,38.72,-9.14,16.4,1996,-0.02
Europa,"Lissabon",PT,38.72,-9.14,16.4,1997,0.49
Europa,"Lissabon",PT,38.72,-9.14,16.4,1998,0.94
Europa,"Lissabon",PT,38.72,-9.14,16.4,1999,0.06
Europa,"Lissabon",PT,38.72,-9.14,16.4,2000,0.67
Europa,"Lissabon",PT,38.72,-9.14,16.4,2001,1.51
Europa,"Lissabon",PT,38.72,-9.14,16.4,2002,1.07
Europa,"Lissabon",PT,38.72,-9.14,16.4,2003,0.96
Europa,"Lissabon",PT,38.72,-9.14,16.4,2004,1.08
Europa,"Lissabon",PT,38.72,-9.14,16.4,2005,0.88
Europa,"Lissabon",PT,38.72,-9.14,16.4,2006,1.06
Europa,"Lissabon",PT,38.72,-9.14,16.4,2007,0.55
Europa,"Lissabon",PT,38.72,-9.14,16.4,2008,0.69
Europa,"Lissabon",PT,38.72,-9.14,16.4,2009,0.64
Europa,"Lissabon",PT,38.72,-9.14,16.4,2010,1.48
Europa,"Lissabon",PT,38.72,-9.14,16.4,2011,0.86
Europa,"Lissabon",PT,38.72,-9.14,16.4,2012,1.17
Europa,"Lissabon",PT,38.72,-9.14,16.4,2013,0.95
Europa,"Lissabon",PT,38.72,-9.14,16.4,2014,1.12
Europa,"Lissabon",PT,38.72,-9.14,16.4,2015,1.25
Europa,"Lissabon",PT,38.72,-9.14,16.4,2016,1.31
Europa,"Lissabon",PT,38.72,-9.14,16.4,2017,1.62
Europa,"Lissabon",PT,38.72,-9.14,16.4,2018,1.49
Europa,"Lissabon",PT,38.72,-9.14,16.4,2019,1.54
Europa,"Lissabon",PT,38.72,-9.14,16.4,2020,1.14
Europa,"Lissabon",PT,38.72,-9.14,16.4,2021,0.88
Europa,"Lissabon",PT,38.72,-9.14,16.4,2022,0.87
Europa,"Lissabon",PT,38.72,-9.14,16.4,2023,1.85
Europa,"Lissabon",PT,38.72,-9.14,16.4,2024,1.94
Europa,"Lissabon",PT,38.72,-9.14,16.4,2025,1.71
Welt,"Anchorage",US,61.22,-149.9,2.2,1850,-1.4
Welt,"Anchorage",US,61.22,-149.9,2.2,1851,-2.13
Welt,"Anchorage",US,61.22,-149.9,2.2,1852,-2.37
Welt,"Anchorage",US,61.22,-149.9,2.2,1853,-0.99
Welt,"Anchorage",US,61.22,-149.9,2.2,1854,-0.91
Welt,"Anchorage",US,61.22,-149.9,2.2,1855,-0.59
Welt,"Anchorage",US,61.22,-149.9,2.2,1856,-0.84
Welt,"Anchorage",US,61.22,-149.9,2.2,1857,-1.38
Welt,"Anchorage",US,61.22,-149.9,2.2,1858,-1.23
Welt,"Anchorage",US,61.22,-149.9,2.2,1859,-1.06
Welt,"Anchorage",US,61.22,-149.9,2.2,1860,-1.21
Welt,"Anchorage",US,61.22,-149.9,2.2,1861,-0.1
Welt,"Anchorage",US,61.22,-149.9,2.2,1862,-0.15
Welt,"Anchorage",US,61.22,-149.9,2.2,1863,0.45
Welt,"Anchorage",US,61.22,-149.9,2.2,1864,0.52
Welt,"Anchorage",US,61.22,-149.9,2.2,1865,0.11
Welt,"Anchorage",US,61.22,-149.9,2.2,1866,-1.78
Welt,"Anchorage",US,61.22,-149.9,2.2,1867,-1.74
Welt,"Anchorage",US,61.22,-149.9,2.2,1868,-1.76
Welt,"Anchorage",US,61.22,-149.9,2.2,1869,-0.42
Welt,"Anchorage",US,61.22,-149.9,2.2,1870,-1.66
Welt,"Anchorage",US,61.22,-149.9,2.2,1871,-2.14
Welt,"Anchorage",US,61.22,-149.9,2.2,1872,-0.9
Welt,"Anchorage",US,61.22,-149.9,2.2,1873,-1.32
Welt,"Anchorage",US,61.22,-149.9,2.2,1874,-1.36
Welt,"Anchorage",US,61.22,-149.9,2.2,1875,0.23
Welt,"Anchorage",US,61.22,-149.9,2.2,1876,0.19
Welt,"Anchorage",US,61.22,-149.9,2.2,1877,-0.13
Welt,"Anchorage",US,61.22,-149.9,2.2,1878,-0.36
Welt,"Anchorage",US,61.22,-149.9,2.2,1879,-0.58
Welt,"Anchorage",US,61.22,-149.9,2.2,1880,-0.42
Welt,"Anchorage",US,61.22,-149.9,2.2,1881,-0.92
Welt,"Anchorage",US,61.22,-149.9,2.2,1882,0.28
Welt,"Anchorage",US,61.22,-149.9,2.2,1883,0.09
Welt,"Anchorage",US,61.22,-149.9,2.2,1884,-1.09
Welt,"Anchorage",US,61.22,-149.9,2.2,1885,-0.98
Welt,"Anchorage",US,61.22,-149.9,2.2,1886,-1.31
Welt,"Anchorage",US,61.22,-149.9,2.2,1887,-1.13
Welt,"Anchorage",US,61.22,-149.9,2.2,1888,0.14
Welt,"Anchorage",US,61.22,-149.9,2.2,1889,0.66
Welt,"Anchorage",US,61.22,-149.9,2.2,1890,0.72
Welt,"Anchorage",US,61.22,-149.9,2.2,1891,0.39
Welt,"Anchorage",US,61.22,-149.9,2.2,1892,-0.06
Welt,"Anchorage",US,61.22,-149.9,2.2,1893,-0.24
Welt,"Anchorage",US,61.22,-149.9,2.2,1894,-1.66
Welt,"Anchorage",US,61.22,-149.9,2.2,1895,-2.01
Welt,"Anchorage",US,61.22,-149.9,2.2,1896,-0.77
Welt,"Anchorage",US,61.22,-149.9,2.2,1897,0.06
Welt,"Anchorage",US,61.22,-149.9,2.2,1898,-1.17
Welt,"Anchorage",US,61.22,-149.9,2.2,1899,0.17
Welt,"Anchorage",US,61.22,-149.9,2.2,1900,-0.05
Welt,"Anchorage",US,61.22,-149.9,2.2,1901,-0.52
Welt,"Anchorage",US,61.22,-149.9,2.2,1902,0.32
Welt,"Anchorage",US,61.22,-149.9,2.2,1903,-1.47
Welt,"Anchorage",US,61.22,-149.9,2.2,1904,-1.07
Welt,"Anchorage",US,61.22,-149.9,2.2,1905,0.28
Welt,"Anchorage",US,61.22,-149.9,2.2,1906,0.18
Welt,"Anchorage",US,61.22,-149.9,2.2,1907,0.04
Welt,"Anchorage",US,61.22,-149.9,2.2,1908,-0.49
Welt,"Anchorage",US,61.22,-149.9,2.2,1909,0.31
Welt,"Anchorage",US,61.22,-149.9,2.2,1910,-0.85
Welt,"Anchorage",US,61.22,-149.9,2.2,1911,-2.41
Welt,"Anchorage",US,61.22,-149.9,2.2,1912,-2.39
Welt,"Anchorage",US,61.22,-149.9,2.2,1913,-2.12
Welt,"Anchorage",US,61.22,-149.9,2.2,1914,-2.05
Welt,"Anchorage",US,61.22,-149.9,2.2,1915,-1.3
Welt,"Anchorage",US,61.22,-149.9,2.2,1916,-1.2
Welt,"Anchorage",US,61.22,-149.9,2.2,1917,-1.02
Welt,"Anchorage",US,61.22,-149.9,2.2,1918,0.42
Welt,"Anchorage",US,61.22,-149.9,2.2,1919,-1.1
Welt,"Anchorage",US,61.22,-149.9,2.2,1920,-1.28
Welt,"Anchorage",US,61.22,-149.9,2.2,1921,-0.59
Welt,"Anchorage",US,61.22,-149.9,2.2,1922,-1.66
Welt,"Anchorage",US,61.22,-149.9,2.2,1923,-1.22
Welt,"Anchorage",US,61.22,-149.9,2.2,1924,-1.8
Welt,"Anchorage",US,61.22,-149.9,2.2,1925,-0.89
Welt,"Anchorage",US,61.22,-149.9,2.2,1926,0.83
Welt,"Anchorage",US,61.22,-149.9,2.2,1927,0.16
Welt,"Anchorage",US,61.22,-149.9,2.2,1928,0.22
Welt,"Anchorage",US,61.22,-149.9,2.2,1929,-1.63
Welt,"Anchorage",US,61.22,-149.9,2.2,1930,-1.22
Welt,"Anchorage",US,61.22,-149.9,2.2,1931,-0.59
Welt,"Anchorage",US,61.22,-149.9,2.2,1932,-0.55
Welt,"Anchorage",US,61.22,-149.9,2.2,1933,-0.67
Welt,"Anchorage",US,61.22,-149.9,2.2,1934,-0.4
Welt,"Anchorage",US,61.22,-149.9,2.2,1935,-0.36
Welt,"Anchorage",US,61.22,-149.9,2.2,1936,-1.72
Welt,"Anchorage",US,61.22,-149.9,2.2,1937,0.56
Welt,"Anchorage",US,61.22,-149.9,2.2,1938,1.17
Welt,"Anchorage",US,61.22,-149.9,2.2,1939,0.31
Welt,"Anchorage",US,61.22,-149.9,2.2,1940,-0.35
Welt,"Anchorage",US,61.22,-149.9,2.2,1941,0.17
Welt,"Anchorage",US,61.22,-149.9,2.2,1942,0.07
Welt,"Anchorage",US,61.22,-149.9,2.2,1943,0.62
Welt,"Anchorage",US,61.22,-149.9,2.2,1944,0.08
Welt,"Anchorage",US,61.22,-149.9,2.2,1945,-0.16
Welt,"Anchorage",US,61.22,-149.9,2.2,1946,1.09
Welt,"Anchorage",US,61.22,-149.9,2.2,1947,0.33
Welt,"Anchorage",US,61.22,-149.9,2.2,1948,-0.4
Welt,"Anchorage",US,61.22,-149.9,2.2,1949,-0.01
Welt,"Anchorage",US,61.22,-149.9,2.2,1950,1.13
Welt,"Anchorage",US,61.22,-149.9,2.2,1951,-0.45
Welt,"Anchorage",US,61.22,-149.9,2.2,1952,-0.9
Welt,"Anchorage",US,61.22,-149.9,2.2,1953,-0.92
Welt,"Anchorage",US,61.22,-149.9,2.2,1954,-0.61
Welt,"Anchorage",US,61.22,-149.9,2.2,1955,-0.73
Welt,"Anchorage",US,61.22,-149.9,2.2,1956,0.16
Welt,"Anchorage",US,61.22,-149.9,2.2,1957,1.13
Welt,"Anchorage",US,61.22,-149.9,2.2,1958,0.93
Welt,"Anchorage",US,61.22,-149.9,2.2,1959,-0.28
Welt,"Anchorage",US,61.22,-149.9,2.2,1960,-0.05
Welt,"Anchorage",US,61.22,-149.9,2.2,1961,0.09
Welt,"Anchorage",US,61.22,-149.9,2.2,1962,0.19
Welt,"Anchorage",US,61.22,-149.9,2.2,1963,0.46
Welt,"Anchorage",US,61.22,-149.9,2.2,1964,-0.38
Welt,"Anchorage",US,61.22,-149.9,2.2,1965,0.08
Welt,"Anchorage",US,61.22,-149.9,2.2,1966,0.79
Welt,"Anchorage",US,61.22,-149.9,2.2,1967,-0.57
Welt,"Anchorage",US,61.22,-149.9,2.2,1968,0.42
Welt,"Anchorage",US,61.22,-149.9,2.2,1969,-1.34
Welt,"Anchorage",US,61.22,-149.9,2.2,1970,-2.24
Welt,"Anchorage",US,61.22,-149.9,2.2,1971,-0.91
Welt,"Anchorage",US,61.22,-149.9,2.2,1972,-0.64
Welt,"Anchorage",US,61.22,-149.9,2.2,1973,0.27
Welt,"Anchorage",US,61.22,-149.9,2.2,1974,-0.4
Welt,"Anchorage",US,61.22,-149.9,2.2,1975,-0.64
Welt,"Anchorage",US,61.22,-149.9,2.2,1976,-1.07
Welt,"Anchorage",US,61.22,-149.9,2.2,1977,0.84
Welt,"Anchorage",US,61.22,-149.9,2.2,1978,0.69
Welt,"Anchorage",US,61.22,-149.9,2.2,1979,0.82
Welt,"Anchorage",US,61.22,-149.9,2.2,1980,0.87
Welt,"Anchorage",US,61.22,-149.9,2.2,1981,0.85
Welt,"Anchorage",US,61.22,-149.9,2.2,1982,0.45
Welt,"Anchorage",US,61.22,-149.9,2.2,1983,0.44
Welt,"Anchorage",US,61.22,-149.9,2.2,1984,-0.17
Welt,"Anchorage",US,61.22,-149.9,2.2,1985,-1.22
Welt,"Anchorage",US,61.22,-149.9,2.2,1986,0.25
Welt,"Anchorage",US,61.22,-149.9,2.2,1987,-0.36
Welt,"Anchorage",US,61.22,-149.9,2.2,1988,-0.53
Welt,"Anchorage",US,61.22,-149.9,2.2,1989,1.24
Welt,"Anchorage",US,61.22,-149.9,2.2,1990,1.76
Welt,"Anchorage",US,61.22,-149.9,2.2,1991,1.13
Welt,"Anchorage",US,61.22,-149.9,2.2,1992,1.27
Welt,"Anchorage",US,61.22,-149.9,2.2,1993,2.09
Welt,"Anchorage",US,61.22,-149.9,2.2,1994,1.74
Welt,"Anchorage",US,61.22,-149.9,2.2,1995,2.04
Welt,"Anchorage",US,61.22,-149.9,2.2,1996,1.99
Welt,"Anchorage",US,61.22,-149.9,2.2,1997,0.99
Welt,"Anchorage",US,61.22,-149.9,2.2,1998,0.59
Welt,"Anchorage",US,61.22,-149.9,2.2,1999,0.54
Welt,"Anchorage",US,61.22,-149.9,2.2,2000,0.07
Welt,"Anchorage",US,61.22,-149.9,2.2,2001,1.7
Welt,"Anchorage",US,61.22,-149.9,2.2,2002,1.21
Welt,"Anchorage",US,61.22,-149.9,2.2,2003,1.07
Welt,"Anchorage",US,61.22,-149.9,2.2,2004,1.26
Welt,"Anchorage",US,61.22,-149.9,2.2,2005,1.74
Welt,"Anchorage",US,61.22,-149.9,2.2,2006,1.03
Welt,"Anchorage",US,61.22,-149.9,2.2,2007,-0.15
Welt,"Anchorage",US,61.22,-149.9,2.2,2008,0.66
Welt,"Anchorage",US,61.22,-149.9,2.2,2009,0.33
Welt,"Anchorage",US,61.22,-149.9,2.2,2010,2.34
Welt,"Anchorage",US,61.22,-149.9,2.2,2011,0.94
Welt,"Anchorage",US,61.22,-149.9,2.2,2012,1.45
Welt,"Anchorage",US,61.22,-149.9,2.2,2013,0.88
Welt,"Anchorage",US,61.22,-149.9,2.2,2014,0.8
Welt,"Anchorage",US,61.22,-149.9,2.2,2015,1.78
Welt,"Anchorage",US,61.22,-149.9,2.2,2016,1.21
Welt,"Anchorage",US,61.22,-149.9,2.2,2017,1.27
Welt,"Anchorage",US,61.22,-149.9,2.2,2018,0.82
Welt,"Anchorage",US,61.22,-149.9,2.2,2019,1.9
Welt,"Anchorage",US,61.22,-149.9,2.2,2020,1.59
Welt,"Anchorage",US,61.22,-149.9,2.2,2021,1.38
Welt,"Anchorage",US,61.22,-149.9,2.2,2022,2.46
Welt,"Anchorage",US,61.22,-149.9,2.2,2023,2.42
Welt,"Anchorage",US,61.22,-149.9,2.2,2024,2.35
Welt,"Anchorage",US,61.22,-149.9,2.2,2025,1.87
Welt,"Moskau",RU,55.75,37.62,4.6,1850,-1.82
Welt,"Moskau",RU,55.75,37.62,4.6,1851,0.13
Welt,"Moskau",RU,55.75,37.62,4.6,1852,-0.84
Welt,"Moskau",RU,55.75,37.62,4.6,1853,-0.83
Welt,"Moskau",RU,55.75,37.62,4.6,1854,-0.83
Welt,"Moskau",RU,55.75,37.62,4.6,1855,-1.17
Welt,"Moskau",RU,55.75,37.62,4.6,1856,-1.23
Welt,"Moskau",RU,55.75,37.62,4.6,1857,-1.22
Welt,"Moskau",RU,55.75,37.62,4.6,1858,0.25
Welt,"Moskau",RU,55.75,37.62,4.6,1859,-0.5
Welt,"Moskau",RU,55.75,37.62,4.6,1860,-1.75
Welt,"Moskau",RU,55.75,37.62,4.6,1861,-1.48
Welt,"Moskau",RU,55.75,37.62,4.6,1862,-2.35
Welt,"Moskau",RU,55.75,37.62,4.6,1863,-0.6
Welt,"Moskau",RU,55.75,37.62,4.6,1864,-1.6
Welt,"Moskau",RU,55.75,37.62,4.6,1865,-1.32
Welt,"Moskau",RU,55.75,37.62,4.6,1866,-0.38
Welt,"Moskau",RU,55.75,37.62,4.6,1867,-0.65
Welt,"Moskau",RU,55.75,37.62,4.6,1868,-0.16
Welt,"Moskau",RU,55.75,37.62,4.6,1869,-0.32
Welt,"Moskau",RU,55.75,37.62,4.6,1870,0.18
Welt,"Moskau",RU,55.75,37.62,4.6,1871,-0.19
Welt,"Moskau",RU,55.75,37.62,4.6,1872,0.14
Welt,"Moskau",RU,55.75,37.62,4.6,1873,-0.05
Welt,"Moskau",RU,55.75,37.62,4.6,1874,-0.66
Welt,"Moskau",RU,55.75,37.62,4.6,1875,-0.85
Welt,"Moskau",RU,55.75,37.62,4.6,1876,-0.76
Welt,"Moskau",RU,55.75,37.62,4.6,1877,-0.14
Welt,"Moskau",RU,55.75,37.62,4.6,1878,-0.3
Welt,"Moskau",RU,55.75,37.62,4.6,1879,-1.11
Welt,"Moskau",RU,55.75,37.62,4.6,1880,-1.26
Welt,"Moskau",RU,55.75,37.62,4.6,1881,-0.93
Welt,"Moskau",RU,55.75,37.62,4.6,1882,-1.33
Welt,"Moskau",RU,55.75,37.62,4.6,1883,-1.1
Welt,"Moskau",RU,55.75,37.62,4.6,1884,-0.56
Welt,"Moskau",RU,55.75,37.62,4.6,1885,-1.07
Welt,"Moskau",RU,55.75,37.62,4.6,1886,-0.88
Welt,"Moskau",RU,55.75,37.62,4.6,1887,-0.87
Welt,"Moskau",RU,55.75,37.62,4.6,1888,-1.93
Welt,"Moskau",RU,55.75,37.62,4.6,1889,-1.76
Welt,"Moskau",RU,55.75,37.62,4.6,1890,-1.98
Welt,"Moskau",RU,55.75,37.62,4.6,1891,-1.2
Welt,"Moskau",RU,55.75,37.62,4.6,1892,-1.02
Welt,"Moskau",RU,55.75,37.62,4.6,1893,-0.49
Welt,"Moskau",RU,55.75,37.62,4.6,1894,-0.56
Welt,"Moskau",RU,55.75,37.62,4.6,1895,-1.9
Welt,"Moskau",RU,55.75,37.62,4.6,1896,-0.43
Welt,"Moskau",RU,55.75,37.62,4.6,1897,0.3
Welt,"Moskau",RU,55.75,37.62,4.6,1898,-1.26
Welt,"Moskau",RU,55.75,37.62,4.6,1899,-0.34
Welt,"Moskau",RU,55.75,37.62,4.6,1900,-0.77
Welt,"Moskau",RU,55.75,37.62,4.6,1901,-1.16
Welt,"Moskau",RU,55.75,37.62,4.6,1902,-1.03
Welt,"Moskau",RU,55.75,37.62,4.6,1903,-0.63
Welt,"Moskau",RU,55.75,37.62,4.6,1904,-1.04
Welt,"Moskau",RU,55.75,37.62,4.6,1905,-1.46
Welt,"Moskau",RU,55.75,37.62,4.6,1906,-0.95
Welt,"Moskau",RU,55.75,37.62,4.6,1907,-0.65
Welt,"Moskau",RU,55.75,37.62,4.6,1908,-0.62
Welt,"Moskau",RU,55.75,37.62,4.6,1909,-0.73
Welt,"Moskau",RU,55.75,37.62,4.6,1910,0.33
Welt,"Moskau",RU,55.75,37.62,4.6,1911,-0.13
Welt,"Moskau",RU,55.75,37.62,4.6,1912,-1.11
Welt,"Moskau",RU,55.75,37.62,4.6,1913,-0.12
Welt,"Moskau",RU,55.75,37.62,4.6,1914,-0.12
Welt,"Moskau",RU,55.75,37.62,4.6,1915,-0.32
Welt,"Moskau",RU,55.75,37.62,4.6,1916,-0.64
Welt,"Moskau",RU,55.75,37.62,4.6,1917,0.16
Welt,"Moskau",RU,55.75,37.62,4.6,1918,-1.14
Welt,"Moskau",RU,55.75,37.62,4.6,1919,-1.41
Welt,"Moskau",RU,55.75,37.62,4.6,1920,-1.57
Welt,"Moskau",RU,55.75,37.62,4.6,1921,-0.8
Welt,"Moskau",RU,55.75,37.62,4.6,1922,-1.29
Welt,"Moskau",RU,55.75,37.62,4.6,1923,-0.25
Welt,"Moskau",RU,55.75,37.62,4.6,1924,-0.46
Welt,"Moskau",RU,55.75,37.62,4.6,1925,-0.9
Welt,"Moskau",RU,55.75,37.62,4.6,1926,0.55
Welt,"Moskau",RU,55.75,37.62,4.6,1927,0.09
Welt,"Moskau",RU,55.75,37.62,4.6,1928,-0.52
Welt,"Moskau",RU,55.75,37.62,4.6,1929,-1.14
Welt,"Moskau",RU,55.75,37.62,4.6,1930,0.02
Welt,"Moskau",RU,55.75,37.62,4.6,1931,-0.18
Welt,"Moskau",RU,55.75,37.62,4.6,1932,-0.02
Welt,"Moskau",RU,55.75,37.62,4.6,1933,-0.37
Welt,"Moskau",RU,55.75,37.62,4.6,1934,0.15
Welt,"Moskau",RU,55.75,37.62,4.6,1935,-0.35
Welt,"Moskau",RU,55.75,37.62,4.6,1936,-0.3
Welt,"Moskau",RU,55.75,37.62,4.6,1937,1.05
Welt,"Moskau",RU,55.75,37.62,4.6,1938,0.14
Welt,"Moskau",RU,55.75,37.62,4.6,1939,-0.1
Welt,"Moskau",RU,55.75,37.62,4.6,1940,-0.06
Welt,"Moskau",RU,55.75,37.62,4.6,1941,-1.17
Welt,"Moskau",RU,55.75,37.62,4.6,1942,-0.81
Welt,"Moskau",RU,55.75,37.62,4.6,1943,-0.05
Welt,"Moskau",RU,55.75,37.62,4.6,1944,0.38
Welt,"Moskau",RU,55.75,37.62,4.6,1945,0.15
Welt,"Moskau",RU,55.75,37.62,4.6,1946,-1.1
Welt,"Moskau",RU,55.75,37.62,4.6,1947,0.34
Welt,"Moskau",RU,55.75,37.62,4.6,1948,1.15
Welt,"Moskau",RU,55.75,37.62,4.6,1949,1.22
Welt,"Moskau",RU,55.75,37.62,4.6,1950,-0.83
Welt,"Moskau",RU,55.75,37.62,4.6,1951,0.19
Welt,"Moskau",RU,55.75,37.62,4.6,1952,0.72
Welt,"Moskau",RU,55.75,37.62,4.6,1953,0.21
Welt,"Moskau",RU,55.75,37.62,4.6,1954,0.01
Welt,"Moskau",RU,55.75,37.62,4.6,1955,0.32
Welt,"Moskau",RU,55.75,37.62,4.6,1956,-0.33
Welt,"Moskau",RU,55.75,37.62,4.6,1957,-0.01
Welt,"Moskau",RU,55.75,37.62,4.6,1958,-0.12
Welt,"Moskau",RU,55.75,37.62,4.6,1959,-0.39
Welt,"Moskau",RU,55.75,37.62,4.6,1960,-0.13
Welt,"Moskau",RU,55.75,37.62,4.6,1961,0.89
Welt,"Moskau",RU,55.75,37.62,4.6,1962,-0.3
Welt,"Moskau",RU,55.75,37.62,4.6,1963,-1.55
Welt,"Moskau",RU,55.75,37.62,4.6,1964,0.04
Welt,"Moskau",RU,55.75,37.62,4.6,1965,-0.62
Welt,"Moskau",RU,55.75,37.62,4.6,1966,-0.64
Welt,"Moskau",RU,55.75,37.62,4.6,1967,0.56
Welt,"Moskau",RU,55.75,37.62,4.6,1968,-0.36
Welt,"Moskau",RU,55.75,37.62,4.6,1969,0.62
Welt,"Moskau",RU,55.75,37.62,4.6,1970,0.48
Welt,"Moskau",RU,55.75,37.62,4.6,1971,0.04
Welt,"Moskau",RU,55.75,37.62,4.6,1972,-1.23
Welt,"Moskau",RU,55.75,37.62,4.6,1973,0.59
Welt,"Moskau",RU,55.75,37.62,4.6,1974,-0.79
Welt,"Moskau",RU,55.75,37.62,4.6,1975,-1
Welt,"Moskau",RU,55.75,37.62,4.6,1976,-0.85
Welt,"Moskau",RU,55.75,37.62,4.6,1977,-0.56
Welt,"Moskau",RU,55.75,37.62,4.6,1978,0.52
Welt,"Moskau",RU,55.75,37.62,4.6,1979,-0.32
Welt,"Moskau",RU,55.75,37.62,4.6,1980,0.15
Welt,"Moskau",RU,55.75,37.62,4.6,1981,-0.11
Welt,"Moskau",RU,55.75,37.62,4.6,1982,-0.67
Welt,"Moskau",RU,55.75,37.62,4.6,1983,-0.25
Welt,"Moskau",RU,55.75,37.62,4.6,1984,-0.14
Welt,"Moskau",RU,55.75,37.62,4.6,1985,-0.33
Welt,"Moskau",RU,55.75,37.62,4.6,1986,0.31
Welt,"Moskau",RU,55.75,37.62,4.6,1987,0.86
Welt,"Moskau",RU,55.75,37.62,4.6,1988,1.01
Welt,"Moskau",RU,55.75,37.62,4.6,1989,2.09
Welt,"Moskau",RU,55.75,37.62,4.6,1990,1.56
Welt,"Moskau",RU,55.75,37.62,4.6,1991,0.94
Welt,"Moskau",RU,55.75,37.62,4.6,1992,0.87
Welt,"Moskau",RU,55.75,37.62,4.6,1993,-0.19
Welt,"Moskau",RU,55.75,37.62,4.6,1994,0.46
Welt,"Moskau",RU,55.75,37.62,4.6,1995,0.62
Welt,"Moskau",RU,55.75,37.62,4.6,1996,0.37
Welt,"Moskau",RU,55.75,37.62,4.6,1997,0.57
Welt,"Moskau",RU,55.75,37.62,4.6,1998,2.12
Welt,"Moskau",RU,55.75,37.62,4.6,1999,0.77
Welt,"Moskau",RU,55.75,37.62,4.6,2000,1.07
Welt,"Moskau",RU,55.75,37.62,4.6,2001,-0.6
Welt,"Moskau",RU,55.75,37.62,4.6,2002,0.96
Welt,"Moskau",RU,55.75,37.62,4.6,2003,2.58
Welt,"Moskau",RU,55.75,37.62,4.6,2004,0.52
Welt,"Moskau",RU,55.75,37.62,4.6,2005,0.56
Welt,"Moskau",RU,55.75,37.62,4.6,2006,1.54
Welt,"Moskau",RU,55.75,37.62,4.6,2007,0.77
Welt,"Moskau",RU,55.75,37.62,4.6,2008,1.57
Welt,"Moskau",RU,55.75,37.62,4.6,2009,0.58
Welt,"Moskau",RU,55.75,37.62,4.6,2010,-0.06
Welt,"Moskau",RU,55.75,37.62,4.6,2011,1.02
Welt,"Moskau",RU,55.75,37.62,4.6,2012,0.15
Welt,"Moskau",RU,55.75,37.62,4.6,2013,0.7
Welt,"Moskau",RU,55.75,37.62,4.6,2014,2.15
Welt,"Moskau",RU,55.75,37.62,4.6,2015,2.45
Welt,"Moskau",RU,55.75,37.62,4.6,2016,1.45
Welt,"Moskau",RU,55.75,37.62,4.6,2017,1.65
Welt,"Moskau",RU,55.75,37.62,4.6,2018,1.99
Welt,"Moskau",RU,55.75,37.62,4.6,2019,2.05
Welt,"Moskau",RU,55.75,37.62,4.6,2020,2.02
Welt,"Moskau",RU,55.75,37.62,4.6,2021,1.29
Welt,"Moskau",RU,55.75,37.62,4.6,2022,2.03
Welt,"Moskau",RU,55.75,37.62,4.6,2023,2.25
Welt,"Moskau",RU,55.75,37.62,4.6,2024,1.34
Welt,"Moskau",RU,55.75,37.62,4.6,2025,1.94
Welt,"Berlin",DE,52.52,13.4,9,1850,-0.73
Welt,"Berlin",DE,52.52,13.4,9,1851,-1.13
Welt,"Berlin",DE,52.52,13.4,9,1852,-1.25
Welt,"Berlin",DE,52.52,13.4,9,1853,-0.83
Welt,"Berlin",DE,52.52,13.4,9,1854,-0.61
Welt,"Berlin",DE,52.52,13.4,9,1855,-0.57
Welt,"Berlin",DE,52.52,13.4,9,1856,-1.29
Welt,"Berlin",DE,52.52,13.4,9,1857,-1.32
Welt,"Berlin",DE,52.52,13.4,9,1858,-1.01
Welt,"Berlin",DE,52.52,13.4,9,1859,-0.18
Welt,"Berlin",DE,52.52,13.4,9,1860,-0.29
Welt,"Berlin",DE,52.52,13.4,9,1861,-0.56
Welt,"Berlin",DE,52.52,13.4,9,1862,-1.3
Welt,"Berlin",DE,52.52,13.4,9,1863,-0.86
Welt,"Berlin",DE,52.52,13.4,9,1864,-0.97
Welt,"Berlin",DE,52.52,13.4,9,1865,-0.58
Welt,"Berlin",DE,52.52,13.4,9,1866,-0.62
Welt,"Berlin",DE,52.52,13.4,9,1867,-0.17
Welt,"Berlin",DE,52.52,13.4,9,1868,-0.21
Welt,"Berlin",DE,52.52,13.4,9,1869,-0.25
Welt,"Berlin",DE,52.52,13.4,9,1870,-0.64
Welt,"Berlin",DE,52.52,13.4,9,1871,-0.46
Welt,"Berlin",DE,52.52,13.4,9,1872,-0.28
Welt,"Berlin",DE,52.52,13.4,9,1873,-0.77
Welt,"Berlin",DE,52.52,13.4,9,1874,-1.04
Welt,"Berlin",DE,52.52,13.4,9,1875,-1.15
Welt,"Berlin",DE,52.52,13.4,9,1876,-1.09
Welt,"Berlin",DE,52.52,13.4,9,1877,-0.35
Welt,"Berlin",DE,52.52,13.4,9,1878,-0.27
Welt,"Berlin",DE,52.52,13.4,9,1879,-1.32
Welt,"Berlin",DE,52.52,13.4,9,1880,-0.85
Welt,"Berlin",DE,52.52,13.4,9,1881,-0.43
Welt,"Berlin",DE,52.52,13.4,9,1882,-0.15
Welt,"Berlin",DE,52.52,13.4,9,1883,-0.26
Welt,"Berlin",DE,52.52,13.4,9,1884,-1.21
Welt,"Berlin",DE,52.52,13.4,9,1885,-1.22
Welt,"Berlin",DE,52.52,13.4,9,1886,-1.01
Welt,"Berlin",DE,52.52,13.4,9,1887,-0.91
Welt,"Berlin",DE,52.52,13.4,9,1888,-1.71
Welt,"Berlin",DE,52.52,13.4,9,1889,-1.35
Welt,"Berlin",DE,52.52,13.4,9,1890,-1.75
Welt,"Berlin",DE,52.52,13.4,9,1891,-1.55
Welt,"Berlin",DE,52.52,13.4,9,1892,-1.32
Welt,"Berlin",DE,52.52,13.4,9,1893,-0.93
Welt,"Berlin",DE,52.52,13.4,9,1894,-1.38
Welt,"Berlin",DE,52.52,13.4,9,1895,-1.42
Welt,"Berlin",DE,52.52,13.4,9,1896,0.08
Welt,"Berlin",DE,52.52,13.4,9,1897,-0.2
Welt,"Berlin",DE,52.52,13.4,9,1898,-0.49
Welt,"Berlin",DE,52.52,13.4,9,1899,-0.19
Welt,"Berlin",DE,52.52,13.4,9,1900,0.13
Welt,"Berlin",DE,52.52,13.4,9,1901,-0.68
Welt,"Berlin",DE,52.52,13.4,9,1902,-1.5
Welt,"Berlin",DE,52.52,13.4,9,1903,-0.94
Welt,"Berlin",DE,52.52,13.4,9,1904,-0.78
Welt,"Berlin",DE,52.52,13.4,9,1905,-1.07
Welt,"Berlin",DE,52.52,13.4,9,1906,-0.82
Welt,"Berlin",DE,52.52,13.4,9,1907,-1.35
Welt,"Berlin",DE,52.52,13.4,9,1908,-1.08
Welt,"Berlin",DE,52.52,13.4,9,1909,-1.18
Welt,"Berlin",DE,52.52,13.4,9,1910,-0.37
Welt,"Berlin",DE,52.52,13.4,9,1911,0.26
Welt,"Berlin",DE,52.52,13.4,9,1912,-0.84
Welt,"Berlin",DE,52.52,13.4,9,1913,-0.15
Welt,"Berlin",DE,52.52,13.4,9,1914,-0.54
Welt,"Berlin",DE,52.52,13.4,9,1915,-0.21
Welt,"Berlin",DE,52.52,13.4,9,1916,-0.9
Welt,"Berlin",DE,52.52,13.4,9,1917,-0.2
Welt,"Berlin",DE,52.52,13.4,9,1918,-0.38
Welt,"Berlin",DE,52.52,13.4,9,1919,-0.27
Welt,"Berlin",DE,52.52,13.4,9,1920,-1.08
Welt,"Berlin",DE,52.52,13.4,9,1921,-0.41
Welt,"Berlin",DE,52.52,13.4,9,1922,-0.57
Welt,"Berlin",DE,52.52,13.4,9,1923,-0.17
Welt,"Berlin",DE,52.52,13.4,9,1924,0.21
Welt,"Berlin",DE,52.52,13.4,9,1925,-0.33
Welt,"Berlin",DE,52.52,13.4,9,1926,-0.52
Welt,"Berlin",DE,52.52,13.4,9,1927,-0.5
Welt,"Berlin",DE,52.52,13.4,9,1928,0.14
Welt,"Berlin",DE,52.52,13.4,9,1929,-0.7
Welt,"Berlin",DE,52.52,13.4,9,1930,-0.49
Welt,"Berlin",DE,52.52,13.4,9,1931,-0.2
Welt,"Berlin",DE,52.52,13.4,9,1932,0.2
Welt,"Berlin",DE,52.52,13.4,9,1933,-0.7
Welt,"Berlin",DE,52.52,13.4,9,1934,-0.19
Welt,"Berlin",DE,52.52,13.4,9,1935,-0.21
Welt,"Berlin",DE,52.52,13.4,9,1936,0.37
Welt,"Berlin",DE,52.52,13.4,9,1937,0.73
Welt,"Berlin",DE,52.52,13.4,9,1938,0.18
Welt,"Berlin",DE,52.52,13.4,9,1939,-0.03
Welt,"Berlin",DE,52.52,13.4,9,1940,-0.12
Welt,"Berlin",DE,52.52,13.4,9,1941,-0.58
Welt,"Berlin",DE,52.52,13.4,9,1942,-0.34
Welt,"Berlin",DE,52.52,13.4,9,1943,-0.01
Welt,"Berlin",DE,52.52,13.4,9,1944,-0.04
Welt,"Berlin",DE,52.52,13.4,9,1945,-0.05
Welt,"Berlin",DE,52.52,13.4,9,1946,-1.03
Welt,"Berlin",DE,52.52,13.4,9,1947,0.72
Welt,"Berlin",DE,52.52,13.4,9,1948,0.3
Welt,"Berlin",DE,52.52,13.4,9,1949,0
Welt,"Berlin",DE,52.52,13.4,9,1950,-0.79
Welt,"Berlin",DE,52.52,13.4,9,1951,0.37
Welt,"Berlin",DE,52.52,13.4,9,1952,-0.42
Welt,"Berlin",DE,52.52,13.4,9,1953,0.2
Welt,"Berlin",DE,52.52,13.4,9,1954,-0.06
Welt,"Berlin",DE,52.52,13.4,9,1955,-0.47
Welt,"Berlin",DE,52.52,13.4,9,1956,-0.8
Welt,"Berlin",DE,52.52,13.4,9,1957,0.05
Welt,"Berlin",DE,52.52,13.4,9,1958,-0.21
Welt,"Berlin",DE,52.52,13.4,9,1959,-0.45
Welt,"Berlin",DE,52.52,13.4,9,1960,-0.31
Welt,"Berlin",DE,52.52,13.4,9,1961,-0.04
Welt,"Berlin",DE,52.52,13.4,9,1962,-0.32
Welt,"Berlin",DE,52.52,13.4,9,1963,-0.77
Welt,"Berlin",DE,52.52,13.4,9,1964,0.45
Welt,"Berlin",DE,52.52,13.4,9,1965,-0.28
Welt,"Berlin",DE,52.52,13.4,9,1966,-0.06
Welt,"Berlin",DE,52.52,13.4,9,1967,-0.05
Welt,"Berlin",DE,52.52,13.4,9,1968,-0.09
Welt,"Berlin",DE,52.52,13.4,9,1969,0.44
Welt,"Berlin",DE,52.52,13.4,9,1970,0.78
Welt,"Berlin",DE,52.52,13.4,9,1971,-0.24
Welt,"Berlin",DE,52.52,13.4,9,1972,-0.61
Welt,"Berlin",DE,52.52,13.4,9,1973,-0.49
Welt,"Berlin",DE,52.52,13.4,9,1974,-0.38
Welt,"Berlin",DE,52.52,13.4,9,1975,-0.48
Welt,"Berlin",DE,52.52,13.4,9,1976,0.23
Welt,"Berlin",DE,52.52,13.4,9,1977,-0.14
Welt,"Berlin",DE,52.52,13.4,9,1978,0.04
Welt,"Berlin",DE,52.52,13.4,9,1979,-0.35
Welt,"Berlin",DE,52.52,13.4,9,1980,-0.07
Welt,"Berlin",DE,52.52,13.4,9,1981,0.18
Welt,"Berlin",DE,52.52,13.4,9,1982,-0.72
Welt,"Berlin",DE,52.52,13.4,9,1983,-0.18
Welt,"Berlin",DE,52.52,13.4,9,1984,0.18
Welt,"Berlin",DE,52.52,13.4,9,1985,-0.23
Welt,"Berlin",DE,52.52,13.4,9,1986,0.23
Welt,"Berlin",DE,52.52,13.4,9,1987,-0.09
Welt,"Berlin",DE,52.52,13.4,9,1988,1.35
Welt,"Berlin",DE,52.52,13.4,9,1989,0.74
Welt,"Berlin",DE,52.52,13.4,9,1990,0.97
Welt,"Berlin",DE,52.52,13.4,9,1991,0.93
Welt,"Berlin",DE,52.52,13.4,9,1992,0.74
Welt,"Berlin",DE,52.52,13.4,9,1993,-0.21
Welt,"Berlin",DE,52.52,13.4,9,1994,0.96
Welt,"Berlin",DE,52.52,13.4,9,1995,0.28
Welt,"Berlin",DE,52.52,13.4,9,1996,-0.05
Welt,"Berlin",DE,52.52,13.4,9,1997,0.77
Welt,"Berlin",DE,52.52,13.4,9,1998,0.66
Welt,"Berlin",DE,52.52,13.4,9,1999,0.82
Welt,"Berlin",DE,52.52,13.4,9,2000,1.31
Welt,"Berlin",DE,52.52,13.4,9,2001,0.53
Welt,"Berlin",DE,52.52,13.4,9,2002,1.61
Welt,"Berlin",DE,52.52,13.4,9,2003,1.97
Welt,"Berlin",DE,52.52,13.4,9,2004,0.91
Welt,"Berlin",DE,52.52,13.4,9,2005,1.54
Welt,"Berlin",DE,52.52,13.4,9,2006,1.58
Welt,"Berlin",DE,52.52,13.4,9,2007,1.22
Welt,"Berlin",DE,52.52,13.4,9,2008,0.91
Welt,"Berlin",DE,52.52,13.4,9,2009,0.58
Welt,"Berlin",DE,52.52,13.4,9,2010,0.05
Welt,"Berlin",DE,52.52,13.4,9,2011,0.99
Welt,"Berlin",DE,52.52,13.4,9,2012,0.37
Welt,"Berlin",DE,52.52,13.4,9,2013,0
Welt,"Berlin",DE,52.52,13.4,9,2014,1.37
Welt,"Berlin",DE,52.52,13.4,9,2015,2.16
Welt,"Berlin",DE,52.52,13.4,9,2016,0.27
Welt,"Berlin",DE,52.52,13.4,9,2017,1.4
Welt,"Berlin",DE,52.52,13.4,9,2018,1.16
Welt,"Berlin",DE,52.52,13.4,9,2019,1.76
Welt,"Berlin",DE,52.52,13.4,9,2020,1.51
Welt,"Berlin",DE,52.52,13.4,9,2021,1.18
Welt,"Berlin",DE,52.52,13.4,9,2022,1.58
Welt,"Berlin",DE,52.52,13.4,9,2023,2.42
Welt,"Berlin",DE,52.52,13.4,9,2024,1.89
Welt,"Berlin",DE,52.52,13.4,9,2025,1.74
Welt,"London",GB,51.51,-0.13,10.5,1850,-1.17
Welt,"London",GB,51.51,-0.13,10.5,1851,-0.49
Welt,"London",GB,51.51,-0.13,10.5,1852,-0.5
Welt,"London",GB,51.51,-0.13,10.5,1853,-0.35
Welt,"London",GB,51.51,-0.13,10.5,1854,-0.29
Welt,"London",GB,51.51,-0.13,10.5,1855,-0.4
Welt,"London",GB,51.51,-0.13,10.5,1856,-0.58
Welt,"London",GB,51.51,-0.13,10.5,1857,-0.92
Welt,"London",GB,51.51,-0.13,10.5,1858,-0.04
Welt,"London",GB,51.51,-0.13,10.5,1859,0.86
Welt,"London",GB,51.51,-0.13,10.5,1860,-0.33
Welt,"London",GB,51.51,-0.13,10.5,1861,-0.77
Welt,"London",GB,51.51,-0.13,10.5,1862,-1.05
Welt,"London",GB,51.51,-0.13,10.5,1863,-0.18
Welt,"London",GB,51.51,-0.13,10.5,1864,-0.7
Welt,"London",GB,51.51,-0.13,10.5,1865,-0.06
Welt,"London",GB,51.51,-0.13,10.5,1866,-0.33
Welt,"London",GB,51.51,-0.13,10.5,1867,-0.39
Welt,"London",GB,51.51,-0.13,10.5,1868,-0.26
Welt,"London",GB,51.51,-0.13,10.5,1869,0.07
Welt,"London",GB,51.51,-0.13,10.5,1870,0.17
Welt,"London",GB,51.51,-0.13,10.5,1871,-0.23
Welt,"London",GB,51.51,-0.13,10.5,1872,-0.27
Welt,"London",GB,51.51,-0.13,10.5,1873,-0.48
Welt,"London",GB,51.51,-0.13,10.5,1874,-1.02
Welt,"London",GB,51.51,-0.13,10.5,1875,-1.55
Welt,"London",GB,51.51,-0.13,10.5,1876,-1.14
Welt,"London",GB,51.51,-0.13,10.5,1877,-0.19
Welt,"London",GB,51.51,-0.13,10.5,1878,-0.2
Welt,"London",GB,51.51,-0.13,10.5,1879,-1.09
Welt,"London",GB,51.51,-0.13,10.5,1880,-1.33
Welt,"London",GB,51.51,-0.13,10.5,1881,-0.72
Welt,"London",GB,51.51,-0.13,10.5,1882,-0.72
Welt,"London",GB,51.51,-0.13,10.5,1883,-0.62
Welt,"London",GB,51.51,-0.13,10.5,1884,-0.47
Welt,"London",GB,51.51,-0.13,10.5,1885,-0.43
Welt,"London",GB,51.51,-0.13,10.5,1886,-1.04
Welt,"London",GB,51.51,-0.13,10.5,1887,-0.62
Welt,"London",GB,51.51,-0.13,10.5,1888,-0.85
Welt,"London",GB,51.51,-0.13,10.5,1889,-0.6
Welt,"London",GB,51.51,-0.13,10.5,1890,-1.24
Welt,"London",GB,51.51,-0.13,10.5,1891,-0.86
Welt,"London",GB,51.51,-0.13,10.5,1892,-0.99
Welt,"London",GB,51.51,-0.13,10.5,1893,-0.34
Welt,"London",GB,51.51,-0.13,10.5,1894,-0.72
Welt,"London",GB,51.51,-0.13,10.5,1895,-0.98
Welt,"London",GB,51.51,-0.13,10.5,1896,-0.32
Welt,"London",GB,51.51,-0.13,10.5,1897,-0.49
Welt,"London",GB,51.51,-0.13,10.5,1898,-0.27
Welt,"London",GB,51.51,-0.13,10.5,1899,-0.09
Welt,"London",GB,51.51,-0.13,10.5,1900,0.23
Welt,"London",GB,51.51,-0.13,10.5,1901,-0.51
Welt,"London",GB,51.51,-0.13,10.5,1902,-1.38
Welt,"London",GB,51.51,-0.13,10.5,1903,-0.59
Welt,"London",GB,51.51,-0.13,10.5,1904,-0.49
Welt,"London",GB,51.51,-0.13,10.5,1905,-0.33
Welt,"London",GB,51.51,-0.13,10.5,1906,-0.76
Welt,"London",GB,51.51,-0.13,10.5,1907,-0.84
Welt,"London",GB,51.51,-0.13,10.5,1908,-0.51
Welt,"London",GB,51.51,-0.13,10.5,1909,-0.72
Welt,"London",GB,51.51,-0.13,10.5,1910,-0.81
Welt,"London",GB,51.51,-0.13,10.5,1911,-0.29
Welt,"London",GB,51.51,-0.13,10.5,1912,-0.29
Welt,"London",GB,51.51,-0.13,10.5,1913,0.12
Welt,"London",GB,51.51,-0.13,10.5,1914,-0.25
Welt,"London",GB,51.51,-0.13,10.5,1915,-0.26
Welt,"London",GB,51.51,-0.13,10.5,1916,-0.45
Welt,"London",GB,51.51,-0.13,10.5,1917,-0.34
Welt,"London",GB,51.51,-0.13,10.5,1918,-0.31
Welt,"London",GB,51.51,-0.13,10.5,1919,-0.83
Welt,"London",GB,51.51,-0.13,10.5,1920,-0.87
Welt,"London",GB,51.51,-0.13,10.5,1921,0.47
Welt,"London",GB,51.51,-0.13,10.5,1922,-0.23
Welt,"London",GB,51.51,-0.13,10.5,1923,0.06
Welt,"London",GB,51.51,-0.13,10.5,1924,0.17
Welt,"London",GB,51.51,-0.13,10.5,1925,0.06
Welt,"London",GB,51.51,-0.13,10.5,1926,0.13
Welt,"London",GB,51.51,-0.13,10.5,1927,0.23
Welt,"London",GB,51.51,-0.13,10.5,1928,-0.71
Welt,"London",GB,51.51,-0.13,10.5,1929,-1.59
Welt,"London",GB,51.51,-0.13,10.5,1930,-0.15
Welt,"London",GB,51.51,-0.13,10.5,1931,0.07
Welt,"London",GB,51.51,-0.13,10.5,1932,-0.35
Welt,"London",GB,51.51,-0.13,10.5,1933,-0.06
Welt,"London",GB,51.51,-0.13,10.5,1934,0.01
Welt,"London",GB,51.51,-0.13,10.5,1935,0.1
Welt,"London",GB,51.51,-0.13,10.5,1936,-0.01
Welt,"London",GB,51.51,-0.13,10.5,1937,0.48
Welt,"London",GB,51.51,-0.13,10.5,1938,0.08
Welt,"London",GB,51.51,-0.13,10.5,1939,-0.24
Welt,"London",GB,51.51,-0.13,10.5,1940,-0.3
Welt,"London",GB,51.51,-0.13,10.5,1941,-1.05
Welt,"London",GB,51.51,-0.13,10.5,1942,-0.56
Welt,"London",GB,51.51,-0.13,10.5,1943,0.27
Welt,"London",GB,51.51,-0.13,10.5,1944,0.49
Welt,"London",GB,51.51,-0.13,10.5,1945,0.47
Welt,"London",GB,51.51,-0.13,10.5,1946,-0.04
Welt,"London",GB,51.51,-0.13,10.5,1947,0.44
Welt,"London",GB,51.51,-0.13,10.5,1948,0.5
Welt,"London",GB,51.51,-0.13,10.5,1949,0.5
Welt,"London",GB,51.51,-0.13,10.5,1950,-0.44
Welt,"London",GB,51.51,-0.13,10.5,1951,-0.23
Welt,"London",GB,51.51,-0.13,10.5,1952,0.22
Welt,"London",GB,51.51,-0.13,10.5,1953,0.37
Welt,"London",GB,51.51,-0.13,10.5,1954,0.04
Welt,"London",GB,51.51,-0.13,10.5,1955,0.24
Welt,"London",GB,51.51,-0.13,10.5,1956,-0.8
Welt,"London",GB,51.51,-0.13,10.5,1957,-0.16
Welt,"London",GB,51.51,-0.13,10.5,1958,-0.17
Welt,"London",GB,51.51,-0.13,10.5,1959,-0.48
Welt,"London",GB,51.51,-0.13,10.5,1960,-0.18
Welt,"London",GB,51.51,-0.13,10.5,1961,0.7
Welt,"London",GB,51.51,-0.13,10.5,1962,-0.01
Welt,"London",GB,51.51,-0.13,10.5,1963,-0.8
Welt,"London",GB,51.51,-0.13,10.5,1964,-0.34
Welt,"London",GB,51.51,-0.13,10.5,1965,-0.82
Welt,"London",GB,51.51,-0.13,10.5,1966,-0.16
Welt,"London",GB,51.51,-0.13,10.5,1967,-0.33
Welt,"London",GB,51.51,-0.13,10.5,1968,0.01
Welt,"London",GB,51.51,-0.13,10.5,1969,0.07
Welt,"London",GB,51.51,-0.13,10.5,1970,-0.23
Welt,"London",GB,51.51,-0.13,10.5,1971,-0.45
Welt,"London",GB,51.51,-0.13,10.5,1972,0.25
Welt,"London",GB,51.51,-0.13,10.5,1973,0.2
Welt,"London",GB,51.51,-0.13,10.5,1974,0.07
Welt,"London",GB,51.51,-0.13,10.5,1975,0.05
Welt,"London",GB,51.51,-0.13,10.5,1976,0.34
Welt,"London",GB,51.51,-0.13,10.5,1977,0.28
Welt,"London",GB,51.51,-0.13,10.5,1978,0.17
Welt,"London",GB,51.51,-0.13,10.5,1979,-0.62
Welt,"London",GB,51.51,-0.13,10.5,1980,-0.29
Welt,"London",GB,51.51,-0.13,10.5,1981,0.34
Welt,"London",GB,51.51,-0.13,10.5,1982,-0.18
Welt,"London",GB,51.51,-0.13,10.5,1983,-0.17
Welt,"London",GB,51.51,-0.13,10.5,1984,-0.45
Welt,"London",GB,51.51,-0.13,10.5,1985,-0.48
Welt,"London",GB,51.51,-0.13,10.5,1986,0.11
Welt,"London",GB,51.51,-0.13,10.5,1987,0.01
Welt,"London",GB,51.51,-0.13,10.5,1988,0.5
Welt,"London",GB,51.51,-0.13,10.5,1989,0.67
Welt,"London",GB,51.51,-0.13,10.5,1990,1.56
Welt,"London",GB,51.51,-0.13,10.5,1991,0.44
Welt,"London",GB,51.51,-0.13,10.5,1992,0.25
Welt,"London",GB,51.51,-0.13,10.5,1993,0.29
Welt,"London",GB,51.51,-0.13,10.5,1994,0.64
Welt,"London",GB,51.51,-0.13,10.5,1995,0.37
Welt,"London",GB,51.51,-0.13,10.5,1996,-0.22
Welt,"London",GB,51.51,-0.13,10.5,1997,0.26
Welt,"London",GB,51.51,-0.13,10.5,1998,1.03
Welt,"London",GB,51.51,-0.13,10.5,1999,0.7
Welt,"London",GB,51.51,-0.13,10.5,2000,0.86
Welt,"London",GB,51.51,-0.13,10.5,2001,0.43
Welt,"London",GB,51.51,-0.13,10.5,2002,0.99
Welt,"London",GB,51.51,-0.13,10.5,2003,1.65
Welt,"London",GB,51.51,-0.13,10.5,2004,0.67
Welt,"London",GB,51.51,-0.13,10.5,2005,0.85
Welt,"London",GB,51.51,-0.13,10.5,2006,0.88
Welt,"London",GB,51.51,-0.13,10.5,2007,1.32
Welt,"London",GB,51.51,-0.13,10.5,2008,1.08
Welt,"London",GB,51.51,-0.13,10.5,2009,0.41
Welt,"London",GB,51.51,-0.13,10.5,2010,0.03
Welt,"London",GB,51.51,-0.13,10.5,2011,1.11
Welt,"London",GB,51.51,-0.13,10.5,2012,0.96
Welt,"London",GB,51.51,-0.13,10.5,2013,-0.26
Welt,"London",GB,51.51,-0.13,10.5,2014,1.12
Welt,"London",GB,51.51,-0.13,10.5,2015,1.33
Welt,"London",GB,51.51,-0.13,10.5,2016,0.73
Welt,"London",GB,51.51,-0.13,10.5,2017,1.06
Welt,"London",GB,51.51,-0.13,10.5,2018,1.34
Welt,"London",GB,51.51,-0.13,10.5,2019,1.19
Welt,"London",GB,51.51,-0.13,10.5,2020,1.73
Welt,"London",GB,51.51,-0.13,10.5,2021,0.76
Welt,"London",GB,51.51,-0.13,10.5,2022,1.4
Welt,"London",GB,51.51,-0.13,10.5,2023,1.76
Welt,"London",GB,51.51,-0.13,10.5,2024,1.81
Welt,"London",GB,51.51,-0.13,10.5,2025,2.18
Welt,"Toronto",CA,43.65,-79.38,7.4,1850,-0.28
Welt,"Toronto",CA,43.65,-79.38,7.4,1851,-0.9
Welt,"Toronto",CA,43.65,-79.38,7.4,1852,-0.24
Welt,"Toronto",CA,43.65,-79.38,7.4,1853,-0.25
Welt,"Toronto",CA,43.65,-79.38,7.4,1854,-0.71
Welt,"Toronto",CA,43.65,-79.38,7.4,1855,-1.15
Welt,"Toronto",CA,43.65,-79.38,7.4,1856,-1.19
Welt,"Toronto",CA,43.65,-79.38,7.4,1857,-1.47
Welt,"Toronto",CA,43.65,-79.38,7.4,1858,-0.32
Welt,"Toronto",CA,43.65,-79.38,7.4,1859,-0.88
Welt,"Toronto",CA,43.65,-79.38,7.4,1860,-0.89
Welt,"Toronto",CA,43.65,-79.38,7.4,1861,-0.61
Welt,"Toronto",CA,43.65,-79.38,7.4,1862,-0.99
Welt,"Toronto",CA,43.65,-79.38,7.4,1863,0.37
Welt,"Toronto",CA,43.65,-79.38,7.4,1864,-1.44
Welt,"Toronto",CA,43.65,-79.38,7.4,1865,-0.82
Welt,"Toronto",CA,43.65,-79.38,7.4,1866,-0.98
Welt,"Toronto",CA,43.65,-79.38,7.4,1867,-1.9
Welt,"Toronto",CA,43.65,-79.38,7.4,1868,-1.24
Welt,"Toronto",CA,43.65,-79.38,7.4,1869,-0.77
Welt,"Toronto",CA,43.65,-79.38,7.4,1870,-1.26
Welt,"Toronto",CA,43.65,-79.38,7.4,1871,-1.2
Welt,"Toronto",CA,43.65,-79.38,7.4,1872,-1.32
Welt,"Toronto",CA,43.65,-79.38,7.4,1873,-0.85
Welt,"Toronto",CA,43.65,-79.38,7.4,1874,0.4
Welt,"Toronto",CA,43.65,-79.38,7.4,1875,-0.27
Welt,"Toronto",CA,43.65,-79.38,7.4,1876,-0.71
Welt,"Toronto",CA,43.65,-79.38,7.4,1877,-0.18
Welt,"Toronto",CA,43.65,-79.38,7.4,1878,-1.05
Welt,"Toronto",CA,43.65,-79.38,7.4,1879,-1.06
Welt,"Toronto",CA,43.65,-79.38,7.4,1880,-1.4
Welt,"Toronto",CA,43.65,-79.38,7.4,1881,-1.22
Welt,"Toronto",CA,43.65,-79.38,7.4,1882,-0.51
Welt,"Toronto",CA,43.65,-79.38,7.4,1883,-0.1
Welt,"Toronto",CA,43.65,-79.38,7.4,1884,-0.15
Welt,"Toronto",CA,43.65,-79.38,7.4,1885,-0.27
Welt,"Toronto",CA,43.65,-79.38,7.4,1886,0.3
Welt,"Toronto",CA,43.65,-79.38,7.4,1887,-1.33
Welt,"Toronto",CA,43.65,-79.38,7.4,1888,-1.18
Welt,"Toronto",CA,43.65,-79.38,7.4,1889,-0.54
Welt,"Toronto",CA,43.65,-79.38,7.4,1890,-0.42
Welt,"Toronto",CA,43.65,-79.38,7.4,1891,-0.38
Welt,"Toronto",CA,43.65,-79.38,7.4,1892,-0.85
Welt,"Toronto",CA,43.65,-79.38,7.4,1893,-0.76
Welt,"Toronto",CA,43.65,-79.38,7.4,1894,0.19
Welt,"Toronto",CA,43.65,-79.38,7.4,1895,-0.68
Welt,"Toronto",CA,43.65,-79.38,7.4,1896,0.18
Welt,"Toronto",CA,43.65,-79.38,7.4,1897,-0.63
Welt,"Toronto",CA,43.65,-79.38,7.4,1898,0.08
Welt,"Toronto",CA,43.65,-79.38,7.4,1899,-0.81
Welt,"Toronto",CA,43.65,-79.38,7.4,1900,-0.45
Welt,"Toronto",CA,43.65,-79.38,7.4,1901,-1.06
Welt,"Toronto",CA,43.65,-79.38,7.4,1902,-1.55
Welt,"Toronto",CA,43.65,-79.38,7.4,1903,-0.83
Welt,"Toronto",CA,43.65,-79.38,7.4,1904,-1.21
Welt,"Toronto",CA,43.65,-79.38,7.4,1905,-0.73
Welt,"Toronto",CA,43.65,-79.38,7.4,1906,-1.91
Welt,"Toronto",CA,43.65,-79.38,7.4,1907,-1.32
Welt,"Toronto",CA,43.65,-79.38,7.4,1908,-1.45
Welt,"Toronto",CA,43.65,-79.38,7.4,1909,-0.98
Welt,"Toronto",CA,43.65,-79.38,7.4,1910,-0.57
Welt,"Toronto",CA,43.65,-79.38,7.4,1911,-1.22
Welt,"Toronto",CA,43.65,-79.38,7.4,1912,-0.47
Welt,"Toronto",CA,43.65,-79.38,7.4,1913,-0.77
Welt,"Toronto",CA,43.65,-79.38,7.4,1914,0.53
Welt,"Toronto",CA,43.65,-79.38,7.4,1915,-1.06
Welt,"Toronto",CA,43.65,-79.38,7.4,1916,-0.71
Welt,"Toronto",CA,43.65,-79.38,7.4,1917,-1.03
Welt,"Toronto",CA,43.65,-79.38,7.4,1918,-1.15
Welt,"Toronto",CA,43.65,-79.38,7.4,1919,-1.85
Welt,"Toronto",CA,43.65,-79.38,7.4,1920,0.15
Welt,"Toronto",CA,43.65,-79.38,7.4,1921,-0.73
Welt,"Toronto",CA,43.65,-79.38,7.4,1922,-0.82
Welt,"Toronto",CA,43.65,-79.38,7.4,1923,-0.91
Welt,"Toronto",CA,43.65,-79.38,7.4,1924,-0.04
Welt,"Toronto",CA,43.65,-79.38,7.4,1925,-0.01
Welt,"Toronto",CA,43.65,-79.38,7.4,1926,-0.5
Welt,"Toronto",CA,43.65,-79.38,7.4,1927,-0.52
Welt,"Toronto",CA,43.65,-79.38,7.4,1928,-0.72
Welt,"Toronto",CA,43.65,-79.38,7.4,1929,-1.62
Welt,"Toronto",CA,43.65,-79.38,7.4,1930,-0.79
Welt,"Toronto",CA,43.65,-79.38,7.4,1931,-1.64
Welt,"Toronto",CA,43.65,-79.38,7.4,1932,-2.2
Welt,"Toronto",CA,43.65,-79.38,7.4,1933,-2.07
Welt,"Toronto",CA,43.65,-79.38,7.4,1934,-1.08
Welt,"Toronto",CA,43.65,-79.38,7.4,1935,0.21
Welt,"Toronto",CA,43.65,-79.38,7.4,1936,-1.22
Welt,"Toronto",CA,43.65,-79.38,7.4,1937,-1.23
Welt,"Toronto",CA,43.65,-79.38,7.4,1938,-1.09
Welt,"Toronto",CA,43.65,-79.38,7.4,1939,-0.77
Welt,"Toronto",CA,43.65,-79.38,7.4,1940,-0.48
Welt,"Toronto",CA,43.65,-79.38,7.4,1941,-1.44
Welt,"Toronto",CA,43.65,-79.38,7.4,1942,-0.92
Welt,"Toronto",CA,43.65,-79.38,7.4,1943,0.02
Welt,"Toronto",CA,43.65,-79.38,7.4,1944,1.36
Welt,"Toronto",CA,43.65,-79.38,7.4,1945,0.04
Welt,"Toronto",CA,43.65,-79.38,7.4,1946,-0.1
Welt,"Toronto",CA,43.65,-79.38,7.4,1947,0.47
Welt,"Toronto",CA,43.65,-79.38,7.4,1948,-0.13
Welt,"Toronto",CA,43.65,-79.38,7.4,1949,-0.22
Welt,"Toronto",CA,43.65,-79.38,7.4,1950,-0.76
Welt,"Toronto",CA,43.65,-79.38,7.4,1951,-0.19
Welt,"Toronto",CA,43.65,-79.38,7.4,1952,-0.74
Welt,"Toronto",CA,43.65,-79.38,7.4,1953,0.13
Welt,"Toronto",CA,43.65,-79.38,7.4,1954,-0.17
Welt,"Toronto",CA,43.65,-79.38,7.4,1955,0.08
Welt,"Toronto",CA,43.65,-79.38,7.4,1956,-1
Welt,"Toronto",CA,43.65,-79.38,7.4,1957,-1.04
Welt,"Toronto",CA,43.65,-79.38,7.4,1958,-1.33
Welt,"Toronto",CA,43.65,-79.38,7.4,1959,-0.99
Welt,"Toronto",CA,43.65,-79.38,7.4,1960,-1.87
Welt,"Toronto",CA,43.65,-79.38,7.4,1961,-0.13
Welt,"Toronto",CA,43.65,-79.38,7.4,1962,-0.23
Welt,"Toronto",CA,43.65,-79.38,7.4,1963,-0.42
Welt,"Toronto",CA,43.65,-79.38,7.4,1964,-0.52
Welt,"Toronto",CA,43.65,-79.38,7.4,1965,0.29
Welt,"Toronto",CA,43.65,-79.38,7.4,1966,0.08
Welt,"Toronto",CA,43.65,-79.38,7.4,1967,0.03
Welt,"Toronto",CA,43.65,-79.38,7.4,1968,-0.13
Welt,"Toronto",CA,43.65,-79.38,7.4,1969,0.61
Welt,"Toronto",CA,43.65,-79.38,7.4,1970,0.22
Welt,"Toronto",CA,43.65,-79.38,7.4,1971,-0.55
Welt,"Toronto",CA,43.65,-79.38,7.4,1972,-0.15
Welt,"Toronto",CA,43.65,-79.38,7.4,1973,-0.43
Welt,"Toronto",CA,43.65,-79.38,7.4,1974,-1.04
Welt,"Toronto",CA,43.65,-79.38,7.4,1975,-0.61
Welt,"Toronto",CA,43.65,-79.38,7.4,1976,0.63
Welt,"Toronto",CA,43.65,-79.38,7.4,1977,0.88
Welt,"Toronto",CA,43.65,-79.38,7.4,1978,0.54
Welt,"Toronto",CA,43.65,-79.38,7.4,1979,0.28
Welt,"Toronto",CA,43.65,-79.38,7.4,1980,0
Welt,"Toronto",CA,43.65,-79.38,7.4,1981,0.6
Welt,"Toronto",CA,43.65,-79.38,7.4,1982,-0.38
Welt,"Toronto",CA,43.65,-79.38,7.4,1983,1.19
Welt,"Toronto",CA,43.65,-79.38,7.4,1984,-0.81
Welt,"Toronto",CA,43.65,-79.38,7.4,1985,-0.12
Welt,"Toronto",CA,43.65,-79.38,7.4,1986,-0.92
Welt,"Toronto",CA,43.65,-79.38,7.4,1987,-0.37
Welt,"Toronto",CA,43.65,-79.38,7.4,1988,1.21
Welt,"Toronto",CA,43.65,-79.38,7.4,1989,-0.03
Welt,"Toronto",CA,43.65,-79.38,7.4,1990,0.31
Welt,"Toronto",CA,43.65,-79.38,7.4,1991,-0.87
Welt,"Toronto",CA,43.65,-79.38,7.4,1992,-0.06
Welt,"Toronto",CA,43.65,-79.38,7.4,1993,-0.98
Welt,"Toronto",CA,43.65,-79.38,7.4,1994,-0.67
Welt,"Toronto",CA,43.65,-79.38,7.4,1995,-0.12
Welt,"Toronto",CA,43.65,-79.38,7.4,1996,0.27
Welt,"Toronto",CA,43.65,-79.38,7.4,1997,-0.32
Welt,"Toronto",CA,43.65,-79.38,7.4,1998,0.57
Welt,"Toronto",CA,43.65,-79.38,7.4,1999,0.67
Welt,"Toronto",CA,43.65,-79.38,7.4,2000,0.59
Welt,"Toronto",CA,43.65,-79.38,7.4,2001,1.32
Welt,"Toronto",CA,43.65,-79.38,7.4,2002,1.06
Welt,"Toronto",CA,43.65,-79.38,7.4,2003,0.24
Welt,"Toronto",CA,43.65,-79.38,7.4,2004,1.02
Welt,"Toronto",CA,43.65,-79.38,7.4,2005,1.22
Welt,"Toronto",CA,43.65,-79.38,7.4,2006,0.4
Welt,"Toronto",CA,43.65,-79.38,7.4,2007,0.53
Welt,"Toronto",CA,43.65,-79.38,7.4,2008,-0.33
Welt,"Toronto",CA,43.65,-79.38,7.4,2009,0.37
Welt,"Toronto",CA,43.65,-79.38,7.4,2010,0.84
Welt,"Toronto",CA,43.65,-79.38,7.4,2011,1.38
Welt,"Toronto",CA,43.65,-79.38,7.4,2012,1.51
Welt,"Toronto",CA,43.65,-79.38,7.4,2013,2.35
Welt,"Toronto",CA,43.65,-79.38,7.4,2014,0.63
Welt,"Toronto",CA,43.65,-79.38,7.4,2015,0.98
Welt,"Toronto",CA,43.65,-79.38,7.4,2016,1.06
Welt,"Toronto",CA,43.65,-79.38,7.4,2017,0.6
Welt,"Toronto",CA,43.65,-79.38,7.4,2018,-0.1
Welt,"Toronto",CA,43.65,-79.38,7.4,2019,1.02
Welt,"Toronto",CA,43.65,-79.38,7.4,2020,1.96
Welt,"Toronto",CA,43.65,-79.38,7.4,2021,1.25
Welt,"Toronto",CA,43.65,-79.38,7.4,2022,0.89
Welt,"Toronto",CA,43.65,-79.38,7.4,2023,1.19
Welt,"Toronto",CA,43.65,-79.38,7.4,2024,0.88
Welt,"Toronto",CA,43.65,-79.38,7.4,2025,1.76
Welt,"New York",US,40.71,-74.01,12.6,1850,-0.92
Welt,"New York",US,40.71,-74.01,12.6,1851,-0.5
Welt,"New York",US,40.71,-74.01,12.6,1852,-0.25
Welt,"New York",US,40.71,-74.01,12.6,1853,-0.51
Welt,"New York",US,40.71,-74.01,12.6,1854,0.42
Welt,"New York",US,40.71,-74.01,12.6,1855,-0.01
Welt,"New York",US,40.71,-74.01,12.6,1856,-0.11
Welt,"New York",US,40.71,-74.01,12.6,1857,-0.3
Welt,"New York",US,40.71,-74.01,12.6,1858,-1.2
Welt,"New York",US,40.71,-74.01,12.6,1859,-1.07
Welt,"New York",US,40.71,-74.01,12.6,1860,-1.18
Welt,"New York",US,40.71,-74.01,12.6,1861,-0.37
Welt,"New York",US,40.71,-74.01,12.6,1862,-0.92
Welt,"New York",US,40.71,-74.01,12.6,1863,-0.84
Welt,"New York",US,40.71,-74.01,12.6,1864,-0.99
Welt,"New York",US,40.71,-74.01,12.6,1865,-1.44
Welt,"New York",US,40.71,-74.01,12.6,1866,-0.58
Welt,"New York",US,40.71,-74.01,12.6,1867,-0.35
Welt,"New York",US,40.71,-74.01,12.6,1868,0.23
Welt,"New York",US,40.71,-74.01,12.6,1869,-0.22
Welt,"New York",US,40.71,-74.01,12.6,1870,-1.09
Welt,"New York",US,40.71,-74.01,12.6,1871,-0.92
Welt,"New York",US,40.71,-74.01,12.6,1872,-0.51
Welt,"New York",US,40.71,-74.01,12.6,1873,0.06
Welt,"New York",US,40.71,-74.01,12.6,1874,0.12
Welt,"New York",US,40.71,-74.01,12.6,1875,0.08
Welt,"New York",US,40.71,-74.01,12.6,1876,-1.27
Welt,"New York",US,40.71,-74.01,12.6,1877,-0.55
Welt,"New York",US,40.71,-74.01,12.6,1878,0.36
Welt,"New York",US,40.71,-74.01,12.6,1879,0.03
Welt,"New York",US,40.71,-74.01,12.6,1880,-0.57
Welt,"New York",US,40.71,-74.01,12.6,1881,-0.17
Welt,"New York",US,40.71,-74.01,12.6,1882,-0.67
Welt,"New York",US,40.71,-74.01,12.6,1883,0.24
Welt,"New York",US,40.71,-74.01,12.6,1884,-0.27
Welt,"New York",US,40.71,-74.01,12.6,1885,0.19
Welt,"New York",US,40.71,-74.01,12.6,1886,0.19
Welt,"New York",US,40.71,-74.01,12.6,1887,0.29
Welt,"New York",US,40.71,-74.01,12.6,1888,-0.24
Welt,"New York",US,40.71,-74.01,12.6,1889,-0.62
Welt,"New York",US,40.71,-74.01,12.6,1890,-1.58
Welt,"New York",US,40.71,-74.01,12.6,1891,-1.44
Welt,"New York",US,40.71,-74.01,12.6,1892,-0.96
Welt,"New York",US,40.71,-74.01,12.6,1893,-0.71
Welt,"New York",US,40.71,-74.01,12.6,1894,-0.5
Welt,"New York",US,40.71,-74.01,12.6,1895,-0.8
Welt,"New York",US,40.71,-74.01,12.6,1896,-1.36
Welt,"New York",US,40.71,-74.01,12.6,1897,-1.15
Welt,"New York",US,40.71,-74.01,12.6,1898,-0.94
Welt,"New York",US,40.71,-74.01,12.6,1899,-0.63
Welt,"New York",US,40.71,-74.01,12.6,1900,0.03
Welt,"New York",US,40.71,-74.01,12.6,1901,0.82
Welt,"New York",US,40.71,-74.01,12.6,1902,-0.61
Welt,"New York",US,40.71,-74.01,12.6,1903,-0.68
Welt,"New York",US,40.71,-74.01,12.6,1904,-1.61
Welt,"New York",US,40.71,-74.01,12.6,1905,0.02
Welt,"New York",US,40.71,-74.01,12.6,1906,0.1
Welt,"New York",US,40.71,-74.01,12.6,1907,-1.17
Welt,"New York",US,40.71,-74.01,12.6,1908,-1.62
Welt,"New York",US,40.71,-74.01,12.6,1909,-1.89
Welt,"New York",US,40.71,-74.01,12.6,1910,-1.5
Welt,"New York",US,40.71,-74.01,12.6,1911,-1.21
Welt,"New York",US,40.71,-74.01,12.6,1912,-1.56
Welt,"New York",US,40.71,-74.01,12.6,1913,-0.7
Welt,"New York",US,40.71,-74.01,12.6,1914,-0.41
Welt,"New York",US,40.71,-74.01,12.6,1915,-1.36
Welt,"New York",US,40.71,-74.01,12.6,1916,-1.2
Welt,"New York",US,40.71,-74.01,12.6,1917,-0.78
Welt,"New York",US,40.71,-74.01,12.6,1918,-0.84
Welt,"New York",US,40.71,-74.01,12.6,1919,-0.31
Welt,"New York",US,40.71,-74.01,12.6,1920,-0.8
Welt,"New York",US,40.71,-74.01,12.6,1921,-0.12
Welt,"New York",US,40.71,-74.01,12.6,1922,-1.09
Welt,"New York",US,40.71,-74.01,12.6,1923,-1.22
Welt,"New York",US,40.71,-74.01,12.6,1924,-0.76
Welt,"New York",US,40.71,-74.01,12.6,1925,-0.24
Welt,"New York",US,40.71,-74.01,12.6,1926,-0.29
Welt,"New York",US,40.71,-74.01,12.6,1927,0.4
Welt,"New York",US,40.71,-74.01,12.6,1928,0.5
Welt,"New York",US,40.71,-74.01,12.6,1929,0.26
Welt,"New York",US,40.71,-74.01,12.6,1930,0.12
Welt,"New York",US,40.71,-74.01,12.6,1931,-0.75
Welt,"New York",US,40.71,-74.01,12.6,1932,-0.83
Welt,"New York",US,40.71,-74.01,12.6,1933,-0.59
Welt,"New York",US,40.71,-74.01,12.6,1934,-0.51
Welt,"New York",US,40.71,-74.01,12.6,1935,-0.74
Welt,"New York",US,40.71,-74.01,12.6,1936,-0.86
Welt,"New York",US,40.71,-74.01,12.6,1937,0.17
Welt,"New York",US,40.71,-74.01,12.6,1938,0.2
Welt,"New York",US,40.71,-74.01,12.6,1939,0.13
Welt,"New York",US,40.71,-74.01,12.6,1940,1.31
Welt,"New York",US,40.71,-74.01,12.6,1941,1.4
Welt,"New York",US,40.71,-74.01,12.6,1942,0.43
Welt,"New York",US,40.71,-74.01,12.6,1943,0.49
Welt,"New York",US,40.71,-74.01,12.6,1944,-0.61
Welt,"New York",US,40.71,-74.01,12.6,1945,0.43
Welt,"New York",US,40.71,-74.01,12.6,1946,-0.73
Welt,"New York",US,40.71,-74.01,12.6,1947,-1.31
Welt,"New York",US,40.71,-74.01,12.6,1948,-1.39
Welt,"New York",US,40.71,-74.01,12.6,1949,-0.61
Welt,"New York",US,40.71,-74.01,12.6,1950,0.23
Welt,"New York",US,40.71,-74.01,12.6,1951,0.64
Welt,"New York",US,40.71,-74.01,12.6,1952,0.05
Welt,"New York",US,40.71,-74.01,12.6,1953,0.06
Welt,"New York",US,40.71,-74.01,12.6,1954,0.4
Welt,"New York",US,40.71,-74.01,12.6,1955,-0.72
Welt,"New York",US,40.71,-74.01,12.6,1956,-1.32
Welt,"New York",US,40.71,-74.01,12.6,1957,-0.53
Welt,"New York",US,40.71,-74.01,12.6,1958,-0.13
Welt,"New York",US,40.71,-74.01,12.6,1959,0.52
Welt,"New York",US,40.71,-74.01,12.6,1960,-0.7
Welt,"New York",US,40.71,-74.01,12.6,1961,-0.63
Welt,"New York",US,40.71,-74.01,12.6,1962,-0.1
Welt,"New York",US,40.71,-74.01,12.6,1963,0.14
Welt,"New York",US,40.71,-74.01,12.6,1964,-0.14
Welt,"New York",US,40.71,-74.01,12.6,1965,-0.44
Welt,"New York",US,40.71,-74.01,12.6,1966,-0.82
Welt,"New York",US,40.71,-74.01,12.6,1967,-0.87
Welt,"New York",US,40.71,-74.01,12.6,1968,-1.49
Welt,"New York",US,40.71,-74.01,12.6,1969,0.28
Welt,"New York",US,40.71,-74.01,12.6,1970,-0.65
Welt,"New York",US,40.71,-74.01,12.6,1971,-0.46
Welt,"New York",US,40.71,-74.01,12.6,1972,0.23
Welt,"New York",US,40.71,-74.01,12.6,1973,0.16
Welt,"New York",US,40.71,-74.01,12.6,1974,0.66
Welt,"New York",US,40.71,-74.01,12.6,1975,0.09
Welt,"New York",US,40.71,-74.01,12.6,1976,0.03
Welt,"New York",US,40.71,-74.01,12.6,1977,0.37
Welt,"New York",US,40.71,-74.01,12.6,1978,-0.28
Welt,"New York",US,40.71,-74.01,12.6,1979,0.85
Welt,"New York",US,40.71,-74.01,12.6,1980,1.31
Welt,"New York",US,40.71,-74.01,12.6,1981,0.36
Welt,"New York",US,40.71,-74.01,12.6,1982,-0.46
Welt,"New York",US,40.71,-74.01,12.6,1983,-0.27
Welt,"New York",US,40.71,-74.01,12.6,1984,0.1
Welt,"New York",US,40.71,-74.01,12.6,1985,1.2
Welt,"New York",US,40.71,-74.01,12.6,1986,0.69
Welt,"New York",US,40.71,-74.01,12.6,1987,0.39
Welt,"New York",US,40.71,-74.01,12.6,1988,0.04
Welt,"New York",US,40.71,-74.01,12.6,1989,-0.43
Welt,"New York",US,40.71,-74.01,12.6,1990,0.12
Welt,"New York",US,40.71,-74.01,12.6,1991,0.33
Welt,"New York",US,40.71,-74.01,12.6,1992,-0.12
Welt,"New York",US,40.71,-74.01,12.6,1993,1.19
Welt,"New York",US,40.71,-74.01,12.6,1994,-0.05
Welt,"New York",US,40.71,-74.01,12.6,1995,0.37
Welt,"New York",US,40.71,-74.01,12.6,1996,0.99
Welt,"New York",US,40.71,-74.01,12.6,1997,0.54
Welt,"New York",US,40.71,-74.01,12.6,1998,-0.33
Welt,"New York",US,40.71,-74.01,12.6,1999,-0.06
Welt,"New York",US,40.71,-74.01,12.6,2000,0.41
Welt,"New York",US,40.71,-74.01,12.6,2001,0.88
Welt,"New York",US,40.71,-74.01,12.6,2002,0.28
Welt,"New York",US,40.71,-74.01,12.6,2003,0.07
Welt,"New York",US,40.71,-74.01,12.6,2004,0.34
Welt,"New York",US,40.71,-74.01,12.6,2005,1.28
Welt,"New York",US,40.71,-74.01,12.6,2006,0.66
Welt,"New York",US,40.71,-74.01,12.6,2007,0.8
Welt,"New York",US,40.71,-74.01,12.6,2008,0.94
Welt,"New York",US,40.71,-74.01,12.6,2009,0.99
Welt,"New York",US,40.71,-74.01,12.6,2010,1.5
Welt,"New York",US,40.71,-74.01,12.6,2011,1.15
Welt,"New York",US,40.71,-74.01,12.6,2012,0.96
Welt,"New York",US,40.71,-74.01,12.6,2013,0.92
Welt,"New York",US,40.71,-74.01,12.6,2014,1.14
Welt,"New York",US,40.71,-74.01,12.6,2015,1.12
Welt,"New York",US,40.71,-74.01,12.6,2016,1
Welt,"New York",US,40.71,-74.01,12.6,2017,0.61
Welt,"New York",US,40.71,-74.01,12.6,2018,0.1
Welt,"New York",US,40.71,-74.01,12.6,2019,0.89
Welt,"New York",US,40.71,-74.01,12.6,2020,0.77
Welt,"New York",US,40.71,-74.01,12.6,2021,1.36
Welt,"New York",US,40.71,-74.01,12.6,2022,1.45
Welt,"New York",US,40.71,-74.01,12.6,2023,1.77
Welt,"New York",US,40.71,-74.01,12.6,2024,1.8
Welt,"New York",US,40.71,-74.01,12.6,2025,1.75
Welt,"Peking",CN,39.9,116.41,11.8,1850,-0.36
Welt,"Peking",CN,39.9,116.41,11.8,1851,-1.12
Welt,"Peking",CN,39.9,116.41,11.8,1852,-1.09
Welt,"Peking",CN,39.9,116.41,11.8,1853,-0.61
Welt,"Peking",CN,39.9,116.41,11.8,1854,-1.11
Welt,"Peking",CN,39.9,116.41,11.8,1855,-0.83
Welt,"Peking",CN,39.9,116.41,11.8,1856,-0.41
Welt,"Peking",CN,39.9,116.41,11.8,1857,-0.59
Welt,"Peking",CN,39.9,116.41,11.8,1858,-1.39
Welt,"Peking",CN,39.9,116.41,11.8,1859,-0.44
Welt,"Peking",CN,39.9,116.41,11.8,1860,-1.58
Welt,"Peking",CN,39.9,116.41,11.8,1861,-1.61
Welt,"Peking",CN,39.9,116.41,11.8,1862,-1.11
Welt,"Peking",CN,39.9,116.41,11.8,1863,-0.13
Welt,"Peking",CN,39.9,116.41,11.8,1864,-1.6
Welt,"Peking",CN,39.9,116.41,11.8,1865,-0.64
Welt,"Peking",CN,39.9,116.41,11.8,1866,0.4
Welt,"Peking",CN,39.9,116.41,11.8,1867,-0.34
Welt,"Peking",CN,39.9,116.41,11.8,1868,-0.3
Welt,"Peking",CN,39.9,116.41,11.8,1869,-1.13
Welt,"Peking",CN,39.9,116.41,11.8,1870,-0.91
Welt,"Peking",CN,39.9,116.41,11.8,1871,-0.38
Welt,"Peking",CN,39.9,116.41,11.8,1872,-0.72
Welt,"Peking",CN,39.9,116.41,11.8,1873,-0.64
Welt,"Peking",CN,39.9,116.41,11.8,1874,-0.92
Welt,"Peking",CN,39.9,116.41,11.8,1875,0.07
Welt,"Peking",CN,39.9,116.41,11.8,1876,-0.8
Welt,"Peking",CN,39.9,116.41,11.8,1877,-1.36
Welt,"Peking",CN,39.9,116.41,11.8,1878,-1.17
Welt,"Peking",CN,39.9,116.41,11.8,1879,-1.16
Welt,"Peking",CN,39.9,116.41,11.8,1880,-0.57
Welt,"Peking",CN,39.9,116.41,11.8,1881,-0.3
Welt,"Peking",CN,39.9,116.41,11.8,1882,-1.71
Welt,"Peking",CN,39.9,116.41,11.8,1883,-2.45
Welt,"Peking",CN,39.9,116.41,11.8,1884,-1.05
Welt,"Peking",CN,39.9,116.41,11.8,1885,-1.2
Welt,"Peking",CN,39.9,116.41,11.8,1886,-1.81
Welt,"Peking",CN,39.9,116.41,11.8,1887,-0.81
Welt,"Peking",CN,39.9,116.41,11.8,1888,-1.28
Welt,"Peking",CN,39.9,116.41,11.8,1889,-0.17
Welt,"Peking",CN,39.9,116.41,11.8,1890,-1.04
Welt,"Peking",CN,39.9,116.41,11.8,1891,-0.95
Welt,"Peking",CN,39.9,116.41,11.8,1892,-0.82
Welt,"Peking",CN,39.9,116.41,11.8,1893,-1.28
Welt,"Peking",CN,39.9,116.41,11.8,1894,-0.31
Welt,"Peking",CN,39.9,116.41,11.8,1895,-1.64
Welt,"Peking",CN,39.9,116.41,11.8,1896,-1.49
Welt,"Peking",CN,39.9,116.41,11.8,1897,-1.4
Welt,"Peking",CN,39.9,116.41,11.8,1898,-1.78
Welt,"Peking",CN,39.9,116.41,11.8,1899,-2.08
Welt,"Peking",CN,39.9,116.41,11.8,1900,-2.08
Welt,"Peking",CN,39.9,116.41,11.8,1901,-0.48
Welt,"Peking",CN,39.9,116.41,11.8,1902,-0.9
Welt,"Peking",CN,39.9,116.41,11.8,1903,-0.45
Welt,"Peking",CN,39.9,116.41,11.8,1904,-0.49
Welt,"Peking",CN,39.9,116.41,11.8,1905,-0.65
Welt,"Peking",CN,39.9,116.41,11.8,1906,-0.15
Welt,"Peking",CN,39.9,116.41,11.8,1907,-0.14
Welt,"Peking",CN,39.9,116.41,11.8,1908,-1.09
Welt,"Peking",CN,39.9,116.41,11.8,1909,-1.22
Welt,"Peking",CN,39.9,116.41,11.8,1910,-1.52
Welt,"Peking",CN,39.9,116.41,11.8,1911,-2.55
Welt,"Peking",CN,39.9,116.41,11.8,1912,-0.55
Welt,"Peking",CN,39.9,116.41,11.8,1913,0
Welt,"Peking",CN,39.9,116.41,11.8,1914,0.26
Welt,"Peking",CN,39.9,116.41,11.8,1915,0.38
Welt,"Peking",CN,39.9,116.41,11.8,1916,-0.21
Welt,"Peking",CN,39.9,116.41,11.8,1917,-1.35
Welt,"Peking",CN,39.9,116.41,11.8,1918,-1.41
Welt,"Peking",CN,39.9,116.41,11.8,1919,-0.68
Welt,"Peking",CN,39.9,116.41,11.8,1920,-1.75
Welt,"Peking",CN,39.9,116.41,11.8,1921,-0.88
Welt,"Peking",CN,39.9,116.41,11.8,1922,-2
Welt,"Peking",CN,39.9,116.41,11.8,1923,-1.28
Welt,"Peking",CN,39.9,116.41,11.8,1924,0.05
Welt,"Peking",CN,39.9,116.41,11.8,1925,-0.82
Welt,"Peking",CN,39.9,116.41,11.8,1926,-0.89
Welt,"Peking",CN,39.9,116.41,11.8,1927,-1.01
Welt,"Peking",CN,39.9,116.41,11.8,1928,-1.53
Welt,"Peking",CN,39.9,116.41,11.8,1929,-2.17
Welt,"Peking",CN,39.9,116.41,11.8,1930,-1.18
Welt,"Peking",CN,39.9,116.41,11.8,1931,-0.85
Welt,"Peking",CN,39.9,116.41,11.8,1932,-0.08
Welt,"Peking",CN,39.9,116.41,11.8,1933,-0.57
Welt,"Peking",CN,39.9,116.41,11.8,1934,-1.29
Welt,"Peking",CN,39.9,116.41,11.8,1935,-1.13
Welt,"Peking",CN,39.9,116.41,11.8,1936,-1.25
Welt,"Peking",CN,39.9,116.41,11.8,1937,-0.77
Welt,"Peking",CN,39.9,116.41,11.8,1938,-1.56
Welt,"Peking",CN,39.9,116.41,11.8,1939,-0.17
Welt,"Peking",CN,39.9,116.41,11.8,1940,-0.72
Welt,"Peking",CN,39.9,116.41,11.8,1941,-0.45
Welt,"Peking",CN,39.9,116.41,11.8,1942,0.89
Welt,"Peking",CN,39.9,116.41,11.8,1943,-0.2
Welt,"Peking",CN,39.9,116.41,11.8,1944,-0.18
Welt,"Peking",CN,39.9,116.41,11.8,1945,-0.39
Welt,"Peking",CN,39.9,116.41,11.8,1946,-0.38
Welt,"Peking",CN,39.9,116.41,11.8,1947,0.2
Welt,"Peking",CN,39.9,116.41,11.8,1948,-0.39
Welt,"Peking",CN,39.9,116.41,11.8,1949,-0.35
Welt,"Peking",CN,39.9,116.41,11.8,1950,-1.03
Welt,"Peking",CN,39.9,116.41,11.8,1951,-0.81
Welt,"Peking",CN,39.9,116.41,11.8,1952,-0.65
Welt,"Peking",CN,39.9,116.41,11.8,1953,-0.31
Welt,"Peking",CN,39.9,116.41,11.8,1954,-0.4
Welt,"Peking",CN,39.9,116.41,11.8,1955,-0.11
Welt,"Peking",CN,39.9,116.41,11.8,1956,-0.06
Welt,"Peking",CN,39.9,116.41,11.8,1957,-0.02
Welt,"Peking",CN,39.9,116.41,11.8,1958,-0.41
Welt,"Peking",CN,39.9,116.41,11.8,1959,0.27
Welt,"Peking",CN,39.9,116.41,11.8,1960,-0.62
Welt,"Peking",CN,39.9,116.41,11.8,1961,-0.11
Welt,"Peking",CN,39.9,116.41,11.8,1962,0.79
Welt,"Peking",CN,39.9,116.41,11.8,1963,0.6
Welt,"Peking",CN,39.9,116.41,11.8,1964,0.1
Welt,"Peking",CN,39.9,116.41,11.8,1965,-0.49
Welt,"Peking",CN,39.9,116.41,11.8,1966,0.03
Welt,"Peking",CN,39.9,116.41,11.8,1967,0.23
Welt,"Peking",CN,39.9,116.41,11.8,1968,-0.16
Welt,"Peking",CN,39.9,116.41,11.8,1969,-0.18
Welt,"Peking",CN,39.9,116.41,11.8,1970,0.2
Welt,"Peking",CN,39.9,116.41,11.8,1971,-0.39
Welt,"Peking",CN,39.9,116.41,11.8,1972,-0.63
Welt,"Peking",CN,39.9,116.41,11.8,1973,-1.33
Welt,"Peking",CN,39.9,116.41,11.8,1974,-0.17
Welt,"Peking",CN,39.9,116.41,11.8,1975,-0.32
Welt,"Peking",CN,39.9,116.41,11.8,1976,0.19
Welt,"Peking",CN,39.9,116.41,11.8,1977,0.7
Welt,"Peking",CN,39.9,116.41,11.8,1978,-0.38
Welt,"Peking",CN,39.9,116.41,11.8,1979,-0.12
Welt,"Peking",CN,39.9,116.41,11.8,1980,-0.03
Welt,"Peking",CN,39.9,116.41,11.8,1981,0.81
Welt,"Peking",CN,39.9,116.41,11.8,1982,0.38
Welt,"Peking",CN,39.9,116.41,11.8,1983,0.45
Welt,"Peking",CN,39.9,116.41,11.8,1984,0.65
Welt,"Peking",CN,39.9,116.41,11.8,1985,0
Welt,"Peking",CN,39.9,116.41,11.8,1986,-0.31
Welt,"Peking",CN,39.9,116.41,11.8,1987,-0.38
Welt,"Peking",CN,39.9,116.41,11.8,1988,0.23
Welt,"Peking",CN,39.9,116.41,11.8,1989,-0.31
Welt,"Peking",CN,39.9,116.41,11.8,1990,-0.04
Welt,"Peking",CN,39.9,116.41,11.8,1991,1.23
Welt,"Peking",CN,39.9,116.41,11.8,1992,-0.2
Welt,"Peking",CN,39.9,116.41,11.8,1993,-0.79
Welt,"Peking",CN,39.9,116.41,11.8,1994,-0.45
Welt,"Peking",CN,39.9,116.41,11.8,1995,0.16
Welt,"Peking",CN,39.9,116.41,11.8,1996,0.38
Welt,"Peking",CN,39.9,116.41,11.8,1997,-0.5
Welt,"Peking",CN,39.9,116.41,11.8,1998,0.8
Welt,"Peking",CN,39.9,116.41,11.8,1999,0.27
Welt,"Peking",CN,39.9,116.41,11.8,2000,0.58
Welt,"Peking",CN,39.9,116.41,11.8,2001,0.69
Welt,"Peking",CN,39.9,116.41,11.8,2002,0.78
Welt,"Peking",CN,39.9,116.41,11.8,2003,-0.03
Welt,"Peking",CN,39.9,116.41,11.8,2004,0.48
Welt,"Peking",CN,39.9,116.41,11.8,2005,1.53
Welt,"Peking",CN,39.9,116.41,11.8,2006,1.87
Welt,"Peking",CN,39.9,116.41,11.8,2007,2.37
Welt,"Peking",CN,39.9,116.41,11.8,2008,0.87
Welt,"Peking",CN,39.9,116.41,11.8,2009,0.75
Welt,"Peking",CN,39.9,116.41,11.8,2010,0.49
Welt,"Peking",CN,39.9,116.41,11.8,2011,1.07
Welt,"Peking",CN,39.9,116.41,11.8,2012,-0.01
Welt,"Peking",CN,39.9,116.41,11.8,2013,0.84
Welt,"Peking",CN,39.9,116.41,11.8,2014,0.3
Welt,"Peking",CN,39.9,116.41,11.8,2015,0.94
Welt,"Peking",CN,39.9,116.41,11.8,2016,1.36
Welt,"Peking",CN,39.9,116.41,11.8,2017,0.53
Welt,"Peking",CN,39.9,116.41,11.8,2018,0.68
Welt,"Peking",CN,39.9,116.41,11.8,2019,0.95
Welt,"Peking",CN,39.9,116.41,11.8,2020,1.13
Welt,"Peking",CN,39.9,116.41,11.8,2021,1.25
Welt,"Peking",CN,39.9,116.41,11.8,2022,1.67
Welt,"Peking",CN,39.9,116.41,11.8,2023,2.07
Welt,"Peking",CN,39.9,116.41,11.8,2024,1.87
Welt,"Peking",CN,39.9,116.41,11.8,2025,2.12
Welt,"Seoul",KR,37.57,126.98,12.1,1850,-0.52
Welt,"Seoul",KR,37.57,126.98,12.1,1851,-0.06
Welt,"Seoul",KR,37.57,126.98,12.1,1852,-1.11
Welt,"Seoul",KR,37.57,126.98,12.1,1853,-1.18
Welt,"Seoul",KR,37.57,126.98,12.1,1854,-1.6
Welt,"Seoul",KR,37.57,126.98,12.1,1855,-0.81
Welt,"Seoul",KR,37.57,126.98,12.1,1856,-1.24
Welt,"Seoul",KR,37.57,126.98,12.1,1857,-0.53
Welt,"Seoul",KR,37.57,126.98,12.1,1858,0.26
Welt,"Seoul",KR,37.57,126.98,12.1,1859,-0.31
Welt,"Seoul",KR,37.57,126.98,12.1,1860,-1.36
Welt,"Seoul",KR,37.57,126.98,12.1,1861,-1.86
Welt,"Seoul",KR,37.57,126.98,12.1,1862,-0.93
Welt,"Seoul",KR,37.57,126.98,12.1,1863,-0.5
Welt,"Seoul",KR,37.57,126.98,12.1,1864,-1.42
Welt,"Seoul",KR,37.57,126.98,12.1,1865,-1.78
Welt,"Seoul",KR,37.57,126.98,12.1,1866,-1.76
Welt,"Seoul",KR,37.57,126.98,12.1,1867,-1.43
Welt,"Seoul",KR,37.57,126.98,12.1,1868,-1.21
Welt,"Seoul",KR,37.57,126.98,12.1,1869,-0.63
Welt,"Seoul",KR,37.57,126.98,12.1,1870,-0.27
Welt,"Seoul",KR,37.57,126.98,12.1,1871,0
Welt,"Seoul",KR,37.57,126.98,12.1,1872,0.15
Welt,"Seoul",KR,37.57,126.98,12.1,1873,-0.14
Welt,"Seoul",KR,37.57,126.98,12.1,1874,-0.4
Welt,"Seoul",KR,37.57,126.98,12.1,1875,-0.87
Welt,"Seoul",KR,37.57,126.98,12.1,1876,-1.03
Welt,"Seoul",KR,37.57,126.98,12.1,1877,-0.47
Welt,"Seoul",KR,37.57,126.98,12.1,1878,-0.51
Welt,"Seoul",KR,37.57,126.98,12.1,1879,-0.65
Welt,"Seoul",KR,37.57,126.98,12.1,1880,-0.41
Welt,"Seoul",KR,37.57,126.98,12.1,1881,-1.2
Welt,"Seoul",KR,37.57,126.98,12.1,1882,-1.55
Welt,"Seoul",KR,37.57,126.98,12.1,1883,-2.1
Welt,"Seoul",KR,37.57,126.98,12.1,1884,-1.57
Welt,"Seoul",KR,37.57,126.98,12.1,1885,-2.09
Welt,"Seoul",KR,37.57,126.98,12.1,1886,-0.47
Welt,"Seoul",KR,37.57,126.98,12.1,1887,-0.4
Welt,"Seoul",KR,37.57,126.98,12.1,1888,-0.17
Welt,"Seoul",KR,37.57,126.98,12.1,1889,-0.5
Welt,"Seoul",KR,37.57,126.98,12.1,1890,-0.75
Welt,"Seoul",KR,37.57,126.98,12.1,1891,-0.63
Welt,"Seoul",KR,37.57,126.98,12.1,1892,-0.54
Welt,"Seoul",KR,37.57,126.98,12.1,1893,-0.67
Welt,"Seoul",KR,37.57,126.98,12.1,1894,-1.8
Welt,"Seoul",KR,37.57,126.98,12.1,1895,-1.2
Welt,"Seoul",KR,37.57,126.98,12.1,1896,-1.2
Welt,"Seoul",KR,37.57,126.98,12.1,1897,-1.22
Welt,"Seoul",KR,37.57,126.98,12.1,1898,-0.14
Welt,"Seoul",KR,37.57,126.98,12.1,1899,-0.85
Welt,"Seoul",KR,37.57,126.98,12.1,1900,-0.56
Welt,"Seoul",KR,37.57,126.98,12.1,1901,-1.24
Welt,"Seoul",KR,37.57,126.98,12.1,1902,-0.31
Welt,"Seoul",KR,37.57,126.98,12.1,1903,-1.27
Welt,"Seoul",KR,37.57,126.98,12.1,1904,-1.14
Welt,"Seoul",KR,37.57,126.98,12.1,1905,-1.1
Welt,"Seoul",KR,37.57,126.98,12.1,1906,-0.61
Welt,"Seoul",KR,37.57,126.98,12.1,1907,-1.31
Welt,"Seoul",KR,37.57,126.98,12.1,1908,-0.57
Welt,"Seoul",KR,37.57,126.98,12.1,1909,-1.52
Welt,"Seoul",KR,37.57,126.98,12.1,1910,-0.57
Welt,"Seoul",KR,37.57,126.98,12.1,1911,-1.06
Welt,"Seoul",KR,37.57,126.98,12.1,1912,-1.16
Welt,"Seoul",KR,37.57,126.98,12.1,1913,-1.97
Welt,"Seoul",KR,37.57,126.98,12.1,1914,-1.64
Welt,"Seoul",KR,37.57,126.98,12.1,1915,-0.93
Welt,"Seoul",KR,37.57,126.98,12.1,1916,-0.44
Welt,"Seoul",KR,37.57,126.98,12.1,1917,-0.48
Welt,"Seoul",KR,37.57,126.98,12.1,1918,-0.28
Welt,"Seoul",KR,37.57,126.98,12.1,1919,-0.8
Welt,"Seoul",KR,37.57,126.98,12.1,1920,-1.21
Welt,"Seoul",KR,37.57,126.98,12.1,1921,-0.68
Welt,"Seoul",KR,37.57,126.98,12.1,1922,0.05
Welt,"Seoul",KR,37.57,126.98,12.1,1923,-0.19
Welt,"Seoul",KR,37.57,126.98,12.1,1924,-1.49
Welt,"Seoul",KR,37.57,126.98,12.1,1925,-0.9
Welt,"Seoul",KR,37.57,126.98,12.1,1926,-1.55
Welt,"Seoul",KR,37.57,126.98,12.1,1927,-1.35
Welt,"Seoul",KR,37.57,126.98,12.1,1928,-0.86
Welt,"Seoul",KR,37.57,126.98,12.1,1929,-0.4
Welt,"Seoul",KR,37.57,126.98,12.1,1930,-0.37
Welt,"Seoul",KR,37.57,126.98,12.1,1931,0.03
Welt,"Seoul",KR,37.57,126.98,12.1,1932,-0.16
Welt,"Seoul",KR,37.57,126.98,12.1,1933,0.4
Welt,"Seoul",KR,37.57,126.98,12.1,1934,-0.32
Welt,"Seoul",KR,37.57,126.98,12.1,1935,0.08
Welt,"Seoul",KR,37.57,126.98,12.1,1936,0.46
Welt,"Seoul",KR,37.57,126.98,12.1,1937,0.64
Welt,"Seoul",KR,37.57,126.98,12.1,1938,0.92
Welt,"Seoul",KR,37.57,126.98,12.1,1939,0.79
Welt,"Seoul",KR,37.57,126.98,12.1,1940,0.92
Welt,"Seoul",KR,37.57,126.98,12.1,1941,-0.63
Welt,"Seoul",KR,37.57,126.98,12.1,1942,-0.16
Welt,"Seoul",KR,37.57,126.98,12.1,1943,0.54
Welt,"Seoul",KR,37.57,126.98,12.1,1944,0.11
Welt,"Seoul",KR,37.57,126.98,12.1,1945,-0.19
Welt,"Seoul",KR,37.57,126.98,12.1,1946,-0.41
Welt,"Seoul",KR,37.57,126.98,12.1,1947,0.27
Welt,"Seoul",KR,37.57,126.98,12.1,1948,0.23
Welt,"Seoul",KR,37.57,126.98,12.1,1949,-0.64
Welt,"Seoul",KR,37.57,126.98,12.1,1950,0.42
Welt,"Seoul",KR,37.57,126.98,12.1,1951,-0.64
Welt,"Seoul",KR,37.57,126.98,12.1,1952,0.28
Welt,"Seoul",KR,37.57,126.98,12.1,1953,0.16
Welt,"Seoul",KR,37.57,126.98,12.1,1954,-0.07
Welt,"Seoul",KR,37.57,126.98,12.1,1955,0.31
Welt,"Seoul",KR,37.57,126.98,12.1,1956,-0.64
Welt,"Seoul",KR,37.57,126.98,12.1,1957,-0.09
Welt,"Seoul",KR,37.57,126.98,12.1,1958,-0.08
Welt,"Seoul",KR,37.57,126.98,12.1,1959,-0.95
Welt,"Seoul",KR,37.57,126.98,12.1,1960,-0.47
Welt,"Seoul",KR,37.57,126.98,12.1,1961,0.17
Welt,"Seoul",KR,37.57,126.98,12.1,1962,-0.42
Welt,"Seoul",KR,37.57,126.98,12.1,1963,-0.21
Welt,"Seoul",KR,37.57,126.98,12.1,1964,-0.36
Welt,"Seoul",KR,37.57,126.98,12.1,1965,-0.08
Welt,"Seoul",KR,37.57,126.98,12.1,1966,-0.09
Welt,"Seoul",KR,37.57,126.98,12.1,1967,-0.36
Welt,"Seoul",KR,37.57,126.98,12.1,1968,-0.78
Welt,"Seoul",KR,37.57,126.98,12.1,1969,0.21
Welt,"Seoul",KR,37.57,126.98,12.1,1970,-0.56
Welt,"Seoul",KR,37.57,126.98,12.1,1971,-0.51
Welt,"Seoul",KR,37.57,126.98,12.1,1972,0.55
Welt,"Seoul",KR,37.57,126.98,12.1,1973,0.07
Welt,"Seoul",KR,37.57,126.98,12.1,1974,-0.13
Welt,"Seoul",KR,37.57,126.98,12.1,1975,0.64
Welt,"Seoul",KR,37.57,126.98,12.1,1976,0.62
Welt,"Seoul",KR,37.57,126.98,12.1,1977,0.68
Welt,"Seoul",KR,37.57,126.98,12.1,1978,-0.42
Welt,"Seoul",KR,37.57,126.98,12.1,1979,-0.28
Welt,"Seoul",KR,37.57,126.98,12.1,1980,0.66
Welt,"Seoul",KR,37.57,126.98,12.1,1981,0.24
Welt,"Seoul",KR,37.57,126.98,12.1,1982,-0.16
Welt,"Seoul",KR,37.57,126.98,12.1,1983,-0.14
Welt,"Seoul",KR,37.57,126.98,12.1,1984,0.75
Welt,"Seoul",KR,37.57,126.98,12.1,1985,0.61
Welt,"Seoul",KR,37.57,126.98,12.1,1986,0.24
Welt,"Seoul",KR,37.57,126.98,12.1,1987,0.62
Welt,"Seoul",KR,37.57,126.98,12.1,1988,-0.42
Welt,"Seoul",KR,37.57,126.98,12.1,1989,-1.12
Welt,"Seoul",KR,37.57,126.98,12.1,1990,0
Welt,"Seoul",KR,37.57,126.98,12.1,1991,0.81
Welt,"Seoul",KR,37.57,126.98,12.1,1992,-0.52
Welt,"Seoul",KR,37.57,126.98,12.1,1993,0.39
Welt,"Seoul",KR,37.57,126.98,12.1,1994,0.71
Welt,"Seoul",KR,37.57,126.98,12.1,1995,1.17
Welt,"Seoul",KR,37.57,126.98,12.1,1996,-0.32
Welt,"Seoul",KR,37.57,126.98,12.1,1997,0.51
Welt,"Seoul",KR,37.57,126.98,12.1,1998,1.62
Welt,"Seoul",KR,37.57,126.98,12.1,1999,0.72
Welt,"Seoul",KR,37.57,126.98,12.1,2000,0.46
Welt,"Seoul",KR,37.57,126.98,12.1,2001,0.47
Welt,"Seoul",KR,37.57,126.98,12.1,2002,-0.29
Welt,"Seoul",KR,37.57,126.98,12.1,2003,0.4
Welt,"Seoul",KR,37.57,126.98,12.1,2004,0.23
Welt,"Seoul",KR,37.57,126.98,12.1,2005,0.86
Welt,"Seoul",KR,37.57,126.98,12.1,2006,0.99
Welt,"Seoul",KR,37.57,126.98,12.1,2007,0.74
Welt,"Seoul",KR,37.57,126.98,12.1,2008,0.01
Welt,"Seoul",KR,37.57,126.98,12.1,2009,1.45
Welt,"Seoul",KR,37.57,126.98,12.1,2010,0.4
Welt,"Seoul",KR,37.57,126.98,12.1,2011,0.69
Welt,"Seoul",KR,37.57,126.98,12.1,2012,1.45
Welt,"Seoul",KR,37.57,126.98,12.1,2013,1.58
Welt,"Seoul",KR,37.57,126.98,12.1,2014,0.49
Welt,"Seoul",KR,37.57,126.98,12.1,2015,1.54
Welt,"Seoul",KR,37.57,126.98,12.1,2016,1.16
Welt,"Seoul",KR,37.57,126.98,12.1,2017,0.43
Welt,"Seoul",KR,37.57,126.98,12.1,2018,0.91
Welt,"Seoul",KR,37.57,126.98,12.1,2019,0.7
Welt,"Seoul",KR,37.57,126.98,12.1,2020,1.09
Welt,"Seoul",KR,37.57,126.98,12.1,2021,0.65
Welt,"Seoul",KR,37.57,126.98,12.1,2022,1.24
Welt,"Seoul",KR,37.57,126.98,12.1,2023,1.34
Welt,"Seoul",KR,37.57,126.98,12.1,2024,1.53
Welt,"Seoul",KR,37.57,126.98,12.1,2025,1.73
Welt,"Tokio",JP,35.69,139.69,15.6,1850,-0.55
Welt,"Tokio",JP,35.69,139.69,15.6,1851,-0.41
Welt,"Tokio",JP,35.69,139.69,15.6,1852,0.05
Welt,"Tokio",JP,35.69,139.69,15.6,1853,0.07
Welt,"Tokio",JP,35.69,139.69,15.6,1854,-0.71
Welt,"Tokio",JP,35.69,139.69,15.6,1855,-0.65
Welt,"Tokio",JP,35.69,139.69,15.6,1856,-1.27
Welt,"Tokio",JP,35.69,139.69,15.6,1857,-0.38
Welt,"Tokio",JP,35.69,139.69,15.6,1858,-0.75
Welt,"Tokio",JP,35.69,139.69,15.6,1859,-0.72
Welt,"Tokio",JP,35.69,139.69,15.6,1860,0.19
Welt,"Tokio",JP,35.69,139.69,15.6,1861,-0.34
Welt,"Tokio",JP,35.69,139.69,15.6,1862,-0.39
Welt,"Tokio",JP,35.69,139.69,15.6,1863,-0.86
Welt,"Tokio",JP,35.69,139.69,15.6,1864,-0.61
Welt,"Tokio",JP,35.69,139.69,15.6,1865,-0.09
Welt,"Tokio",JP,35.69,139.69,15.6,1866,0.09
Welt,"Tokio",JP,35.69,139.69,15.6,1867,-0.52
Welt,"Tokio",JP,35.69,139.69,15.6,1868,-1.32
Welt,"Tokio",JP,35.69,139.69,15.6,1869,-0.52
Welt,"Tokio",JP,35.69,139.69,15.6,1870,0.22
Welt,"Tokio",JP,35.69,139.69,15.6,1871,-0.35
Welt,"Tokio",JP,35.69,139.69,15.6,1872,-1.3
Welt,"Tokio",JP,35.69,139.69,15.6,1873,-1.08
Welt,"Tokio",JP,35.69,139.69,15.6,1874,0.14
Welt,"Tokio",JP,35.69,139.69,15.6,1875,-0.01
Welt,"Tokio",JP,35.69,139.69,15.6,1876,-0.51
Welt,"Tokio",JP,35.69,139.69,15.6,1877,-0.89
Welt,"Tokio",JP,35.69,139.69,15.6,1878,-0.71
Welt,"Tokio",JP,35.69,139.69,15.6,1879,-0.69
Welt,"Tokio",JP,35.69,139.69,15.6,1880,-0.58
Welt,"Tokio",JP,35.69,139.69,15.6,1881,-0.16
Welt,"Tokio",JP,35.69,139.69,15.6,1882,0.46
Welt,"Tokio",JP,35.69,139.69,15.6,1883,-0.84
Welt,"Tokio",JP,35.69,139.69,15.6,1884,-1.13
Welt,"Tokio",JP,35.69,139.69,15.6,1885,-1.21
Welt,"Tokio",JP,35.69,139.69,15.6,1886,-0.7
Welt,"Tokio",JP,35.69,139.69,15.6,1887,-0.61
Welt,"Tokio",JP,35.69,139.69,15.6,1888,-0.43
Welt,"Tokio",JP,35.69,139.69,15.6,1889,-0.44
Welt,"Tokio",JP,35.69,139.69,15.6,1890,-1.36
Welt,"Tokio",JP,35.69,139.69,15.6,1891,-0.41
Welt,"Tokio",JP,35.69,139.69,15.6,1892,-0.33
Welt,"Tokio",JP,35.69,139.69,15.6,1893,-0.62
Welt,"Tokio",JP,35.69,139.69,15.6,1894,-1.53
Welt,"Tokio",JP,35.69,139.69,15.6,1895,-0.22
Welt,"Tokio",JP,35.69,139.69,15.6,1896,-0.61
Welt,"Tokio",JP,35.69,139.69,15.6,1897,0.18
Welt,"Tokio",JP,35.69,139.69,15.6,1898,-0.64
Welt,"Tokio",JP,35.69,139.69,15.6,1899,-1.21
Welt,"Tokio",JP,35.69,139.69,15.6,1900,-1.43
Welt,"Tokio",JP,35.69,139.69,15.6,1901,-1.6
Welt,"Tokio",JP,35.69,139.69,15.6,1902,-1.22
Welt,"Tokio",JP,35.69,139.69,15.6,1903,-0.98
Welt,"Tokio",JP,35.69,139.69,15.6,1904,-0.78
Welt,"Tokio",JP,35.69,139.69,15.6,1905,-0.42
Welt,"Tokio",JP,35.69,139.69,15.6,1906,-0.98
Welt,"Tokio",JP,35.69,139.69,15.6,1907,-0.66
Welt,"Tokio",JP,35.69,139.69,15.6,1908,-0.38
Welt,"Tokio",JP,35.69,139.69,15.6,1909,-0.44
Welt,"Tokio",JP,35.69,139.69,15.6,1910,0.05
Welt,"Tokio",JP,35.69,139.69,15.6,1911,-0.16
Welt,"Tokio",JP,35.69,139.69,15.6,1912,0.13
Welt,"Tokio",JP,35.69,139.69,15.6,1913,-1.17
Welt,"Tokio",JP,35.69,139.69,15.6,1914,-0.45
Welt,"Tokio",JP,35.69,139.69,15.6,1915,-0.26
Welt,"Tokio",JP,35.69,139.69,15.6,1916,-0.91
Welt,"Tokio",JP,35.69,139.69,15.6,1917,-1.54
Welt,"Tokio",JP,35.69,139.69,15.6,1918,-0.75
Welt,"Tokio",JP,35.69,139.69,15.6,1919,-0.91
Welt,"Tokio",JP,35.69,139.69,15.6,1920,-0.06
Welt,"Tokio",JP,35.69,139.69,15.6,1921,-0.8
Welt,"Tokio",JP,35.69,139.69,15.6,1922,-0.65
Welt,"Tokio",JP,35.69,139.69,15.6,1923,-0.74
Welt,"Tokio",JP,35.69,139.69,15.6,1924,-1.41
Welt,"Tokio",JP,35.69,139.69,15.6,1925,-1.62
Welt,"Tokio",JP,35.69,139.69,15.6,1926,-0.9
Welt,"Tokio",JP,35.69,139.69,15.6,1927,-0.6
Welt,"Tokio",JP,35.69,139.69,15.6,1928,-0.42
Welt,"Tokio",JP,35.69,139.69,15.6,1929,-0.47
Welt,"Tokio",JP,35.69,139.69,15.6,1930,0
Welt,"Tokio",JP,35.69,139.69,15.6,1931,0
Welt,"Tokio",JP,35.69,139.69,15.6,1932,0.46
Welt,"Tokio",JP,35.69,139.69,15.6,1933,-0.1
Welt,"Tokio",JP,35.69,139.69,15.6,1934,-0.54
Welt,"Tokio",JP,35.69,139.69,15.6,1935,-0.26
Welt,"Tokio",JP,35.69,139.69,15.6,1936,-0.43
Welt,"Tokio",JP,35.69,139.69,15.6,1937,0.66
Welt,"Tokio",JP,35.69,139.69,15.6,1938,0.02
Welt,"Tokio",JP,35.69,139.69,15.6,1939,-0.06
Welt,"Tokio",JP,35.69,139.69,15.6,1940,0.18
Welt,"Tokio",JP,35.69,139.69,15.6,1941,0.4
Welt,"Tokio",JP,35.69,139.69,15.6,1942,0.12
Welt,"Tokio",JP,35.69,139.69,15.6,1943,-0.37
Welt,"Tokio",JP,35.69,139.69,15.6,1944,-0.14
Welt,"Tokio",JP,35.69,139.69,15.6,1945,0.04
Welt,"Tokio",JP,35.69,139.69,15.6,1946,0.55
Welt,"Tokio",JP,35.69,139.69,15.6,1947,0.51
Welt,"Tokio",JP,35.69,139.69,15.6,1948,0.5
Welt,"Tokio",JP,35.69,139.69,15.6,1949,-0.41
Welt,"Tokio",JP,35.69,139.69,15.6,1950,0.13
Welt,"Tokio",JP,35.69,139.69,15.6,1951,0.6
Welt,"Tokio",JP,35.69,139.69,15.6,1952,-0.49
Welt,"Tokio",JP,35.69,139.69,15.6,1953,0.14
Welt,"Tokio",JP,35.69,139.69,15.6,1954,-0.27
Welt,"Tokio",JP,35.69,139.69,15.6,1955,-0.32
Welt,"Tokio",JP,35.69,139.69,15.6,1956,-0.18
Welt,"Tokio",JP,35.69,139.69,15.6,1957,0.4
Welt,"Tokio",JP,35.69,139.69,15.6,1958,0.14
Welt,"Tokio",JP,35.69,139.69,15.6,1959,-0.22
Welt,"Tokio",JP,35.69,139.69,15.6,1960,0.57
Welt,"Tokio",JP,35.69,139.69,15.6,1961,0.26
Welt,"Tokio",JP,35.69,139.69,15.6,1962,0.15
Welt,"Tokio",JP,35.69,139.69,15.6,1963,0.22
Welt,"Tokio",JP,35.69,139.69,15.6,1964,0.32
Welt,"Tokio",JP,35.69,139.69,15.6,1965,-0.47
Welt,"Tokio",JP,35.69,139.69,15.6,1966,-0.96
Welt,"Tokio",JP,35.69,139.69,15.6,1967,-0.61
Welt,"Tokio",JP,35.69,139.69,15.6,1968,-0.97
Welt,"Tokio",JP,35.69,139.69,15.6,1969,-0.16
Welt,"Tokio",JP,35.69,139.69,15.6,1970,0.22
Welt,"Tokio",JP,35.69,139.69,15.6,1971,0.3
Welt,"Tokio",JP,35.69,139.69,15.6,1972,-0.08
Welt,"Tokio",JP,35.69,139.69,15.6,1973,-0.17
Welt,"Tokio",JP,35.69,139.69,15.6,1974,-1.11
Welt,"Tokio",JP,35.69,139.69,15.6,1975,-0.3
Welt,"Tokio",JP,35.69,139.69,15.6,1976,-0.55
Welt,"Tokio",JP,35.69,139.69,15.6,1977,-0.15
Welt,"Tokio",JP,35.69,139.69,15.6,1978,0.27
Welt,"Tokio",JP,35.69,139.69,15.6,1979,0.09
Welt,"Tokio",JP,35.69,139.69,15.6,1980,0.08
Welt,"Tokio",JP,35.69,139.69,15.6,1981,0.36
Welt,"Tokio",JP,35.69,139.69,15.6,1982,-0.03
Welt,"Tokio",JP,35.69,139.69,15.6,1983,1.11
Welt,"Tokio",JP,35.69,139.69,15.6,1984,-0.13
Welt,"Tokio",JP,35.69,139.69,15.6,1985,0.06
Welt,"Tokio",JP,35.69,139.69,15.6,1986,0.78
Welt,"Tokio",JP,35.69,139.69,15.6,1987,0.45
Welt,"Tokio",JP,35.69,139.69,15.6,1988,0.48
Welt,"Tokio",JP,35.69,139.69,15.6,1989,0.28
Welt,"Tokio",JP,35.69,139.69,15.6,1990,0.27
Welt,"Tokio",JP,35.69,139.69,15.6,1991,-0.07
Welt,"Tokio",JP,35.69,139.69,15.6,1992,-0.57
Welt,"Tokio",JP,35.69,139.69,15.6,1993,-0.2
Welt,"Tokio",JP,35.69,139.69,15.6,1994,0.25
Welt,"Tokio",JP,35.69,139.69,15.6,1995,0.82
Welt,"Tokio",JP,35.69,139.69,15.6,1996,1.32
Welt,"Tokio",JP,35.69,139.69,15.6,1997,2.02
Welt,"Tokio",JP,35.69,139.69,15.6,1998,1.89
Welt,"Tokio",JP,35.69,139.69,15.6,1999,0.69
Welt,"Tokio",JP,35.69,139.69,15.6,2000,0.65
Welt,"Tokio",JP,35.69,139.69,15.6,2001,1.01
Welt,"Tokio",JP,35.69,139.69,15.6,2002,0.8
Welt,"Tokio",JP,35.69,139.69,15.6,2003,0.76
Welt,"Tokio",JP,35.69,139.69,15.6,2004,1.12
Welt,"Tokio",JP,35.69,139.69,15.6,2005,0.79
Welt,"Tokio",JP,35.69,139.69,15.6,2006,1.06
Welt,"Tokio",JP,35.69,139.69,15.6,2007,1.3
Welt,"Tokio",JP,35.69,139.69,15.6,2008,0.45
Welt,"Tokio",JP,35.69,139.69,15.6,2009,1.56
Welt,"Tokio",JP,35.69,139.69,15.6,2010,1.85
Welt,"Tokio",JP,35.69,139.69,15.6,2011,0.81
Welt,"Tokio",JP,35.69,139.69,15.6,2012,1.84
Welt,"Tokio",JP,35.69,139.69,15.6,2013,0.63
Welt,"Tokio",JP,35.69,139.69,15.6,2014,0.14
Welt,"Tokio",JP,35.69,139.69,15.6,2015,0.9
Welt,"Tokio",JP,35.69,139.69,15.6,2016,1.31
Welt,"Tokio",JP,35.69,139.69,15.6,2017,1.59
Welt,"Tokio",JP,35.69,139.69,15.6,2018,1.5
Welt,"Tokio",JP,35.69,139.69,15.6,2019,1.6
Welt,"Tokio",JP,35.69,139.69,15.6,2020,1.24
Welt,"Tokio",JP,35.69,139.69,15.6,2021,1.17
Welt,"Tokio",JP,35.69,139.69,15.6,2022,1.06
Welt,"Tokio",JP,35.69,139.69,15.6,2023,1.36
Welt,"Tokio",JP,35.69,139.69,15.6,2024,1.75
Welt,"Tokio",JP,35.69,139.69,15.6,2025,1.94
Welt,"Los Angeles",US,34.05,-118.24,17.6,1850,-0.71
Welt,"Los Angeles",US,34.05,-118.24,17.6,1851,0.21
Welt,"Los Angeles",US,34.05,-118.24,17.6,1852,-0.69
Welt,"Los Angeles",US,34.05,-118.24,17.6,1853,-0.81
Welt,"Los Angeles",US,34.05,-118.24,17.6,1854,-1.43
Welt,"Los Angeles",US,34.05,-118.24,17.6,1855,-0.65
Welt,"Los Angeles",US,34.05,-118.24,17.6,1856,-1.33
Welt,"Los Angeles",US,34.05,-118.24,17.6,1857,-1.52
Welt,"Los Angeles",US,34.05,-118.24,17.6,1858,-1.16
Welt,"Los Angeles",US,34.05,-118.24,17.6,1859,-0.79
Welt,"Los Angeles",US,34.05,-118.24,17.6,1860,0.05
Welt,"Los Angeles",US,34.05,-118.24,17.6,1861,-0.29
Welt,"Los Angeles",US,34.05,-118.24,17.6,1862,0.01
Welt,"Los Angeles",US,34.05,-118.24,17.6,1863,-0.26
Welt,"Los Angeles",US,34.05,-118.24,17.6,1864,-0.52
Welt,"Los Angeles",US,34.05,-118.24,17.6,1865,-0.23
Welt,"Los Angeles",US,34.05,-118.24,17.6,1866,-0.53
Welt,"Los Angeles",US,34.05,-118.24,17.6,1867,-0.6
Welt,"Los Angeles",US,34.05,-118.24,17.6,1868,-1.2
Welt,"Los Angeles",US,34.05,-118.24,17.6,1869,0.16
Welt,"Los Angeles",US,34.05,-118.24,17.6,1870,0.48
Welt,"Los Angeles",US,34.05,-118.24,17.6,1871,-0.31
Welt,"Los Angeles",US,34.05,-118.24,17.6,1872,-0.14
Welt,"Los Angeles",US,34.05,-118.24,17.6,1873,-0.47
Welt,"Los Angeles",US,34.05,-118.24,17.6,1874,-0.6
Welt,"Los Angeles",US,34.05,-118.24,17.6,1875,-1.19
Welt,"Los Angeles",US,34.05,-118.24,17.6,1876,-0.6
Welt,"Los Angeles",US,34.05,-118.24,17.6,1877,0.4
Welt,"Los Angeles",US,34.05,-118.24,17.6,1878,0
Welt,"Los Angeles",US,34.05,-118.24,17.6,1879,-0.49
Welt,"Los Angeles",US,34.05,-118.24,17.6,1880,-0.68
Welt,"Los Angeles",US,34.05,-118.24,17.6,1881,-0.95
Welt,"Los Angeles",US,34.05,-118.24,17.6,1882,-1.02
Welt,"Los Angeles",US,34.05,-118.24,17.6,1883,-0.33
Welt,"Los Angeles",US,34.05,-118.24,17.6,1884,-1
Welt,"Los Angeles",US,34.05,-118.24,17.6,1885,-0.43
Welt,"Los Angeles",US,34.05,-118.24,17.6,1886,-0.21
Welt,"Los Angeles",US,34.05,-118.24,17.6,1887,-0.52
Welt,"Los Angeles",US,34.05,-118.24,17.6,1888,-0.41
Welt,"Los Angeles",US,34.05,-118.24,17.6,1889,-0.65
Welt,"Los Angeles",US,34.05,-118.24,17.6,1890,-1.02
Welt,"Los Angeles",US,34.05,-118.24,17.6,1891,-0.92
Welt,"Los Angeles",US,34.05,-118.24,17.6,1892,-1.68
Welt,"Los Angeles",US,34.05,-118.24,17.6,1893,-1.5
Welt,"Los Angeles",US,34.05,-118.24,17.6,1894,-0.83
Welt,"Los Angeles",US,34.05,-118.24,17.6,1895,-0.51
Welt,"Los Angeles",US,34.05,-118.24,17.6,1896,-0.31
Welt,"Los Angeles",US,34.05,-118.24,17.6,1897,-0.27
Welt,"Los Angeles",US,34.05,-118.24,17.6,1898,-0.51
Welt,"Los Angeles",US,34.05,-118.24,17.6,1899,0.16
Welt,"Los Angeles",US,34.05,-118.24,17.6,1900,-0.54
Welt,"Los Angeles",US,34.05,-118.24,17.6,1901,-0.04
Welt,"Los Angeles",US,34.05,-118.24,17.6,1902,-0.06
Welt,"Los Angeles",US,34.05,-118.24,17.6,1903,-0.79
Welt,"Los Angeles",US,34.05,-118.24,17.6,1904,-1.1
Welt,"Los Angeles",US,34.05,-118.24,17.6,1905,-1.28
Welt,"Los Angeles",US,34.05,-118.24,17.6,1906,-0.95
Welt,"Los Angeles",US,34.05,-118.24,17.6,1907,-1.35
Welt,"Los Angeles",US,34.05,-118.24,17.6,1908,-0.24
Welt,"Los Angeles",US,34.05,-118.24,17.6,1909,0.03
Welt,"Los Angeles",US,34.05,-118.24,17.6,1910,-0.73
Welt,"Los Angeles",US,34.05,-118.24,17.6,1911,-0.53
Welt,"Los Angeles",US,34.05,-118.24,17.6,1912,-0.44
Welt,"Los Angeles",US,34.05,-118.24,17.6,1913,-0.42
Welt,"Los Angeles",US,34.05,-118.24,17.6,1914,-0.23
Welt,"Los Angeles",US,34.05,-118.24,17.6,1915,-0.23
Welt,"Los Angeles",US,34.05,-118.24,17.6,1916,-0.52
Welt,"Los Angeles",US,34.05,-118.24,17.6,1917,-1.01
Welt,"Los Angeles",US,34.05,-118.24,17.6,1918,-1.55
Welt,"Los Angeles",US,34.05,-118.24,17.6,1919,0.03
Welt,"Los Angeles",US,34.05,-118.24,17.6,1920,-0.13
Welt,"Los Angeles",US,34.05,-118.24,17.6,1921,-0.15
Welt,"Los Angeles",US,34.05,-118.24,17.6,1922,0.28
Welt,"Los Angeles",US,34.05,-118.24,17.6,1923,0.18
Welt,"Los Angeles",US,34.05,-118.24,17.6,1924,-0.33
Welt,"Los Angeles",US,34.05,-118.24,17.6,1925,-0.89
Welt,"Los Angeles",US,34.05,-118.24,17.6,1926,0.28
Welt,"Los Angeles",US,34.05,-118.24,17.6,1927,0.81
Welt,"Los Angeles",US,34.05,-118.24,17.6,1928,0.43
Welt,"Los Angeles",US,34.05,-118.24,17.6,1929,0.11
Welt,"Los Angeles",US,34.05,-118.24,17.6,1930,0.74
Welt,"Los Angeles",US,34.05,-118.24,17.6,1931,0.87
Welt,"Los Angeles",US,34.05,-118.24,17.6,1932,-0.5
Welt,"Los Angeles",US,34.05,-118.24,17.6,1933,-0.9
Welt,"Los Angeles",US,34.05,-118.24,17.6,1934,0.09
Welt,"Los Angeles",US,34.05,-118.24,17.6,1935,-1.07
Welt,"Los Angeles",US,34.05,-118.24,17.6,1936,0.28
Welt,"Los Angeles",US,34.05,-118.24,17.6,1937,-0.01
Welt,"Los Angeles",US,34.05,-118.24,17.6,1938,0.24
Welt,"Los Angeles",US,34.05,-118.24,17.6,1939,0.59
Welt,"Los Angeles",US,34.05,-118.24,17.6,1940,0.48
Welt,"Los Angeles",US,34.05,-118.24,17.6,1941,1.15
Welt,"Los Angeles",US,34.05,-118.24,17.6,1942,-0.15
Welt,"Los Angeles",US,34.05,-118.24,17.6,1943,0.06
Welt,"Los Angeles",US,34.05,-118.24,17.6,1944,0.13
Welt,"Los Angeles",US,34.05,-118.24,17.6,1945,-0.8
Welt,"Los Angeles",US,34.05,-118.24,17.6,1946,-0.48
Welt,"Los Angeles",US,34.05,-118.24,17.6,1947,0.18
Welt,"Los Angeles",US,34.05,-118.24,17.6,1948,-0.32
Welt,"Los Angeles",US,34.05,-118.24,17.6,1949,0.12
Welt,"Los Angeles",US,34.05,-118.24,17.6,1950,-0.27
Welt,"Los Angeles",US,34.05,-118.24,17.6,1951,-0.47
Welt,"Los Angeles",US,34.05,-118.24,17.6,1952,-0.51
Welt,"Los Angeles",US,34.05,-118.24,17.6,1953,-0.49
Welt,"Los Angeles",US,34.05,-118.24,17.6,1954,-0.77
Welt,"Los Angeles",US,34.05,-118.24,17.6,1955,-0.46
Welt,"Los Angeles",US,34.05,-118.24,17.6,1956,-1.02
Welt,"Los Angeles",US,34.05,-118.24,17.6,1957,-0.38
Welt,"Los Angeles",US,34.05,-118.24,17.6,1958,-0.01
Welt,"Los Angeles",US,34.05,-118.24,17.6,1959,-0.36
Welt,"Los Angeles",US,34.05,-118.24,17.6,1960,-0.77
Welt,"Los Angeles",US,34.05,-118.24,17.6,1961,0.35
Welt,"Los Angeles",US,34.05,-118.24,17.6,1962,-0.09
Welt,"Los Angeles",US,34.05,-118.24,17.6,1963,0.29
Welt,"Los Angeles",US,34.05,-118.24,17.6,1964,-0.83
Welt,"Los Angeles",US,34.05,-118.24,17.6,1965,-0.64
Welt,"Los Angeles",US,34.05,-118.24,17.6,1966,-0.59
Welt,"Los Angeles",US,34.05,-118.24,17.6,1967,0.52
Welt,"Los Angeles",US,34.05,-118.24,17.6,1968,0.21
Welt,"Los Angeles",US,34.05,-118.24,17.6,1969,-0.27
Welt,"Los Angeles",US,34.05,-118.24,17.6,1970,-0.46
Welt,"Los Angeles",US,34.05,-118.24,17.6,1971,-0.21
Welt,"Los Angeles",US,34.05,-118.24,17.6,1972,-0.18
Welt,"Los Angeles",US,34.05,-118.24,17.6,1973,0.9
Welt,"Los Angeles",US,34.05,-118.24,17.6,1974,0.05
Welt,"Los Angeles",US,34.05,-118.24,17.6,1975,-0.73
Welt,"Los Angeles",US,34.05,-118.24,17.6,1976,-0.11
Welt,"Los Angeles",US,34.05,-118.24,17.6,1977,0.76
Welt,"Los Angeles",US,34.05,-118.24,17.6,1978,0.48
Welt,"Los Angeles",US,34.05,-118.24,17.6,1979,0.71
Welt,"Los Angeles",US,34.05,-118.24,17.6,1980,-0.39
Welt,"Los Angeles",US,34.05,-118.24,17.6,1981,0.03
Welt,"Los Angeles",US,34.05,-118.24,17.6,1982,0.4
Welt,"Los Angeles",US,34.05,-118.24,17.6,1983,0.39
Welt,"Los Angeles",US,34.05,-118.24,17.6,1984,0.38
Welt,"Los Angeles",US,34.05,-118.24,17.6,1985,-0.5
Welt,"Los Angeles",US,34.05,-118.24,17.6,1986,-0.73
Welt,"Los Angeles",US,34.05,-118.24,17.6,1987,-0.18
Welt,"Los Angeles",US,34.05,-118.24,17.6,1988,-0.48
Welt,"Los Angeles",US,34.05,-118.24,17.6,1989,0.1
Welt,"Los Angeles",US,34.05,-118.24,17.6,1990,0.81
Welt,"Los Angeles",US,34.05,-118.24,17.6,1991,0.53
Welt,"Los Angeles",US,34.05,-118.24,17.6,1992,0.87
Welt,"Los Angeles",US,34.05,-118.24,17.6,1993,0.08
Welt,"Los Angeles",US,34.05,-118.24,17.6,1994,0.61
Welt,"Los Angeles",US,34.05,-118.24,17.6,1995,1.18
Welt,"Los Angeles",US,34.05,-118.24,17.6,1996,0.78
Welt,"Los Angeles",US,34.05,-118.24,17.6,1997,1.22
Welt,"Los Angeles",US,34.05,-118.24,17.6,1998,0.91
Welt,"Los Angeles",US,34.05,-118.24,17.6,1999,0.3
Welt,"Los Angeles",US,34.05,-118.24,17.6,2000,-0.35
Welt,"Los Angeles",US,34.05,-118.24,17.6,2001,1.18
Welt,"Los Angeles",US,34.05,-118.24,17.6,2002,1.05
Welt,"Los Angeles",US,34.05,-118.24,17.6,2003,1.21
Welt,"Los Angeles",US,34.05,-118.24,17.6,2004,1.43
Welt,"Los Angeles",US,34.05,-118.24,17.6,2005,0.76
Welt,"Los Angeles",US,34.05,-118.24,17.6,2006,0.7
Welt,"Los Angeles",US,34.05,-118.24,17.6,2007,1
Welt,"Los Angeles",US,34.05,-118.24,17.6,2008,1.02
Welt,"Los Angeles",US,34.05,-118.24,17.6,2009,1.83
Welt,"Los Angeles",US,34.05,-118.24,17.6,2010,1.08
Welt,"Los Angeles",US,34.05,-118.24,17.6,2011,1.03
Welt,"Los Angeles",US,34.05,-118.24,17.6,2012,0.03
Welt,"Los Angeles",US,34.05,-118.24,17.6,2013,0.1
Welt,"Los Angeles",US,34.05,-118.24,17.6,2014,0.9
Welt,"Los Angeles",US,34.05,-118.24,17.6,2015,1.43
Welt,"Los Angeles",US,34.05,-118.24,17.6,2016,1.57
Welt,"Los Angeles",US,34.05,-118.24,17.6,2017,1.2
Welt,"Los Angeles",US,34.05,-118.24,17.6,2018,1.25
Welt,"Los Angeles",US,34.05,-118.24,17.6,2019,1.09
Welt,"Los Angeles",US,34.05,-118.24,17.6,2020,1.1
Welt,"Los Angeles",US,34.05,-118.24,17.6,2021,1.26
Welt,"Los Angeles",US,34.05,-118.24,17.6,2022,1.42
Welt,"Los Angeles",US,34.05,-118.24,17.6,2023,1.24
Welt,"Los Angeles",US,34.05,-118.24,17.6,2024,1.63
Welt,"Los Angeles",US,34.05,-118.24,17.6,2025,1.99
Welt,"Schanghai",CN,31.23,121.47,15.8,1850,0.44
Welt,"Schanghai",CN,31.23,121.47,15.8,1851,0.24
Welt,"Schanghai",CN,31.23,121.47,15.8,1852,0.64
Welt,"Schanghai",CN,31.23,121.47,15.8,1853,0.75
Welt,"Schanghai",CN,31.23,121.47,15.8,1854,0.26
Welt,"Schanghai",CN,31.23,121.47,15.8,1855,0.58
Welt,"Schanghai",CN,31.23,121.47,15.8,1856,-0.04
Welt,"Schanghai",CN,31.23,121.47,15.8,1857,-0.07
Welt,"Schanghai",CN,31.23,121.47,15.8,1858,-0.29
Welt,"Schanghai",CN,31.23,121.47,15.8,1859,0.22
Welt,"Schanghai",CN,31.23,121.47,15.8,1860,0.31
Welt,"Schanghai",CN,31.23,121.47,15.8,1861,0.64
Welt,"Schanghai",CN,31.23,121.47,15.8,1862,-0.32
Welt,"Schanghai",CN,31.23,121.47,15.8,1863,-0.51
Welt,"Schanghai",CN,31.23,121.47,15.8,1864,-0.22
Welt,"Schanghai",CN,31.23,121.47,15.8,1865,0.08
Welt,"Schanghai",CN,31.23,121.47,15.8,1866,-0.33
Welt,"Schanghai",CN,31.23,121.47,15.8,1867,0.68
Welt,"Schanghai",CN,31.23,121.47,15.8,1868,0.05
Welt,"Schanghai",CN,31.23,121.47,15.8,1869,-0.31
Welt,"Schanghai",CN,31.23,121.47,15.8,1870,-0.29
Welt,"Schanghai",CN,31.23,121.47,15.8,1871,-0.14
Welt,"Schanghai",CN,31.23,121.47,15.8,1872,0.46
Welt,"Schanghai",CN,31.23,121.47,15.8,1873,0.02
Welt,"Schanghai",CN,31.23,121.47,15.8,1874,-0.13
Welt,"Schanghai",CN,31.23,121.47,15.8,1875,-0.07
Welt,"Schanghai",CN,31.23,121.47,15.8,1876,-0.04
Welt,"Schanghai",CN,31.23,121.47,15.8,1877,1.03
Welt,"Schanghai",CN,31.23,121.47,15.8,1878,1.18
Welt,"Schanghai",CN,31.23,121.47,15.8,1879,0.68
Welt,"Schanghai",CN,31.23,121.47,15.8,1880,0.14
Welt,"Schanghai",CN,31.23,121.47,15.8,1881,-0.33
Welt,"Schanghai",CN,31.23,121.47,15.8,1882,-0.13
Welt,"Schanghai",CN,31.23,121.47,15.8,1883,-0.73
Welt,"Schanghai",CN,31.23,121.47,15.8,1884,-0.79
Welt,"Schanghai",CN,31.23,121.47,15.8,1885,-1.04
Welt,"Schanghai",CN,31.23,121.47,15.8,1886,-1.16
Welt,"Schanghai",CN,31.23,121.47,15.8,1887,-1.12
Welt,"Schanghai",CN,31.23,121.47,15.8,1888,-0.54
Welt,"Schanghai",CN,31.23,121.47,15.8,1889,0.59
Welt,"Schanghai",CN,31.23,121.47,15.8,1890,-0.82
Welt,"Schanghai",CN,31.23,121.47,15.8,1891,-0.54
Welt,"Schanghai",CN,31.23,121.47,15.8,1892,-0.31
Welt,"Schanghai",CN,31.23,121.47,15.8,1893,-0.08
Welt,"Schanghai",CN,31.23,121.47,15.8,1894,-0.69
Welt,"Schanghai",CN,31.23,121.47,15.8,1895,-0.45
Welt,"Schanghai",CN,31.23,121.47,15.8,1896,-0.01
Welt,"Schanghai",CN,31.23,121.47,15.8,1897,-0.09
Welt,"Schanghai",CN,31.23,121.47,15.8,1898,0.51
Welt,"Schanghai",CN,31.23,121.47,15.8,1899,0.28
Welt,"Schanghai",CN,31.23,121.47,15.8,1900,0.27
Welt,"Schanghai",CN,31.23,121.47,15.8,1901,0.6
Welt,"Schanghai",CN,31.23,121.47,15.8,1902,0.24
Welt,"Schanghai",CN,31.23,121.47,15.8,1903,-0.93
Welt,"Schanghai",CN,31.23,121.47,15.8,1904,-0.06
Welt,"Schanghai",CN,31.23,121.47,15.8,1905,-0.37
Welt,"Schanghai",CN,31.23,121.47,15.8,1906,-0.78
Welt,"Schanghai",CN,31.23,121.47,15.8,1907,-0.75
Welt,"Schanghai",CN,31.23,121.47,15.8,1908,-1.56
Welt,"Schanghai",CN,31.23,121.47,15.8,1909,-1.36
Welt,"Schanghai",CN,31.23,121.47,15.8,1910,-0.53
Welt,"Schanghai",CN,31.23,121.47,15.8,1911,-0.14
Welt,"Schanghai",CN,31.23,121.47,15.8,1912,-0.43
Welt,"Schanghai",CN,31.23,121.47,15.8,1913,-0.38
Welt,"Schanghai",CN,31.23,121.47,15.8,1914,-0.06
Welt,"Schanghai",CN,31.23,121.47,15.8,1915,0.19
Welt,"Schanghai",CN,31.23,121.47,15.8,1916,0.19
Welt,"Schanghai",CN,31.23,121.47,15.8,1917,-0.59
Welt,"Schanghai",CN,31.23,121.47,15.8,1918,-0.37
Welt,"Schanghai",CN,31.23,121.47,15.8,1919,-0.14
Welt,"Schanghai",CN,31.23,121.47,15.8,1920,0.18
Welt,"Schanghai",CN,31.23,121.47,15.8,1921,-0.1
Welt,"Schanghai",CN,31.23,121.47,15.8,1922,0.54
Welt,"Schanghai",CN,31.23,121.47,15.8,1923,0.49
Welt,"Schanghai",CN,31.23,121.47,15.8,1924,0.24
Welt,"Schanghai",CN,31.23,121.47,15.8,1925,-0.77
Welt,"Schanghai",CN,31.23,121.47,15.8,1926,-0.14
Welt,"Schanghai",CN,31.23,121.47,15.8,1927,0.1
Welt,"Schanghai",CN,31.23,121.47,15.8,1928,0.64
Welt,"Schanghai",CN,31.23,121.47,15.8,1929,1.07
Welt,"Schanghai",CN,31.23,121.47,15.8,1930,-0.4
Welt,"Schanghai",CN,31.23,121.47,15.8,1931,-0.35
Welt,"Schanghai",CN,31.23,121.47,15.8,1932,-0.26
Welt,"Schanghai",CN,31.23,121.47,15.8,1933,-0.56
Welt,"Schanghai",CN,31.23,121.47,15.8,1934,0.33
Welt,"Schanghai",CN,31.23,121.47,15.8,1935,-0.21
Welt,"Schanghai",CN,31.23,121.47,15.8,1936,0.35
Welt,"Schanghai",CN,31.23,121.47,15.8,1937,0.28
Welt,"Schanghai",CN,31.23,121.47,15.8,1938,0.4
Welt,"Schanghai",CN,31.23,121.47,15.8,1939,0.16
Welt,"Schanghai",CN,31.23,121.47,15.8,1940,0.15
Welt,"Schanghai",CN,31.23,121.47,15.8,1941,0.18
Welt,"Schanghai",CN,31.23,121.47,15.8,1942,0.32
Welt,"Schanghai",CN,31.23,121.47,15.8,1943,0.18
Welt,"Schanghai",CN,31.23,121.47,15.8,1944,1.31
Welt,"Schanghai",CN,31.23,121.47,15.8,1945,0.79
Welt,"Schanghai",CN,31.23,121.47,15.8,1946,0.84
Welt,"Schanghai",CN,31.23,121.47,15.8,1947,-0.52
Welt,"Schanghai",CN,31.23,121.47,15.8,1948,0.34
Welt,"Schanghai",CN,31.23,121.47,15.8,1949,0.01
Welt,"Schanghai",CN,31.23,121.47,15.8,1950,0.18
Welt,"Schanghai",CN,31.23,121.47,15.8,1951,0.97
Welt,"Schanghai",CN,31.23,121.47,15.8,1952,1.52
Welt,"Schanghai",CN,31.23,121.47,15.8,1953,1.76
Welt,"Schanghai",CN,31.23,121.47,15.8,1954,0.26
Welt,"Schanghai",CN,31.23,121.47,15.8,1955,-0.17
Welt,"Schanghai",CN,31.23,121.47,15.8,1956,-0.4
Welt,"Schanghai",CN,31.23,121.47,15.8,1957,0.88
Welt,"Schanghai",CN,31.23,121.47,15.8,1958,-0.3
Welt,"Schanghai",CN,31.23,121.47,15.8,1959,0.25
Welt,"Schanghai",CN,31.23,121.47,15.8,1960,0.15
Welt,"Schanghai",CN,31.23,121.47,15.8,1961,-0.67
Welt,"Schanghai",CN,31.23,121.47,15.8,1962,0.46
Welt,"Schanghai",CN,31.23,121.47,15.8,1963,0.93
Welt,"Schanghai",CN,31.23,121.47,15.8,1964,-0.12
Welt,"Schanghai",CN,31.23,121.47,15.8,1965,0.59
Welt,"Schanghai",CN,31.23,121.47,15.8,1966,0.82
Welt,"Schanghai",CN,31.23,121.47,15.8,1967,0.16
Welt,"Schanghai",CN,31.23,121.47,15.8,1968,0.93
Welt,"Schanghai",CN,31.23,121.47,15.8,1969,0.03
Welt,"Schanghai",CN,31.23,121.47,15.8,1970,-0.84
Welt,"Schanghai",CN,31.23,121.47,15.8,1971,-0.83
Welt,"Schanghai",CN,31.23,121.47,15.8,1972,-0.49
Welt,"Schanghai",CN,31.23,121.47,15.8,1973,-0.9
Welt,"Schanghai",CN,31.23,121.47,15.8,1974,-0.73
Welt,"Schanghai",CN,31.23,121.47,15.8,1975,-0.14
Welt,"Schanghai",CN,31.23,121.47,15.8,1976,-0.23
Welt,"Schanghai",CN,31.23,121.47,15.8,1977,0.25
Welt,"Schanghai",CN,31.23,121.47,15.8,1978,-0.27
Welt,"Schanghai",CN,31.23,121.47,15.8,1979,0.22
Welt,"Schanghai",CN,31.23,121.47,15.8,1980,0.12
Welt,"Schanghai",CN,31.23,121.47,15.8,1981,-0.21
Welt,"Schanghai",CN,31.23,121.47,15.8,1982,0.31
Welt,"Schanghai",CN,31.23,121.47,15.8,1983,0.27
Welt,"Schanghai",CN,31.23,121.47,15.8,1984,-0.66
Welt,"Schanghai",CN,31.23,121.47,15.8,1985,0.01
Welt,"Schanghai",CN,31.23,121.47,15.8,1986,0.39
Welt,"Schanghai",CN,31.23,121.47,15.8,1987,0.88
Welt,"Schanghai",CN,31.23,121.47,15.8,1988,0.17
Welt,"Schanghai",CN,31.23,121.47,15.8,1989,-0.57
Welt,"Schanghai",CN,31.23,121.47,15.8,1990,0.11
Welt,"Schanghai",CN,31.23,121.47,15.8,1991,0.84
Welt,"Schanghai",CN,31.23,121.47,15.8,1992,-0.11
Welt,"Schanghai",CN,31.23,121.47,15.8,1993,0.73
Welt,"Schanghai",CN,31.23,121.47,15.8,1994,0.6
Welt,"Schanghai",CN,31.23,121.47,15.8,1995,0.98
Welt,"Schanghai",CN,31.23,121.47,15.8,1996,1.56
Welt,"Schanghai",CN,31.23,121.47,15.8,1997,0.69
Welt,"Schanghai",CN,31.23,121.47,15.8,1998,0.84
Welt,"Schanghai",CN,31.23,121.47,15.8,1999,0.98
Welt,"Schanghai",CN,31.23,121.47,15.8,2000,0.3
Welt,"Schanghai",CN,31.23,121.47,15.8,2001,1.25
Welt,"Schanghai",CN,31.23,121.47,15.8,2002,0.74
Welt,"Schanghai",CN,31.23,121.47,15.8,2003,1.32
Welt,"Schanghai",CN,31.23,121.47,15.8,2004,1.14
Welt,"Schanghai",CN,31.23,121.47,15.8,2005,1.69
Welt,"Schanghai",CN,31.23,121.47,15.8,2006,1.35
Welt,"Schanghai",CN,31.23,121.47,15.8,2007,1.04
Welt,"Schanghai",CN,31.23,121.47,15.8,2008,0.66
Welt,"Schanghai",CN,31.23,121.47,15.8,2009,0.2
Welt,"Schanghai",CN,31.23,121.47,15.8,2010,0.36
Welt,"Schanghai",CN,31.23,121.47,15.8,2011,0.34
Welt,"Schanghai",CN,31.23,121.47,15.8,2012,1.13
Welt,"Schanghai",CN,31.23,121.47,15.8,2013,1.89
Welt,"Schanghai",CN,31.23,121.47,15.8,2014,1.26
Welt,"Schanghai",CN,31.23,121.47,15.8,2015,1.46
Welt,"Schanghai",CN,31.23,121.47,15.8,2016,2.01
Welt,"Schanghai",CN,31.23,121.47,15.8,2017,1.2
Welt,"Schanghai",CN,31.23,121.47,15.8,2018,1.05
Welt,"Schanghai",CN,31.23,121.47,15.8,2019,1.27
Welt,"Schanghai",CN,31.23,121.47,15.8,2020,1.32
Welt,"Schanghai",CN,31.23,121.47,15.8,2021,1.41
Welt,"Schanghai",CN,31.23,121.47,15.8,2022,1.49
Welt,"Schanghai",CN,31.23,121.47,15.8,2023,1.5
Welt,"Schanghai",CN,31.23,121.47,15.8,2024,1.89
Welt,"Schanghai",CN,31.23,121.47,15.8,2025,1.72
Welt,"Kairo",EG,30.04,31.24,21.4,1850,-0.59
Welt,"Kairo",EG,30.04,31.24,21.4,1851,-0.14
Welt,"Kairo",EG,30.04,31.24,21.4,1852,-0.49
Welt,"Kairo",EG,30.04,31.24,21.4,1853,-0.72
Welt,"Kairo",EG,30.04,31.24,21.4,1854,-0.09
Welt,"Kairo",EG,30.04,31.24,21.4,1855,-0.13
Welt,"Kairo",EG,30.04,31.24,21.4,1856,-0.27
Welt,"Kairo",EG,30.04,31.24,21.4,1857,-1.05
Welt,"Kairo",EG,30.04,31.24,21.4,1858,-1.47
Welt,"Kairo",EG,30.04,31.24,21.4,1859,-0.22
Welt,"Kairo",EG,30.04,31.24,21.4,1860,-0.49
Welt,"Kairo",EG,30.04,31.24,21.4,1861,-0.7
Welt,"Kairo",EG,30.04,31.24,21.4,1862,-0.73
Welt,"Kairo",EG,30.04,31.24,21.4,1863,-0.65
Welt,"Kairo",EG,30.04,31.24,21.4,1864,0
Welt,"Kairo",EG,30.04,31.24,21.4,1865,0.06
Welt,"Kairo",EG,30.04,31.24,21.4,1866,-0.8
Welt,"Kairo",EG,30.04,31.24,21.4,1867,0.21
Welt,"Kairo",EG,30.04,31.24,21.4,1868,0.34
Welt,"Kairo",EG,30.04,31.24,21.4,1869,-0.58
Welt,"Kairo",EG,30.04,31.24,21.4,1870,-1.03
Welt,"Kairo",EG,30.04,31.24,21.4,1871,-0.58
Welt,"Kairo",EG,30.04,31.24,21.4,1872,-0.11
Welt,"Kairo",EG,30.04,31.24,21.4,1873,-0.94
Welt,"Kairo",EG,30.04,31.24,21.4,1874,-0.62
Welt,"Kairo",EG,30.04,31.24,21.4,1875,-0.41
Welt,"Kairo",EG,30.04,31.24,21.4,1876,-0.59
Welt,"Kairo",EG,30.04,31.24,21.4,1877,-0.43
Welt,"Kairo",EG,30.04,31.24,21.4,1878,-0.36
Welt,"Kairo",EG,30.04,31.24,21.4,1879,-0.11
Welt,"Kairo",EG,30.04,31.24,21.4,1880,-0.19
Welt,"Kairo",EG,30.04,31.24,21.4,1881,0.08
Welt,"Kairo",EG,30.04,31.24,21.4,1882,-0.3
Welt,"Kairo",EG,30.04,31.24,21.4,1883,-0.08
Welt,"Kairo",EG,30.04,31.24,21.4,1884,-0.22
Welt,"Kairo",EG,30.04,31.24,21.4,1885,-0.86
Welt,"Kairo",EG,30.04,31.24,21.4,1886,-0.24
Welt,"Kairo",EG,30.04,31.24,21.4,1887,-0.64
Welt,"Kairo",EG,30.04,31.24,21.4,1888,-0.45
Welt,"Kairo",EG,30.04,31.24,21.4,1889,-0.62
Welt,"Kairo",EG,30.04,31.24,21.4,1890,-0.72
Welt,"Kairo",EG,30.04,31.24,21.4,1891,-0.78
Welt,"Kairo",EG,30.04,31.24,21.4,1892,-0.63
Welt,"Kairo",EG,30.04,31.24,21.4,1893,-0.52
Welt,"Kairo",EG,30.04,31.24,21.4,1894,-0.62
Welt,"Kairo",EG,30.04,31.24,21.4,1895,0
Welt,"Kairo",EG,30.04,31.24,21.4,1896,0.48
Welt,"Kairo",EG,30.04,31.24,21.4,1897,-0.16
Welt,"Kairo",EG,30.04,31.24,21.4,1898,-0.67
Welt,"Kairo",EG,30.04,31.24,21.4,1899,-0.37
Welt,"Kairo",EG,30.04,31.24,21.4,1900,-0.27
Welt,"Kairo",EG,30.04,31.24,21.4,1901,-0.97
Welt,"Kairo",EG,30.04,31.24,21.4,1902,-0.84
Welt,"Kairo",EG,30.04,31.24,21.4,1903,-1.21
Welt,"Kairo",EG,30.04,31.24,21.4,1904,-0.94
Welt,"Kairo",EG,30.04,31.24,21.4,1905,-1.02
Welt,"Kairo",EG,30.04,31.24,21.4,1906,-0.04
Welt,"Kairo",EG,30.04,31.24,21.4,1907,-0.73
Welt,"Kairo",EG,30.04,31.24,21.4,1908,-0.88
Welt,"Kairo",EG,30.04,31.24,21.4,1909,-1.2
Welt,"Kairo",EG,30.04,31.24,21.4,1910,-1.53
Welt,"Kairo",EG,30.04,31.24,21.4,1911,-0.6
Welt,"Kairo",EG,30.04,31.24,21.4,1912,-0.94
Welt,"Kairo",EG,30.04,31.24,21.4,1913,-0.57
Welt,"Kairo",EG,30.04,31.24,21.4,1914,-0.65
Welt,"Kairo",EG,30.04,31.24,21.4,1915,0.32
Welt,"Kairo",EG,30.04,31.24,21.4,1916,-0.5
Welt,"Kairo",EG,30.04,31.24,21.4,1917,-0.2
Welt,"Kairo",EG,30.04,31.24,21.4,1918,0.08
Welt,"Kairo",EG,30.04,31.24,21.4,1919,-0.31
Welt,"Kairo",EG,30.04,31.24,21.4,1920,-0.52
Welt,"Kairo",EG,30.04,31.24,21.4,1921,-0.77
Welt,"Kairo",EG,30.04,31.24,21.4,1922,-0.73
Welt,"Kairo",EG,30.04,31.24,21.4,1923,-0.63
Welt,"Kairo",EG,30.04,31.24,21.4,1924,-0.35
Welt,"Kairo",EG,30.04,31.24,21.4,1925,-0.81
Welt,"Kairo",EG,30.04,31.24,21.4,1926,0.33
Welt,"Kairo",EG,30.04,31.24,21.4,1927,-0.44
Welt,"Kairo",EG,30.04,31.24,21.4,1928,0.24
Welt,"Kairo",EG,30.04,31.24,21.4,1929,0.11
Welt,"Kairo",EG,30.04,31.24,21.4,1930,0.52
Welt,"Kairo",EG,30.04,31.24,21.4,1931,-0.19
Welt,"Kairo",EG,30.04,31.24,21.4,1932,-0.2
Welt,"Kairo",EG,30.04,31.24,21.4,1933,-0.59
Welt,"Kairo",EG,30.04,31.24,21.4,1934,0.18
Welt,"Kairo",EG,30.04,31.24,21.4,1935,0.17
Welt,"Kairo",EG,30.04,31.24,21.4,1936,0.61
Welt,"Kairo",EG,30.04,31.24,21.4,1937,0.48
Welt,"Kairo",EG,30.04,31.24,21.4,1938,0.32
Welt,"Kairo",EG,30.04,31.24,21.4,1939,-0.63
Welt,"Kairo",EG,30.04,31.24,21.4,1940,-0.58
Welt,"Kairo",EG,30.04,31.24,21.4,1941,0.08
Welt,"Kairo",EG,30.04,31.24,21.4,1942,-0.3
Welt,"Kairo",EG,30.04,31.24,21.4,1943,0.04
Welt,"Kairo",EG,30.04,31.24,21.4,1944,-0.48
Welt,"Kairo",EG,30.04,31.24,21.4,1945,0.33
Welt,"Kairo",EG,30.04,31.24,21.4,1946,0.21
Welt,"Kairo",EG,30.04,31.24,21.4,1947,-0.52
Welt,"Kairo",EG,30.04,31.24,21.4,1948,0
Welt,"Kairo",EG,30.04,31.24,21.4,1949,-0.07
Welt,"Kairo",EG,30.04,31.24,21.4,1950,-0.06
Welt,"Kairo",EG,30.04,31.24,21.4,1951,-0.46
Welt,"Kairo",EG,30.04,31.24,21.4,1952,-0.23
Welt,"Kairo",EG,30.04,31.24,21.4,1953,-0.06
Welt,"Kairo",EG,30.04,31.24,21.4,1954,-0.7
Welt,"Kairo",EG,30.04,31.24,21.4,1955,-0.2
Welt,"Kairo",EG,30.04,31.24,21.4,1956,0.39
Welt,"Kairo",EG,30.04,31.24,21.4,1957,0.33
Welt,"Kairo",EG,30.04,31.24,21.4,1958,0.78
Welt,"Kairo",EG,30.04,31.24,21.4,1959,-0.11
Welt,"Kairo",EG,30.04,31.24,21.4,1960,-0.43
Welt,"Kairo",EG,30.04,31.24,21.4,1961,0.28
Welt,"Kairo",EG,30.04,31.24,21.4,1962,-0.4
Welt,"Kairo",EG,30.04,31.24,21.4,1963,-0.23
Welt,"Kairo",EG,30.04,31.24,21.4,1964,-0.83
Welt,"Kairo",EG,30.04,31.24,21.4,1965,-0.4
Welt,"Kairo",EG,30.04,31.24,21.4,1966,-0.37
Welt,"Kairo",EG,30.04,31.24,21.4,1967,-0.74
Welt,"Kairo",EG,30.04,31.24,21.4,1968,-0.08
Welt,"Kairo",EG,30.04,31.24,21.4,1969,0.7
Welt,"Kairo",EG,30.04,31.24,21.4,1970,0.56
Welt,"Kairo",EG,30.04,31.24,21.4,1971,0.47
Welt,"Kairo",EG,30.04,31.24,21.4,1972,0.01
Welt,"Kairo",EG,30.04,31.24,21.4,1973,-0.36
Welt,"Kairo",EG,30.04,31.24,21.4,1974,-0.32
Welt,"Kairo",EG,30.04,31.24,21.4,1975,0.1
Welt,"Kairo",EG,30.04,31.24,21.4,1976,-0.41
Welt,"Kairo",EG,30.04,31.24,21.4,1977,-0.47
Welt,"Kairo",EG,30.04,31.24,21.4,1978,-0.88
Welt,"Kairo",EG,30.04,31.24,21.4,1979,-0.84
Welt,"Kairo",EG,30.04,31.24,21.4,1980,-0.07
Welt,"Kairo",EG,30.04,31.24,21.4,1981,0.51
Welt,"Kairo",EG,30.04,31.24,21.4,1982,0.46
Welt,"Kairo",EG,30.04,31.24,21.4,1983,0.75
Welt,"Kairo",EG,30.04,31.24,21.4,1984,0.42
Welt,"Kairo",EG,30.04,31.24,21.4,1985,0.86
Welt,"Kairo",EG,30.04,31.24,21.4,1986,-0.03
Welt,"Kairo",EG,30.04,31.24,21.4,1987,0.4
Welt,"Kairo",EG,30.04,31.24,21.4,1988,0.37
Welt,"Kairo",EG,30.04,31.24,21.4,1989,-0.08
Welt,"Kairo",EG,30.04,31.24,21.4,1990,0.64
Welt,"Kairo",EG,30.04,31.24,21.4,1991,0.9
Welt,"Kairo",EG,30.04,31.24,21.4,1992,0.69
Welt,"Kairo",EG,30.04,31.24,21.4,1993,0.35
Welt,"Kairo",EG,30.04,31.24,21.4,1994,0.31
Welt,"Kairo",EG,30.04,31.24,21.4,1995,0.67
Welt,"Kairo",EG,30.04,31.24,21.4,1996,1.16
Welt,"Kairo",EG,30.04,31.24,21.4,1997,0.74
Welt,"Kairo",EG,30.04,31.24,21.4,1998,0.76
Welt,"Kairo",EG,30.04,31.24,21.4,1999,1.05
Welt,"Kairo",EG,30.04,31.24,21.4,2000,0.91
Welt,"Kairo",EG,30.04,31.24,21.4,2001,0.78
Welt,"Kairo",EG,30.04,31.24,21.4,2002,0.62
Welt,"Kairo",EG,30.04,31.24,21.4,2003,1.24
Welt,"Kairo",EG,30.04,31.24,21.4,2004,0.51
Welt,"Kairo",EG,30.04,31.24,21.4,2005,0.98
Welt,"Kairo",EG,30.04,31.24,21.4,2006,0.39
Welt,"Kairo",EG,30.04,31.24,21.4,2007,0.77
Welt,"Kairo",EG,30.04,31.24,21.4,2008,1.06
Welt,"Kairo",EG,30.04,31.24,21.4,2009,1.27
Welt,"Kairo",EG,30.04,31.24,21.4,2010,1.05
Welt,"Kairo",EG,30.04,31.24,21.4,2011,0.77
Welt,"Kairo",EG,30.04,31.24,21.4,2012,0.32
Welt,"Kairo",EG,30.04,31.24,21.4,2013,1.21
Welt,"Kairo",EG,30.04,31.24,21.4,2014,0.99
Welt,"Kairo",EG,30.04,31.24,21.4,2015,0.95
Welt,"Kairo",EG,30.04,31.24,21.4,2016,1.59
Welt,"Kairo",EG,30.04,31.24,21.4,2017,1.41
Welt,"Kairo",EG,30.04,31.24,21.4,2018,0.75
Welt,"Kairo",EG,30.04,31.24,21.4,2019,0.69
Welt,"Kairo",EG,30.04,31.24,21.4,2020,1.36
Welt,"Kairo",EG,30.04,31.24,21.4,2021,0.61
Welt,"Kairo",EG,30.04,31.24,21.4,2022,0.3
Welt,"Kairo",EG,30.04,31.24,21.4,2023,0.63
Welt,"Kairo",EG,30.04,31.24,21.4,2024,1.21
Welt,"Kairo",EG,30.04,31.24,21.4,2025,1.34
Welt,"Neu-Delhi",IN,28.61,77.21,25,1850,0.24
Welt,"Neu-Delhi",IN,28.61,77.21,25,1851,0.37
Welt,"Neu-Delhi",IN,28.61,77.21,25,1852,0.94
Welt,"Neu-Delhi",IN,28.61,77.21,25,1853,1.08
Welt,"Neu-Delhi",IN,28.61,77.21,25,1854,0.73
Welt,"Neu-Delhi",IN,28.61,77.21,25,1855,-0.07
Welt,"Neu-Delhi",IN,28.61,77.21,25,1856,-0.26
Welt,"Neu-Delhi",IN,28.61,77.21,25,1857,-0.96
Welt,"Neu-Delhi",IN,28.61,77.21,25,1858,-0.07
Welt,"Neu-Delhi",IN,28.61,77.21,25,1859,-0.46
Welt,"Neu-Delhi",IN,28.61,77.21,25,1860,-1.15
Welt,"Neu-Delhi",IN,28.61,77.21,25,1861,-0.53
Welt,"Neu-Delhi",IN,28.61,77.21,25,1862,-0.72
Welt,"Neu-Delhi",IN,28.61,77.21,25,1863,0.21
Welt,"Neu-Delhi",IN,28.61,77.21,25,1864,-0.37
Welt,"Neu-Delhi",IN,28.61,77.21,25,1865,-1.12
Welt,"Neu-Delhi",IN,28.61,77.21,25,1866,-0.94
Welt,"Neu-Delhi",IN,28.61,77.21,25,1867,-0.07
Welt,"Neu-Delhi",IN,28.61,77.21,25,1868,0
Welt,"Neu-Delhi",IN,28.61,77.21,25,1869,-0.86
Welt,"Neu-Delhi",IN,28.61,77.21,25,1870,-0.52
Welt,"Neu-Delhi",IN,28.61,77.21,25,1871,-0.53
Welt,"Neu-Delhi",IN,28.61,77.21,25,1872,-0.82
Welt,"Neu-Delhi",IN,28.61,77.21,25,1873,-0.96
Welt,"Neu-Delhi",IN,28.61,77.21,25,1874,-0.65
Welt,"Neu-Delhi",IN,28.61,77.21,25,1875,-1.19
Welt,"Neu-Delhi",IN,28.61,77.21,25,1876,-0.91
Welt,"Neu-Delhi",IN,28.61,77.21,25,1877,-0.14
Welt,"Neu-Delhi",IN,28.61,77.21,25,1878,0.39
Welt,"Neu-Delhi",IN,28.61,77.21,25,1879,0.14
Welt,"Neu-Delhi",IN,28.61,77.21,25,1880,0.58
Welt,"Neu-Delhi",IN,28.61,77.21,25,1881,-0.02
Welt,"Neu-Delhi",IN,28.61,77.21,25,1882,0.38
Welt,"Neu-Delhi",IN,28.61,77.21,25,1883,0.54
Welt,"Neu-Delhi",IN,28.61,77.21,25,1884,0.63
Welt,"Neu-Delhi",IN,28.61,77.21,25,1885,0.29
Welt,"Neu-Delhi",IN,28.61,77.21,25,1886,0.02
Welt,"Neu-Delhi",IN,28.61,77.21,25,1887,-0.77
Welt,"Neu-Delhi",IN,28.61,77.21,25,1888,-0.1
Welt,"Neu-Delhi",IN,28.61,77.21,25,1889,-0.11
Welt,"Neu-Delhi",IN,28.61,77.21,25,1890,0.04
Welt,"Neu-Delhi",IN,28.61,77.21,25,1891,-0.28
Welt,"Neu-Delhi",IN,28.61,77.21,25,1892,0.33
Welt,"Neu-Delhi",IN,28.61,77.21,25,1893,-0.01
Welt,"Neu-Delhi",IN,28.61,77.21,25,1894,-0.52
Welt,"Neu-Delhi",IN,28.61,77.21,25,1895,-0.67
Welt,"Neu-Delhi",IN,28.61,77.21,25,1896,-0.34
Welt,"Neu-Delhi",IN,28.61,77.21,25,1897,-0.06
Welt,"Neu-Delhi",IN,28.61,77.21,25,1898,-0.79
Welt,"Neu-Delhi",IN,28.61,77.21,25,1899,-0.99
Welt,"Neu-Delhi",IN,28.61,77.21,25,1900,0.36
Welt,"Neu-Delhi",IN,28.61,77.21,25,1901,0.1
Welt,"Neu-Delhi",IN,28.61,77.21,25,1902,0.51
Welt,"Neu-Delhi",IN,28.61,77.21,25,1903,-0.37
Welt,"Neu-Delhi",IN,28.61,77.21,25,1904,-0.35
Welt,"Neu-Delhi",IN,28.61,77.21,25,1905,0.07
Welt,"Neu-Delhi",IN,28.61,77.21,25,1906,-0.25
Welt,"Neu-Delhi",IN,28.61,77.21,25,1907,-0.83
Welt,"Neu-Delhi",IN,28.61,77.21,25,1908,-0.76
Welt,"Neu-Delhi",IN,28.61,77.21,25,1909,-0.63
Welt,"Neu-Delhi",IN,28.61,77.21,25,1910,-0.07
Welt,"Neu-Delhi",IN,28.61,77.21,25,1911,0.41
Welt,"Neu-Delhi",IN,28.61,77.21,25,1912,0.23
Welt,"Neu-Delhi",IN,28.61,77.21,25,1913,0.49
Welt,"Neu-Delhi",IN,28.61,77.21,25,1914,0.68
Welt,"Neu-Delhi",IN,28.61,77.21,25,1915,0.79
Welt,"Neu-Delhi",IN,28.61,77.21,25,1916,0
Welt,"Neu-Delhi",IN,28.61,77.21,25,1917,-0.2
Welt,"Neu-Delhi",IN,28.61,77.21,25,1918,-0.48
Welt,"Neu-Delhi",IN,28.61,77.21,25,1919,0.35
Welt,"Neu-Delhi",IN,28.61,77.21,25,1920,0.14
Welt,"Neu-Delhi",IN,28.61,77.21,25,1921,-0.51
Welt,"Neu-Delhi",IN,28.61,77.21,25,1922,-0.02
Welt,"Neu-Delhi",IN,28.61,77.21,25,1923,-0.53
Welt,"Neu-Delhi",IN,28.61,77.21,25,1924,-0.66
Welt,"Neu-Delhi",IN,28.61,77.21,25,1925,-0.72
Welt,"Neu-Delhi",IN,28.61,77.21,25,1926,-0.76
Welt,"Neu-Delhi",IN,28.61,77.21,25,1927,-0.94
Welt,"Neu-Delhi",IN,28.61,77.21,25,1928,-0.49
Welt,"Neu-Delhi",IN,28.61,77.21,25,1929,-0.86
Welt,"Neu-Delhi",IN,28.61,77.21,25,1930,0.05
Welt,"Neu-Delhi",IN,28.61,77.21,25,1931,-0.13
Welt,"Neu-Delhi",IN,28.61,77.21,25,1932,-0.15
Welt,"Neu-Delhi",IN,28.61,77.21,25,1933,-1.02
Welt,"Neu-Delhi",IN,28.61,77.21,25,1934,-0.01
Welt,"Neu-Delhi",IN,28.61,77.21,25,1935,-0.22
Welt,"Neu-Delhi",IN,28.61,77.21,25,1936,-0.05
Welt,"Neu-Delhi",IN,28.61,77.21,25,1937,-0.1
Welt,"Neu-Delhi",IN,28.61,77.21,25,1938,-0.21
Welt,"Neu-Delhi",IN,28.61,77.21,25,1939,-0.09
Welt,"Neu-Delhi",IN,28.61,77.21,25,1940,0.49
Welt,"Neu-Delhi",IN,28.61,77.21,25,1941,0.25
Welt,"Neu-Delhi",IN,28.61,77.21,25,1942,-0.6
Welt,"Neu-Delhi",IN,28.61,77.21,25,1943,-0.38
Welt,"Neu-Delhi",IN,28.61,77.21,25,1944,-0.71
Welt,"Neu-Delhi",IN,28.61,77.21,25,1945,-0.2
Welt,"Neu-Delhi",IN,28.61,77.21,25,1946,-0.22
Welt,"Neu-Delhi",IN,28.61,77.21,25,1947,0.11
Welt,"Neu-Delhi",IN,28.61,77.21,25,1948,-0.22
Welt,"Neu-Delhi",IN,28.61,77.21,25,1949,-0.83
Welt,"Neu-Delhi",IN,28.61,77.21,25,1950,-0.38
Welt,"Neu-Delhi",IN,28.61,77.21,25,1951,-0.27
Welt,"Neu-Delhi",IN,28.61,77.21,25,1952,-0.1
Welt,"Neu-Delhi",IN,28.61,77.21,25,1953,0.1
Welt,"Neu-Delhi",IN,28.61,77.21,25,1954,-0.45
Welt,"Neu-Delhi",IN,28.61,77.21,25,1955,-0.86
Welt,"Neu-Delhi",IN,28.61,77.21,25,1956,0.03
Welt,"Neu-Delhi",IN,28.61,77.21,25,1957,-0.64
Welt,"Neu-Delhi",IN,28.61,77.21,25,1958,-0.68
Welt,"Neu-Delhi",IN,28.61,77.21,25,1959,-0.19
Welt,"Neu-Delhi",IN,28.61,77.21,25,1960,-0.32
Welt,"Neu-Delhi",IN,28.61,77.21,25,1961,-0.86
Welt,"Neu-Delhi",IN,28.61,77.21,25,1962,-1.23
Welt,"Neu-Delhi",IN,28.61,77.21,25,1963,-0.39
Welt,"Neu-Delhi",IN,28.61,77.21,25,1964,-0.7
Welt,"Neu-Delhi",IN,28.61,77.21,25,1965,-0.79
Welt,"Neu-Delhi",IN,28.61,77.21,25,1966,0.16
Welt,"Neu-Delhi",IN,28.61,77.21,25,1967,0.45
Welt,"Neu-Delhi",IN,28.61,77.21,25,1968,-0.66
Welt,"Neu-Delhi",IN,28.61,77.21,25,1969,-0.16
Welt,"Neu-Delhi",IN,28.61,77.21,25,1970,0.5
Welt,"Neu-Delhi",IN,28.61,77.21,25,1971,0.42
Welt,"Neu-Delhi",IN,28.61,77.21,25,1972,0.18
Welt,"Neu-Delhi",IN,28.61,77.21,25,1973,-0.16
Welt,"Neu-Delhi",IN,28.61,77.21,25,1974,-0.05
Welt,"Neu-Delhi",IN,28.61,77.21,25,1975,-0.43
Welt,"Neu-Delhi",IN,28.61,77.21,25,1976,-0.53
Welt,"Neu-Delhi",IN,28.61,77.21,25,1977,-0.16
Welt,"Neu-Delhi",IN,28.61,77.21,25,1978,-0.04
Welt,"Neu-Delhi",IN,28.61,77.21,25,1979,0.08
Welt,"Neu-Delhi",IN,28.61,77.21,25,1980,0.39
Welt,"Neu-Delhi",IN,28.61,77.21,25,1981,0.49
Welt,"Neu-Delhi",IN,28.61,77.21,25,1982,-0.69
Welt,"Neu-Delhi",IN,28.61,77.21,25,1983,-0.09
Welt,"Neu-Delhi",IN,28.61,77.21,25,1984,-0.16
Welt,"Neu-Delhi",IN,28.61,77.21,25,1985,0.86
Welt,"Neu-Delhi",IN,28.61,77.21,25,1986,0.69
Welt,"Neu-Delhi",IN,28.61,77.21,25,1987,0.71
Welt,"Neu-Delhi",IN,28.61,77.21,25,1988,1.3
Welt,"Neu-Delhi",IN,28.61,77.21,25,1989,0.6
Welt,"Neu-Delhi",IN,28.61,77.21,25,1990,0.28
Welt,"Neu-Delhi",IN,28.61,77.21,25,1991,-0.24
Welt,"Neu-Delhi",IN,28.61,77.21,25,1992,-0.29
Welt,"Neu-Delhi",IN,28.61,77.21,25,1993,0.1
Welt,"Neu-Delhi",IN,28.61,77.21,25,1994,0.55
Welt,"Neu-Delhi",IN,28.61,77.21,25,1995,0.05
Welt,"Neu-Delhi",IN,28.61,77.21,25,1996,-0.17
Welt,"Neu-Delhi",IN,28.61,77.21,25,1997,0.15
Welt,"Neu-Delhi",IN,28.61,77.21,25,1998,0.82
Welt,"Neu-Delhi",IN,28.61,77.21,25,1999,0.7
Welt,"Neu-Delhi",IN,28.61,77.21,25,2000,0.86
Welt,"Neu-Delhi",IN,28.61,77.21,25,2001,1.15
Welt,"Neu-Delhi",IN,28.61,77.21,25,2002,0.84
Welt,"Neu-Delhi",IN,28.61,77.21,25,2003,0.55
Welt,"Neu-Delhi",IN,28.61,77.21,25,2004,-0.23
Welt,"Neu-Delhi",IN,28.61,77.21,25,2005,-0.19
Welt,"Neu-Delhi",IN,28.61,77.21,25,2006,-0.16
Welt,"Neu-Delhi",IN,28.61,77.21,25,2007,0.75
Welt,"Neu-Delhi",IN,28.61,77.21,25,2008,0.07
Welt,"Neu-Delhi",IN,28.61,77.21,25,2009,0.59
Welt,"Neu-Delhi",IN,28.61,77.21,25,2010,1.6
Welt,"Neu-Delhi",IN,28.61,77.21,25,2011,0.07
Welt,"Neu-Delhi",IN,28.61,77.21,25,2012,-0.07
Welt,"Neu-Delhi",IN,28.61,77.21,25,2013,-0.43
Welt,"Neu-Delhi",IN,28.61,77.21,25,2014,-0.09
Welt,"Neu-Delhi",IN,28.61,77.21,25,2015,0.34
Welt,"Neu-Delhi",IN,28.61,77.21,25,2016,1.45
Welt,"Neu-Delhi",IN,28.61,77.21,25,2017,1.17
Welt,"Neu-Delhi",IN,28.61,77.21,25,2018,1.06
Welt,"Neu-Delhi",IN,28.61,77.21,25,2019,0.91
Welt,"Neu-Delhi",IN,28.61,77.21,25,2020,1.3
Welt,"Neu-Delhi",IN,28.61,77.21,25,2021,0.95
Welt,"Neu-Delhi",IN,28.61,77.21,25,2022,0.77
Welt,"Neu-Delhi",IN,28.61,77.21,25,2023,0.94
Welt,"Neu-Delhi",IN,28.61,77.21,25,2024,1.47
Welt,"Neu-Delhi",IN,28.61,77.21,25,2025,1.39
Welt,"Riad",SA,24.71,46.68,25.7,1850,-0.35
Welt,"Riad",SA,24.71,46.68,25.7,1851,-0.06
Welt,"Riad",SA,24.71,46.68,25.7,1852,0.49
Welt,"Riad",SA,24.71,46.68,25.7,1853,-0.34
Welt,"Riad",SA,24.71,46.68,25.7,1854,-0.19
Welt,"Riad",SA,24.71,46.68,25.7,1855,-0.92
Welt,"Riad",SA,24.71,46.68,25.7,1856,-1
Welt,"Riad",SA,24.71,46.68,25.7,1857,-1.38
Welt,"Riad",SA,24.71,46.68,25.7,1858,-0.95
Welt,"Riad",SA,24.71,46.68,25.7,1859,-0.47
Welt,"Riad",SA,24.71,46.68,25.7,1860,-0.66
Welt,"Riad",SA,24.71,46.68,25.7,1861,-0.69
Welt,"Riad",SA,24.71,46.68,25.7,1862,-0.86
Welt,"Riad",SA,24.71,46.68,25.7,1863,-1.24
Welt,"Riad",SA,24.71,46.68,25.7,1864,-1.82
Welt,"Riad",SA,24.71,46.68,25.7,1865,-0.88
Welt,"Riad",SA,24.71,46.68,25.7,1866,-0.25
Welt,"Riad",SA,24.71,46.68,25.7,1867,-0.25
Welt,"Riad",SA,24.71,46.68,25.7,1868,-0.87
Welt,"Riad",SA,24.71,46.68,25.7,1869,-0.73
Welt,"Riad",SA,24.71,46.68,25.7,1870,-0.33
Welt,"Riad",SA,24.71,46.68,25.7,1871,-0.33
Welt,"Riad",SA,24.71,46.68,25.7,1872,0.29
Welt,"Riad",SA,24.71,46.68,25.7,1873,-0.29
Welt,"Riad",SA,24.71,46.68,25.7,1874,-0.79
Welt,"Riad",SA,24.71,46.68,25.7,1875,-0.06
Welt,"Riad",SA,24.71,46.68,25.7,1876,-0.52
Welt,"Riad",SA,24.71,46.68,25.7,1877,-0.07
Welt,"Riad",SA,24.71,46.68,25.7,1878,-0.65
Welt,"Riad",SA,24.71,46.68,25.7,1879,-0.43
Welt,"Riad",SA,24.71,46.68,25.7,1880,-0.56
Welt,"Riad",SA,24.71,46.68,25.7,1881,-0.3
Welt,"Riad",SA,24.71,46.68,25.7,1882,-0.4
Welt,"Riad",SA,24.71,46.68,25.7,1883,-0.21
Welt,"Riad",SA,24.71,46.68,25.7,1884,-0.54
Welt,"Riad",SA,24.71,46.68,25.7,1885,-0.88
Welt,"Riad",SA,24.71,46.68,25.7,1886,-0.13
Welt,"Riad",SA,24.71,46.68,25.7,1887,-1.15
Welt,"Riad",SA,24.71,46.68,25.7,1888,-0.77
Welt,"Riad",SA,24.71,46.68,25.7,1889,-0.89
Welt,"Riad",SA,24.71,46.68,25.7,1890,-1.18
Welt,"Riad",SA,24.71,46.68,25.7,1891,-0.05
Welt,"Riad",SA,24.71,46.68,25.7,1892,-1.08
Welt,"Riad",SA,24.71,46.68,25.7,1893,-1.61
Welt,"Riad",SA,24.71,46.68,25.7,1894,-1.12
Welt,"Riad",SA,24.71,46.68,25.7,1895,-1.41
Welt,"Riad",SA,24.71,46.68,25.7,1896,-1.05
Welt,"Riad",SA,24.71,46.68,25.7,1897,-0.62
Welt,"Riad",SA,24.71,46.68,25.7,1898,-1.36
Welt,"Riad",SA,24.71,46.68,25.7,1899,-0.78
Welt,"Riad",SA,24.71,46.68,25.7,1900,-0.26
Welt,"Riad",SA,24.71,46.68,25.7,1901,0.32
Welt,"Riad",SA,24.71,46.68,25.7,1902,-0.56
Welt,"Riad",SA,24.71,46.68,25.7,1903,-1.04
Welt,"Riad",SA,24.71,46.68,25.7,1904,-0.3
Welt,"Riad",SA,24.71,46.68,25.7,1905,-0.79
Welt,"Riad",SA,24.71,46.68,25.7,1906,-0.23
Welt,"Riad",SA,24.71,46.68,25.7,1907,-0.01
Welt,"Riad",SA,24.71,46.68,25.7,1908,-0.93
Welt,"Riad",SA,24.71,46.68,25.7,1909,-0.39
Welt,"Riad",SA,24.71,46.68,25.7,1910,-1.19
Welt,"Riad",SA,24.71,46.68,25.7,1911,-0.54
Welt,"Riad",SA,24.71,46.68,25.7,1912,-1.17
Welt,"Riad",SA,24.71,46.68,25.7,1913,-1.71
Welt,"Riad",SA,24.71,46.68,25.7,1914,-0.94
Welt,"Riad",SA,24.71,46.68,25.7,1915,-0.55
Welt,"Riad",SA,24.71,46.68,25.7,1916,-0.13
Welt,"Riad",SA,24.71,46.68,25.7,1917,-0.4
Welt,"Riad",SA,24.71,46.68,25.7,1918,-0.9
Welt,"Riad",SA,24.71,46.68,25.7,1919,0.27
Welt,"Riad",SA,24.71,46.68,25.7,1920,-0.36
Welt,"Riad",SA,24.71,46.68,25.7,1921,-0.49
Welt,"Riad",SA,24.71,46.68,25.7,1922,-0.04
Welt,"Riad",SA,24.71,46.68,25.7,1923,-0.4
Welt,"Riad",SA,24.71,46.68,25.7,1924,-1.27
Welt,"Riad",SA,24.71,46.68,25.7,1925,-1.05
Welt,"Riad",SA,24.71,46.68,25.7,1926,-0.75
Welt,"Riad",SA,24.71,46.68,25.7,1927,-0.5
Welt,"Riad",SA,24.71,46.68,25.7,1928,0.17
Welt,"Riad",SA,24.71,46.68,25.7,1929,-0.52
Welt,"Riad",SA,24.71,46.68,25.7,1930,-0.17
Welt,"Riad",SA,24.71,46.68,25.7,1931,0.16
Welt,"Riad",SA,24.71,46.68,25.7,1932,-0.17
Welt,"Riad",SA,24.71,46.68,25.7,1933,0.29
Welt,"Riad",SA,24.71,46.68,25.7,1934,-0.28
Welt,"Riad",SA,24.71,46.68,25.7,1935,-0.54
Welt,"Riad",SA,24.71,46.68,25.7,1936,-0.84
Welt,"Riad",SA,24.71,46.68,25.7,1937,-1.12
Welt,"Riad",SA,24.71,46.68,25.7,1938,-0.09
Welt,"Riad",SA,24.71,46.68,25.7,1939,-0.39
Welt,"Riad",SA,24.71,46.68,25.7,1940,0.32
Welt,"Riad",SA,24.71,46.68,25.7,1941,0.89
Welt,"Riad",SA,24.71,46.68,25.7,1942,0.22
Welt,"Riad",SA,24.71,46.68,25.7,1943,-0.67
Welt,"Riad",SA,24.71,46.68,25.7,1944,-0.33
Welt,"Riad",SA,24.71,46.68,25.7,1945,0.44
Welt,"Riad",SA,24.71,46.68,25.7,1946,0.22
Welt,"Riad",SA,24.71,46.68,25.7,1947,0.18
Welt,"Riad",SA,24.71,46.68,25.7,1948,-0.87
Welt,"Riad",SA,24.71,46.68,25.7,1949,-0.14
Welt,"Riad",SA,24.71,46.68,25.7,1950,0.5
Welt,"Riad",SA,24.71,46.68,25.7,1951,-0.41
Welt,"Riad",SA,24.71,46.68,25.7,1952,0.05
Welt,"Riad",SA,24.71,46.68,25.7,1953,-0.34
Welt,"Riad",SA,24.71,46.68,25.7,1954,-0.72
Welt,"Riad",SA,24.71,46.68,25.7,1955,-0.91
Welt,"Riad",SA,24.71,46.68,25.7,1956,0.32
Welt,"Riad",SA,24.71,46.68,25.7,1957,0.01
Welt,"Riad",SA,24.71,46.68,25.7,1958,-0.01
Welt,"Riad",SA,24.71,46.68,25.7,1959,0.01
Welt,"Riad",SA,24.71,46.68,25.7,1960,0.53
Welt,"Riad",SA,24.71,46.68,25.7,1961,-0.04
Welt,"Riad",SA,24.71,46.68,25.7,1962,0.64
Welt,"Riad",SA,24.71,46.68,25.7,1963,-0.61
Welt,"Riad",SA,24.71,46.68,25.7,1964,-0.43
Welt,"Riad",SA,24.71,46.68,25.7,1965,-0.23
Welt,"Riad",SA,24.71,46.68,25.7,1966,-0.49
Welt,"Riad",SA,24.71,46.68,25.7,1967,-0.11
Welt,"Riad",SA,24.71,46.68,25.7,1968,0.2
Welt,"Riad",SA,24.71,46.68,25.7,1969,-0.2
Welt,"Riad",SA,24.71,46.68,25.7,1970,0.12
Welt,"Riad",SA,24.71,46.68,25.7,1971,-0.58
Welt,"Riad",SA,24.71,46.68,25.7,1972,0.14
Welt,"Riad",SA,24.71,46.68,25.7,1973,0.16
Welt,"Riad",SA,24.71,46.68,25.7,1974,-0.4
Welt,"Riad",SA,24.71,46.68,25.7,1975,-0.46
Welt,"Riad",SA,24.71,46.68,25.7,1976,-1.01
Welt,"Riad",SA,24.71,46.68,25.7,1977,-0.14
Welt,"Riad",SA,24.71,46.68,25.7,1978,-0.51
Welt,"Riad",SA,24.71,46.68,25.7,1979,0.12
Welt,"Riad",SA,24.71,46.68,25.7,1980,1.06
Welt,"Riad",SA,24.71,46.68,25.7,1981,-0.15
Welt,"Riad",SA,24.71,46.68,25.7,1982,0.4
Welt,"Riad",SA,24.71,46.68,25.7,1983,-0.09
Welt,"Riad",SA,24.71,46.68,25.7,1984,0.26
Welt,"Riad",SA,24.71,46.68,25.7,1985,-0.07
Welt,"Riad",SA,24.71,46.68,25.7,1986,0.26
Welt,"Riad",SA,24.71,46.68,25.7,1987,0.78
Welt,"Riad",SA,24.71,46.68,25.7,1988,-0.28
Welt,"Riad",SA,24.71,46.68,25.7,1989,0.5
Welt,"Riad",SA,24.71,46.68,25.7,1990,1.16
Welt,"Riad",SA,24.71,46.68,25.7,1991,1.47
Welt,"Riad",SA,24.71,46.68,25.7,1992,1.36
Welt,"Riad",SA,24.71,46.68,25.7,1993,0.45
Welt,"Riad",SA,24.71,46.68,25.7,1994,0.71
Welt,"Riad",SA,24.71,46.68,25.7,1995,0.73
Welt,"Riad",SA,24.71,46.68,25.7,1996,0.52
Welt,"Riad",SA,24.71,46.68,25.7,1997,0.52
Welt,"Riad",SA,24.71,46.68,25.7,1998,0.63
Welt,"Riad",SA,24.71,46.68,25.7,1999,0.13
Welt,"Riad",SA,24.71,46.68,25.7,2000,0.13
Welt,"Riad",SA,24.71,46.68,25.7,2001,0.02
Welt,"Riad",SA,24.71,46.68,25.7,2002,0.61
Welt,"Riad",SA,24.71,46.68,25.7,2003,0.12
Welt,"Riad",SA,24.71,46.68,25.7,2004,0.52
Welt,"Riad",SA,24.71,46.68,25.7,2005,1.23
Welt,"Riad",SA,24.71,46.68,25.7,2006,1.07
Welt,"Riad",SA,24.71,46.68,25.7,2007,0.81
Welt,"Riad",SA,24.71,46.68,25.7,2008,1.21
Welt,"Riad",SA,24.71,46.68,25.7,2009,0.55
Welt,"Riad",SA,24.71,46.68,25.7,2010,0.56
Welt,"Riad",SA,24.71,46.68,25.7,2011,0.11
Welt,"Riad",SA,24.71,46.68,25.7,2012,1.23
Welt,"Riad",SA,24.71,46.68,25.7,2013,0.92
Welt,"Riad",SA,24.71,46.68,25.7,2014,0.48
Welt,"Riad",SA,24.71,46.68,25.7,2015,0.73
Welt,"Riad",SA,24.71,46.68,25.7,2016,1.15
Welt,"Riad",SA,24.71,46.68,25.7,2017,1.26
Welt,"Riad",SA,24.71,46.68,25.7,2018,1.48
Welt,"Riad",SA,24.71,46.68,25.7,2019,1.77
Welt,"Riad",SA,24.71,46.68,25.7,2020,1.48
Welt,"Riad",SA,24.71,46.68,25.7,2021,1.43
Welt,"Riad",SA,24.71,46.68,25.7,2022,0.92
Welt,"Riad",SA,24.71,46.68,25.7,2023,1.96
Welt,"Riad",SA,24.71,46.68,25.7,2024,2.27
Welt,"Riad",SA,24.71,46.68,25.7,2025,2.15
Welt,"Mexiko-Stadt",MX,19.43,-99.13,15.9,1850,0.05
Welt,"Mexiko-Stadt",MX,19.43,-99.13,15.9,1851,-0.32
Welt,"Mexiko-Stadt",MX,19.43,-99.13,15.9,1852,-0.61
Welt,"Mexiko-Stadt",MX,19.43,-99.13,15.9,1853,-1.22
Welt,"Mexiko-Stadt",MX,19.43,-99.13,15.9,1854,-1.15
Welt,"Mexiko-Stadt",MX,19.43,-99.13,15.9,1855,-1.13
Welt,"Mexiko-Stadt",MX,19.43,-99.13,15.9,1856,0.11
Welt,"Mexiko-Stadt",MX,19.43,-99.13,15.9,1857,-0.01
Welt,"Mexiko-Stadt",MX,19.43,-99.13,15.9,1858,-0.9
Welt,"Mexiko-Stadt",MX,19.43,-99.13,15.9,1859,-0.27
Welt,"Mexiko-Stadt",MX,19.43,-99.13,15.9,1860,-0.8
Welt,"Mexiko-Stadt",MX,19.43,-99.13,15.9,1861,-0.33
Welt,"Mexiko-Stadt",MX,19.43,-99.13,15.9,1862,-0.51
Welt,"Mexiko-Stadt",MX,19.43,-99.13,15.9,1863,-1.33
Welt,"Mexiko-Stadt",MX,19.43,-99.13,15.9,1864,-1.01
Welt,"Mexiko-Stadt",MX,19.43,-99.13,15.9,1865,-0.63
Welt,"Mexiko-Stadt",MX,19.43,-99.13,15.9,1866,-0.49
Welt,"Mexiko-Stadt",MX,19.43,-99.13,15.9,1867,-0.15
Welt,"Mexiko-Stadt",MX,19.43,-99.13,15.9,1868,-0.88
Welt,"Mexiko-Stadt",MX,19.43,-99.13,15.9,1869,-0.69
Welt,"Mexiko-Stadt",MX,19.43,-99.13,15.9,1870,-0.75
Welt,"Mexiko-Stadt",MX,19.43,-99.13,15.9,1871,0.17
Welt,"Mexiko-Stadt",MX,19.43,-99.13,15.9,1872,0.24
Welt,"Mexiko-Stadt",MX,19.43,-99.13,15.9,1873,-0.07
Welt,"Mexiko-Stadt",MX,19.43,-99.13,15.9,1874,0.06
Welt,"Mexiko-Stadt",MX,19.43,-99.13,15.9,1875,0.29
Welt,"Mexiko-Stadt",MX,19.43,-99.13,15.9,1876,0.01
Welt,"Mexiko-Stadt",MX,19.43,-99.13,15.9,1877,0.42
Welt,"Mexiko-Stadt",MX,19.43,-99.13,15.9,1878,-0.45
Welt,"Mexiko-Stadt",MX,19.43,-99.13,15.9,1879,-1.23
Welt,"Mexiko-Stadt",MX,19.43,-99.13,15.9,1880,-0.84
Welt,"Mexiko-Stadt",MX,19.43,-99.13,15.9,1881,-0.04
Welt,"Mexiko-Stadt",MX,19.43,-99.13,15.9,1882,0.17
Welt,"Mexiko-Stadt",MX,19.43,-99.13,15.9,1883,-0.58
Welt,"Mexiko-Stadt",MX,19.43,-99.13,15.9,1884,-0.65
Welt,"Mexiko-Stadt",MX,19.43,-99.13,15.9,1885,-0.52
Welt,"Mexiko-Stadt",MX,19.43,-99.13,15.9,1886,-0.51
Welt,"Mexiko-Stadt",MX,19.43,-99.13,15.9,1887,-0.78
Welt,"Mexiko-Stadt",MX,19.43,-99.13,15.9,1888,-0.25
Welt,"Mexiko-Stadt",MX,19.43,-99.13,15.9,1889,-0.19
Welt,"Mexiko-Stadt",MX,19.43,-99.13,15.9,1890,-0.38
Welt,"Mexiko-Stadt",MX,19.43,-99.13,15.9,1891,-0.85
Welt,"Mexiko-Stadt",MX,19.43,-99.13,15.9,1892,-1.18
Welt,"Mexiko-Stadt",MX,19.43,-99.13,15.9,1893,-0.95
Welt,"Mexiko-Stadt",MX,19.43,-99.13,15.9,1894,-0.51
Welt,"Mexiko-Stadt",MX,19.43,-99.13,15.9,1895,-0.13
Welt,"Mexiko-Stadt",MX,19.43,-99.13,15.9,1896,-1.02
Welt,"Mexiko-Stadt",MX,19.43,-99.13,15.9,1897,-0.67
Welt,"Mexiko-Stadt",MX,19.43,-99.13,15.9,1898,-1.03
Welt,"Mexiko-Stadt",MX,19.43,-99.13,15.9,1899,0.01
Welt,"Mexiko-Stadt",MX,19.43,-99.13,15.9,1900,-0.09
Welt,"Mexiko-Stadt",MX,19.43,-99.13,15.9,1901,-0.05
Welt,"Mexiko-Stadt",MX,19.43,-99.13,15.9,1902,0.13
Welt,"Mexiko-Stadt",MX,19.43,-99.13,15.9,1903,-0.82
Welt,"Mexiko-Stadt",MX,19.43,-99.13,15.9,1904,-0.65
Welt,"Mexiko-Stadt",MX,19.43,-99.13,15.9,1905,-0.01
Welt,"Mexiko-Stadt",MX,19.43,-99.13,15.9,1906,-0.41
Welt,"Mexiko-Stadt",MX,19.43,-99.13,15.9,1907,-1.38
Welt,"Mexiko-Stadt",MX,19.43,-99.13,15.9,1908,-0.65
Welt,"Mexiko-Stadt",MX,19.43,-99.13,15.9,1909,-1.35
Welt,"Mexiko-Stadt",MX,19.43,-99.13,15.9,1910,-0.72
Welt,"Mexiko-Stadt",MX,19.43,-99.13,15.9,1911,-0.18
Welt,"Mexiko-Stadt",MX,19.43,-99.13,15.9,1912,-0.05
Welt,"Mexiko-Stadt",MX,19.43,-99.13,15.9,1913,-0.9
Welt,"Mexiko-Stadt",MX,19.43,-99.13,15.9,1914,-1.02
Welt,"Mexiko-Stadt",MX,19.43,-99.13,15.9,1915,-0.68
Welt,"Mexiko-Stadt",MX,19.43,-99.13,15.9,1916,-0.61
Welt,"Mexiko-Stadt",MX,19.43,-99.13,15.9,1917,-1.36
Welt,"Mexiko-Stadt",MX,19.43,-99.13,15.9,1918,-0.78
Welt,"Mexiko-Stadt",MX,19.43,-99.13,15.9,1919,-1.17
Welt,"Mexiko-Stadt",MX,19.43,-99.13,15.9,1920,-0.71
Welt,"Mexiko-Stadt",MX,19.43,-99.13,15.9,1921,-0.13
Welt,"Mexiko-Stadt",MX,19.43,-99.13,15.9,1922,0.01
Welt,"Mexiko-Stadt",MX,19.43,-99.13,15.9,1923,-0.33
Welt,"Mexiko-Stadt",MX,19.43,-99.13,15.9,1924,-0.87
Welt,"Mexiko-Stadt",MX,19.43,-99.13,15.9,1925,-1.33
Welt,"Mexiko-Stadt",MX,19.43,-99.13,15.9,1926,-0.69
Welt,"Mexiko-Stadt",MX,19.43,-99.13,15.9,1927,-0.99
Welt,"Mexiko-Stadt",MX,19.43,-99.13,15.9,1928,-1.55
Welt,"Mexiko-Stadt",MX,19.43,-99.13,15.9,1929,-0.52
Welt,"Mexiko-Stadt",MX,19.43,-99.13,15.9,1930,-0.56
Welt,"Mexiko-Stadt",MX,19.43,-99.13,15.9,1931,-0.41
Welt,"Mexiko-Stadt",MX,19.43,-99.13,15.9,1932,-0.04
Welt,"Mexiko-Stadt",MX,19.43,-99.13,15.9,1933,0.04
Welt,"Mexiko-Stadt",MX,19.43,-99.13,15.9,1934,-0.11
Welt,"Mexiko-Stadt",MX,19.43,-99.13,15.9,1935,0.46
Welt,"Mexiko-Stadt",MX,19.43,-99.13,15.9,1936,0.1
Welt,"Mexiko-Stadt",MX,19.43,-99.13,15.9,1937,0.41
Welt,"Mexiko-Stadt",MX,19.43,-99.13,15.9,1938,0.13
Welt,"Mexiko-Stadt",MX,19.43,-99.13,15.9,1939,0.27
Welt,"Mexiko-Stadt",MX,19.43,-99.13,15.9,1940,0.21
Welt,"Mexiko-Stadt",MX,19.43,-99.13,15.9,1941,0.32
Welt,"Mexiko-Stadt",MX,19.43,-99.13,15.9,1942,0.41
Welt,"Mexiko-Stadt",MX,19.43,-99.13,15.9,1943,-0.53
Welt,"Mexiko-Stadt",MX,19.43,-99.13,15.9,1944,-0.42
Welt,"Mexiko-Stadt",MX,19.43,-99.13,15.9,1945,-0.48
Welt,"Mexiko-Stadt",MX,19.43,-99.13,15.9,1946,-1.19
Welt,"Mexiko-Stadt",MX,19.43,-99.13,15.9,1947,-1.4
Welt,"Mexiko-Stadt",MX,19.43,-99.13,15.9,1948,-0.61
Welt,"Mexiko-Stadt",MX,19.43,-99.13,15.9,1949,-0.58
Welt,"Mexiko-Stadt",MX,19.43,-99.13,15.9,1950,-1.21
Welt,"Mexiko-Stadt",MX,19.43,-99.13,15.9,1951,-0.31
Welt,"Mexiko-Stadt",MX,19.43,-99.13,15.9,1952,-0.18
Welt,"Mexiko-Stadt",MX,19.43,-99.13,15.9,1953,-0.35
Welt,"Mexiko-Stadt",MX,19.43,-99.13,15.9,1954,-0.04
Welt,"Mexiko-Stadt",MX,19.43,-99.13,15.9,1955,-0.1
Welt,"Mexiko-Stadt",MX,19.43,-99.13,15.9,1956,-0.22
Welt,"Mexiko-Stadt",MX,19.43,-99.13,15.9,1957,0.63
Welt,"Mexiko-Stadt",MX,19.43,-99.13,15.9,1958,0.52
Welt,"Mexiko-Stadt",MX,19.43,-99.13,15.9,1959,0.04
Welt,"Mexiko-Stadt",MX,19.43,-99.13,15.9,1960,-0.01
Welt,"Mexiko-Stadt",MX,19.43,-99.13,15.9,1961,0.46
Welt,"Mexiko-Stadt",MX,19.43,-99.13,15.9,1962,-0.05
Welt,"Mexiko-Stadt",MX,19.43,-99.13,15.9,1963,0.2
Welt,"Mexiko-Stadt",MX,19.43,-99.13,15.9,1964,-1.28
Welt,"Mexiko-Stadt",MX,19.43,-99.13,15.9,1965,-0.44
Welt,"Mexiko-Stadt",MX,19.43,-99.13,15.9,1966,0.07
Welt,"Mexiko-Stadt",MX,19.43,-99.13,15.9,1967,-0.32
Welt,"Mexiko-Stadt",MX,19.43,-99.13,15.9,1968,0.11
Welt,"Mexiko-Stadt",MX,19.43,-99.13,15.9,1969,0.18
Welt,"Mexiko-Stadt",MX,19.43,-99.13,15.9,1970,-0.13
Welt,"Mexiko-Stadt",MX,19.43,-99.13,15.9,1971,-0.85
Welt,"Mexiko-Stadt",MX,19.43,-99.13,15.9,1972,-0.23
Welt,"Mexiko-Stadt",MX,19.43,-99.13,15.9,1973,0.23
Welt,"Mexiko-Stadt",MX,19.43,-99.13,15.9,1974,0.1
Welt,"Mexiko-Stadt",MX,19.43,-99.13,15.9,1975,-0.11
Welt,"Mexiko-Stadt",MX,19.43,-99.13,15.9,1976,-0.64
Welt,"Mexiko-Stadt",MX,19.43,-99.13,15.9,1977,-0.79
Welt,"Mexiko-Stadt",MX,19.43,-99.13,15.9,1978,0.36
Welt,"Mexiko-Stadt",MX,19.43,-99.13,15.9,1979,-0.1
Welt,"Mexiko-Stadt",MX,19.43,-99.13,15.9,1980,0.85
Welt,"Mexiko-Stadt",MX,19.43,-99.13,15.9,1981,-0.06
Welt,"Mexiko-Stadt",MX,19.43,-99.13,15.9,1982,-0.02
Welt,"Mexiko-Stadt",MX,19.43,-99.13,15.9,1983,0.43
Welt,"Mexiko-Stadt",MX,19.43,-99.13,15.9,1984,0.22
Welt,"Mexiko-Stadt",MX,19.43,-99.13,15.9,1985,0.26
Welt,"Mexiko-Stadt",MX,19.43,-99.13,15.9,1986,0.01
Welt,"Mexiko-Stadt",MX,19.43,-99.13,15.9,1987,-0.22
Welt,"Mexiko-Stadt",MX,19.43,-99.13,15.9,1988,0.25
Welt,"Mexiko-Stadt",MX,19.43,-99.13,15.9,1989,0.79
Welt,"Mexiko-Stadt",MX,19.43,-99.13,15.9,1990,0.74
Welt,"Mexiko-Stadt",MX,19.43,-99.13,15.9,1991,0.23
Welt,"Mexiko-Stadt",MX,19.43,-99.13,15.9,1992,0.32
Welt,"Mexiko-Stadt",MX,19.43,-99.13,15.9,1993,0.25
Welt,"Mexiko-Stadt",MX,19.43,-99.13,15.9,1994,0.43
Welt,"Mexiko-Stadt",MX,19.43,-99.13,15.9,1995,0.39
Welt,"Mexiko-Stadt",MX,19.43,-99.13,15.9,1996,0.11
Welt,"Mexiko-Stadt",MX,19.43,-99.13,15.9,1997,0.37
Welt,"Mexiko-Stadt",MX,19.43,-99.13,15.9,1998,1.37
Welt,"Mexiko-Stadt",MX,19.43,-99.13,15.9,1999,1.19
Welt,"Mexiko-Stadt",MX,19.43,-99.13,15.9,2000,0.82
Welt,"Mexiko-Stadt",MX,19.43,-99.13,15.9,2001,0.23
Welt,"Mexiko-Stadt",MX,19.43,-99.13,15.9,2002,0.44
Welt,"Mexiko-Stadt",MX,19.43,-99.13,15.9,2003,-0.31
Welt,"Mexiko-Stadt",MX,19.43,-99.13,15.9,2004,0.13
Welt,"Mexiko-Stadt",MX,19.43,-99.13,15.9,2005,0.12
Welt,"Mexiko-Stadt",MX,19.43,-99.13,15.9,2006,0.2
Welt,"Mexiko-Stadt",MX,19.43,-99.13,15.9,2007,1.2
Welt,"Mexiko-Stadt",MX,19.43,-99.13,15.9,2008,0.62
Welt,"Mexiko-Stadt",MX,19.43,-99.13,15.9,2009,1.54
Welt,"Mexiko-Stadt",MX,19.43,-99.13,15.9,2010,1.57
Welt,"Mexiko-Stadt",MX,19.43,-99.13,15.9,2011,1.32
Welt,"Mexiko-Stadt",MX,19.43,-99.13,15.9,2012,0.82
Welt,"Mexiko-Stadt",MX,19.43,-99.13,15.9,2013,1.49
Welt,"Mexiko-Stadt",MX,19.43,-99.13,15.9,2014,0.89
Welt,"Mexiko-Stadt",MX,19.43,-99.13,15.9,2015,1.35
Welt,"Mexiko-Stadt",MX,19.43,-99.13,15.9,2016,1.46
Welt,"Mexiko-Stadt",MX,19.43,-99.13,15.9,2017,1.18
Welt,"Mexiko-Stadt",MX,19.43,-99.13,15.9,2018,0.97
Welt,"Mexiko-Stadt",MX,19.43,-99.13,15.9,2019,1.28
Welt,"Mexiko-Stadt",MX,19.43,-99.13,15.9,2020,0.76
Welt,"Mexiko-Stadt",MX,19.43,-99.13,15.9,2021,0.65
Welt,"Mexiko-Stadt",MX,19.43,-99.13,15.9,2022,1.19
Welt,"Mexiko-Stadt",MX,19.43,-99.13,15.9,2023,1.7
Welt,"Mexiko-Stadt",MX,19.43,-99.13,15.9,2024,1.67
Welt,"Mexiko-Stadt",MX,19.43,-99.13,15.9,2025,1.79
Welt,"Mumbai",IN,19.08,72.88,27.2,1850,-0.11
Welt,"Mumbai",IN,19.08,72.88,27.2,1851,-0.1
Welt,"Mumbai",IN,19.08,72.88,27.2,1852,-0.43
Welt,"Mumbai",IN,19.08,72.88,27.2,1853,-0.13
Welt,"Mumbai",IN,19.08,72.88,27.2,1854,-0.16
Welt,"Mumbai",IN,19.08,72.88,27.2,1855,-0.32
Welt,"Mumbai",IN,19.08,72.88,27.2,1856,-0.08
Welt,"Mumbai",IN,19.08,72.88,27.2,1857,-0.36
Welt,"Mumbai",IN,19.08,72.88,27.2,1858,-0.14
Welt,"Mumbai",IN,19.08,72.88,27.2,1859,0.19
Welt,"Mumbai",IN,19.08,72.88,27.2,1860,0.4
Welt,"Mumbai",IN,19.08,72.88,27.2,1861,-0.07
Welt,"Mumbai",IN,19.08,72.88,27.2,1862,-0.07
Welt,"Mumbai",IN,19.08,72.88,27.2,1863,-0.27
Welt,"Mumbai",IN,19.08,72.88,27.2,1864,-0.29
Welt,"Mumbai",IN,19.08,72.88,27.2,1865,-0.84
Welt,"Mumbai",IN,19.08,72.88,27.2,1866,-0.35
Welt,"Mumbai",IN,19.08,72.88,27.2,1867,0.16
Welt,"Mumbai",IN,19.08,72.88,27.2,1868,-0.51
Welt,"Mumbai",IN,19.08,72.88,27.2,1869,-0.29
Welt,"Mumbai",IN,19.08,72.88,27.2,1870,-0.22
Welt,"Mumbai",IN,19.08,72.88,27.2,1871,0.02
Welt,"Mumbai",IN,19.08,72.88,27.2,1872,-0.51
Welt,"Mumbai",IN,19.08,72.88,27.2,1873,-0.52
Welt,"Mumbai",IN,19.08,72.88,27.2,1874,-0.55
Welt,"Mumbai",IN,19.08,72.88,27.2,1875,-0.3
Welt,"Mumbai",IN,19.08,72.88,27.2,1876,-0.35
Welt,"Mumbai",IN,19.08,72.88,27.2,1877,-0.3
Welt,"Mumbai",IN,19.08,72.88,27.2,1878,-0.23
Welt,"Mumbai",IN,19.08,72.88,27.2,1879,-0.24
Welt,"Mumbai",IN,19.08,72.88,27.2,1880,0.28
Welt,"Mumbai",IN,19.08,72.88,27.2,1881,0.61
Welt,"Mumbai",IN,19.08,72.88,27.2,1882,-0.01
Welt,"Mumbai",IN,19.08,72.88,27.2,1883,-0.01
Welt,"Mumbai",IN,19.08,72.88,27.2,1884,0.17
Welt,"Mumbai",IN,19.08,72.88,27.2,1885,0.32
Welt,"Mumbai",IN,19.08,72.88,27.2,1886,0.12
Welt,"Mumbai",IN,19.08,72.88,27.2,1887,-0.26
Welt,"Mumbai",IN,19.08,72.88,27.2,1888,-0.47
Welt,"Mumbai",IN,19.08,72.88,27.2,1889,-0.13
Welt,"Mumbai",IN,19.08,72.88,27.2,1890,-0.26
Welt,"Mumbai",IN,19.08,72.88,27.2,1891,0.38
Welt,"Mumbai",IN,19.08,72.88,27.2,1892,-0.3
Welt,"Mumbai",IN,19.08,72.88,27.2,1893,-0.58
Welt,"Mumbai",IN,19.08,72.88,27.2,1894,-0.8
Welt,"Mumbai",IN,19.08,72.88,27.2,1895,-0.35
Welt,"Mumbai",IN,19.08,72.88,27.2,1896,-0.67
Welt,"Mumbai",IN,19.08,72.88,27.2,1897,-0.7
Welt,"Mumbai",IN,19.08,72.88,27.2,1898,-0.51
Welt,"Mumbai",IN,19.08,72.88,27.2,1899,-0.23
Welt,"Mumbai",IN,19.08,72.88,27.2,1900,-0.7
Welt,"Mumbai",IN,19.08,72.88,27.2,1901,0.25
Welt,"Mumbai",IN,19.08,72.88,27.2,1902,-0.67
Welt,"Mumbai",IN,19.08,72.88,27.2,1903,-0.81
Welt,"Mumbai",IN,19.08,72.88,27.2,1904,-1.01
Welt,"Mumbai",IN,19.08,72.88,27.2,1905,-0.42
Welt,"Mumbai",IN,19.08,72.88,27.2,1906,0.2
Welt,"Mumbai",IN,19.08,72.88,27.2,1907,-0.74
Welt,"Mumbai",IN,19.08,72.88,27.2,1908,-0.08
Welt,"Mumbai",IN,19.08,72.88,27.2,1909,-0.25
Welt,"Mumbai",IN,19.08,72.88,27.2,1910,-0.77
Welt,"Mumbai",IN,19.08,72.88,27.2,1911,-0.66
Welt,"Mumbai",IN,19.08,72.88,27.2,1912,-0.47
Welt,"Mumbai",IN,19.08,72.88,27.2,1913,-0.6
Welt,"Mumbai",IN,19.08,72.88,27.2,1914,-0.51
Welt,"Mumbai",IN,19.08,72.88,27.2,1915,0.22
Welt,"Mumbai",IN,19.08,72.88,27.2,1916,-0.65
Welt,"Mumbai",IN,19.08,72.88,27.2,1917,-0.25
Welt,"Mumbai",IN,19.08,72.88,27.2,1918,-0.25
Welt,"Mumbai",IN,19.08,72.88,27.2,1919,-0.16
Welt,"Mumbai",IN,19.08,72.88,27.2,1920,-0.48
Welt,"Mumbai",IN,19.08,72.88,27.2,1921,0.05
Welt,"Mumbai",IN,19.08,72.88,27.2,1922,0.07
Welt,"Mumbai",IN,19.08,72.88,27.2,1923,-0.05
Welt,"Mumbai",IN,19.08,72.88,27.2,1924,-0.06
Welt,"Mumbai",IN,19.08,72.88,27.2,1925,0.47
Welt,"Mumbai",IN,19.08,72.88,27.2,1926,0.17
Welt,"Mumbai",IN,19.08,72.88,27.2,1927,0.08
Welt,"Mumbai",IN,19.08,72.88,27.2,1928,-0.16
Welt,"Mumbai",IN,19.08,72.88,27.2,1929,-0.19
Welt,"Mumbai",IN,19.08,72.88,27.2,1930,-0.33
Welt,"Mumbai",IN,19.08,72.88,27.2,1931,-0.14
Welt,"Mumbai",IN,19.08,72.88,27.2,1932,0.21
Welt,"Mumbai",IN,19.08,72.88,27.2,1933,0.25
Welt,"Mumbai",IN,19.08,72.88,27.2,1934,0.2
Welt,"Mumbai",IN,19.08,72.88,27.2,1935,0.44
Welt,"Mumbai",IN,19.08,72.88,27.2,1936,0.2
Welt,"Mumbai",IN,19.08,72.88,27.2,1937,0.11
Welt,"Mumbai",IN,19.08,72.88,27.2,1938,0.37
Welt,"Mumbai",IN,19.08,72.88,27.2,1939,0.1
Welt,"Mumbai",IN,19.08,72.88,27.2,1940,0.44
Welt,"Mumbai",IN,19.08,72.88,27.2,1941,0.82
Welt,"Mumbai",IN,19.08,72.88,27.2,1942,0.43
Welt,"Mumbai",IN,19.08,72.88,27.2,1943,0
Welt,"Mumbai",IN,19.08,72.88,27.2,1944,0.07
Welt,"Mumbai",IN,19.08,72.88,27.2,1945,0.12
Welt,"Mumbai",IN,19.08,72.88,27.2,1946,-0.47
Welt,"Mumbai",IN,19.08,72.88,27.2,1947,-0.53
Welt,"Mumbai",IN,19.08,72.88,27.2,1948,-0.27
Welt,"Mumbai",IN,19.08,72.88,27.2,1949,-0.09
Welt,"Mumbai",IN,19.08,72.88,27.2,1950,-0.13
Welt,"Mumbai",IN,19.08,72.88,27.2,1951,0.07
Welt,"Mumbai",IN,19.08,72.88,27.2,1952,0.35
Welt,"Mumbai",IN,19.08,72.88,27.2,1953,0.21
Welt,"Mumbai",IN,19.08,72.88,27.2,1954,0.29
Welt,"Mumbai",IN,19.08,72.88,27.2,1955,-0.12
Welt,"Mumbai",IN,19.08,72.88,27.2,1956,0.2
Welt,"Mumbai",IN,19.08,72.88,27.2,1957,-0.04
Welt,"Mumbai",IN,19.08,72.88,27.2,1958,-0.04
Welt,"Mumbai",IN,19.08,72.88,27.2,1959,0.03
Welt,"Mumbai",IN,19.08,72.88,27.2,1960,-0.22
Welt,"Mumbai",IN,19.08,72.88,27.2,1961,-0.29
Welt,"Mumbai",IN,19.08,72.88,27.2,1962,-0.46
Welt,"Mumbai",IN,19.08,72.88,27.2,1963,-0.1
Welt,"Mumbai",IN,19.08,72.88,27.2,1964,-0.39
Welt,"Mumbai",IN,19.08,72.88,27.2,1965,0.19
Welt,"Mumbai",IN,19.08,72.88,27.2,1966,0.28
Welt,"Mumbai",IN,19.08,72.88,27.2,1967,0.09
Welt,"Mumbai",IN,19.08,72.88,27.2,1968,-0.52
Welt,"Mumbai",IN,19.08,72.88,27.2,1969,-0.49
Welt,"Mumbai",IN,19.08,72.88,27.2,1970,-0.3
Welt,"Mumbai",IN,19.08,72.88,27.2,1971,-0.75
Welt,"Mumbai",IN,19.08,72.88,27.2,1972,-0.32
Welt,"Mumbai",IN,19.08,72.88,27.2,1973,0.65
Welt,"Mumbai",IN,19.08,72.88,27.2,1974,-0.17
Welt,"Mumbai",IN,19.08,72.88,27.2,1975,0.11
Welt,"Mumbai",IN,19.08,72.88,27.2,1976,-0.43
Welt,"Mumbai",IN,19.08,72.88,27.2,1977,0.25
Welt,"Mumbai",IN,19.08,72.88,27.2,1978,0.07
Welt,"Mumbai",IN,19.08,72.88,27.2,1979,0.13
Welt,"Mumbai",IN,19.08,72.88,27.2,1980,0.06
Welt,"Mumbai",IN,19.08,72.88,27.2,1981,0.29
Welt,"Mumbai",IN,19.08,72.88,27.2,1982,0.37
Welt,"Mumbai",IN,19.08,72.88,27.2,1983,0.82
Welt,"Mumbai",IN,19.08,72.88,27.2,1984,0.37
Welt,"Mumbai",IN,19.08,72.88,27.2,1985,0.45
Welt,"Mumbai",IN,19.08,72.88,27.2,1986,0.39
Welt,"Mumbai",IN,19.08,72.88,27.2,1987,0.41
Welt,"Mumbai",IN,19.08,72.88,27.2,1988,-0.02
Welt,"Mumbai",IN,19.08,72.88,27.2,1989,-0.34
Welt,"Mumbai",IN,19.08,72.88,27.2,1990,-0.34
Welt,"Mumbai",IN,19.08,72.88,27.2,1991,0.28
Welt,"Mumbai",IN,19.08,72.88,27.2,1992,0.49
Welt,"Mumbai",IN,19.08,72.88,27.2,1993,0.45
Welt,"Mumbai",IN,19.08,72.88,27.2,1994,0.6
Welt,"Mumbai",IN,19.08,72.88,27.2,1995,0.59
Welt,"Mumbai",IN,19.08,72.88,27.2,1996,-0.02
Welt,"Mumbai",IN,19.08,72.88,27.2,1997,0.26
Welt,"Mumbai",IN,19.08,72.88,27.2,1998,0.38
Welt,"Mumbai",IN,19.08,72.88,27.2,1999,0.57
Welt,"Mumbai",IN,19.08,72.88,27.2,2000,1.04
Welt,"Mumbai",IN,19.08,72.88,27.2,2001,0.77
Welt,"Mumbai",IN,19.08,72.88,27.2,2002,1.17
Welt,"Mumbai",IN,19.08,72.88,27.2,2003,1.32
Welt,"Mumbai",IN,19.08,72.88,27.2,2004,1.18
Welt,"Mumbai",IN,19.08,72.88,27.2,2005,1.24
Welt,"Mumbai",IN,19.08,72.88,27.2,2006,1.45
Welt,"Mumbai",IN,19.08,72.88,27.2,2007,1.35
Welt,"Mumbai",IN,19.08,72.88,27.2,2008,0.86
Welt,"Mumbai",IN,19.08,72.88,27.2,2009,1.18
Welt,"Mumbai",IN,19.08,72.88,27.2,2010,1.7
Welt,"Mumbai",IN,19.08,72.88,27.2,2011,0.73
Welt,"Mumbai",IN,19.08,72.88,27.2,2012,0.47
Welt,"Mumbai",IN,19.08,72.88,27.2,2013,0.43
Welt,"Mumbai",IN,19.08,72.88,27.2,2014,1.26
Welt,"Mumbai",IN,19.08,72.88,27.2,2015,1.1
Welt,"Mumbai",IN,19.08,72.88,27.2,2016,1.1
Welt,"Mumbai",IN,19.08,72.88,27.2,2017,1.1
Welt,"Mumbai",IN,19.08,72.88,27.2,2018,0.71
Welt,"Mumbai",IN,19.08,72.88,27.2,2019,0.87
Welt,"Mumbai",IN,19.08,72.88,27.2,2020,0.88
Welt,"Mumbai",IN,19.08,72.88,27.2,2021,0.86
Welt,"Mumbai",IN,19.08,72.88,27.2,2022,1.19
Welt,"Mumbai",IN,19.08,72.88,27.2,2023,1.58
Welt,"Mumbai",IN,19.08,72.88,27.2,2024,1.55
Welt,"Mumbai",IN,19.08,72.88,27.2,2025,1.41
Welt,"Bangkok",TH,13.76,100.5,27.8,1850,-0.46
Welt,"Bangkok",TH,13.76,100.5,27.8,1851,-0.28
Welt,"Bangkok",TH,13.76,100.5,27.8,1852,0.15
Welt,"Bangkok",TH,13.76,100.5,27.8,1853,-0.12
Welt,"Bangkok",TH,13.76,100.5,27.8,1854,-0.38
Welt,"Bangkok",TH,13.76,100.5,27.8,1855,-0.28
Welt,"Bangkok",TH,13.76,100.5,27.8,1856,-0.37
Welt,"Bangkok",TH,13.76,100.5,27.8,1857,-0.53
Welt,"Bangkok",TH,13.76,100.5,27.8,1858,-0.04
Welt,"Bangkok",TH,13.76,100.5,27.8,1859,-0.7
Welt,"Bangkok",TH,13.76,100.5,27.8,1860,-0.62
Welt,"Bangkok",TH,13.76,100.5,27.8,1861,-0.69
Welt,"Bangkok",TH,13.76,100.5,27.8,1862,-1.08
Welt,"Bangkok",TH,13.76,100.5,27.8,1863,-0.65
Welt,"Bangkok",TH,13.76,100.5,27.8,1864,-0.06
Welt,"Bangkok",TH,13.76,100.5,27.8,1865,-0.03
Welt,"Bangkok",TH,13.76,100.5,27.8,1866,-0.18
Welt,"Bangkok",TH,13.76,100.5,27.8,1867,-0.76
Welt,"Bangkok",TH,13.76,100.5,27.8,1868,-0.95
Welt,"Bangkok",TH,13.76,100.5,27.8,1869,-0.51
Welt,"Bangkok",TH,13.76,100.5,27.8,1870,-1.13
Welt,"Bangkok",TH,13.76,100.5,27.8,1871,-0.46
Welt,"Bangkok",TH,13.76,100.5,27.8,1872,-0.58
Welt,"Bangkok",TH,13.76,100.5,27.8,1873,-0.31
Welt,"Bangkok",TH,13.76,100.5,27.8,1874,-0.91
Welt,"Bangkok",TH,13.76,100.5,27.8,1875,-1.03
Welt,"Bangkok",TH,13.76,100.5,27.8,1876,-0.92
Welt,"Bangkok",TH,13.76,100.5,27.8,1877,-0.19
Welt,"Bangkok",TH,13.76,100.5,27.8,1878,0.38
Welt,"Bangkok",TH,13.76,100.5,27.8,1879,0.01
Welt,"Bangkok",TH,13.76,100.5,27.8,1880,-0.22
Welt,"Bangkok",TH,13.76,100.5,27.8,1881,-0.3
Welt,"Bangkok",TH,13.76,100.5,27.8,1882,-0.62
Welt,"Bangkok",TH,13.76,100.5,27.8,1883,-0.82
Welt,"Bangkok",TH,13.76,100.5,27.8,1884,-0.65
Welt,"Bangkok",TH,13.76,100.5,27.8,1885,-0.98
Welt,"Bangkok",TH,13.76,100.5,27.8,1886,-0.7
Welt,"Bangkok",TH,13.76,100.5,27.8,1887,-0.69
Welt,"Bangkok",TH,13.76,100.5,27.8,1888,-0.5
Welt,"Bangkok",TH,13.76,100.5,27.8,1889,-0.34
Welt,"Bangkok",TH,13.76,100.5,27.8,1890,-0.17
Welt,"Bangkok",TH,13.76,100.5,27.8,1891,-0.34
Welt,"Bangkok",TH,13.76,100.5,27.8,1892,-0.62
Welt,"Bangkok",TH,13.76,100.5,27.8,1893,-0.84
Welt,"Bangkok",TH,13.76,100.5,27.8,1894,-0.15
Welt,"Bangkok",TH,13.76,100.5,27.8,1895,0.32
Welt,"Bangkok",TH,13.76,100.5,27.8,1896,0.29
Welt,"Bangkok",TH,13.76,100.5,27.8,1897,-0.16
Welt,"Bangkok",TH,13.76,100.5,27.8,1898,-0.64
Welt,"Bangkok",TH,13.76,100.5,27.8,1899,-0.16
Welt,"Bangkok",TH,13.76,100.5,27.8,1900,0.02
Welt,"Bangkok",TH,13.76,100.5,27.8,1901,-0.56
Welt,"Bangkok",TH,13.76,100.5,27.8,1902,-0.36
Welt,"Bangkok",TH,13.76,100.5,27.8,1903,-0.56
Welt,"Bangkok",TH,13.76,100.5,27.8,1904,-0.8
Welt,"Bangkok",TH,13.76,100.5,27.8,1905,-0.29
Welt,"Bangkok",TH,13.76,100.5,27.8,1906,-0.32
Welt,"Bangkok",TH,13.76,100.5,27.8,1907,-0.54
Welt,"Bangkok",TH,13.76,100.5,27.8,1908,-0.58
Welt,"Bangkok",TH,13.76,100.5,27.8,1909,-0.52
Welt,"Bangkok",TH,13.76,100.5,27.8,1910,-0.26
Welt,"Bangkok",TH,13.76,100.5,27.8,1911,-0.62
Welt,"Bangkok",TH,13.76,100.5,27.8,1912,-0.25
Welt,"Bangkok",TH,13.76,100.5,27.8,1913,-0.13
Welt,"Bangkok",TH,13.76,100.5,27.8,1914,-0.02
Welt,"Bangkok",TH,13.76,100.5,27.8,1915,-0.44
Welt,"Bangkok",TH,13.76,100.5,27.8,1916,-0.68
Welt,"Bangkok",TH,13.76,100.5,27.8,1917,-0.59
Welt,"Bangkok",TH,13.76,100.5,27.8,1918,-0.55
Welt,"Bangkok",TH,13.76,100.5,27.8,1919,-0.12
Welt,"Bangkok",TH,13.76,100.5,27.8,1920,-0.12
Welt,"Bangkok",TH,13.76,100.5,27.8,1921,-0.44
Welt,"Bangkok",TH,13.76,100.5,27.8,1922,-0.22
Welt,"Bangkok",TH,13.76,100.5,27.8,1923,-0.5
Welt,"Bangkok",TH,13.76,100.5,27.8,1924,0.06
Welt,"Bangkok",TH,13.76,100.5,27.8,1925,0.01
Welt,"Bangkok",TH,13.76,100.5,27.8,1926,0.1
Welt,"Bangkok",TH,13.76,100.5,27.8,1927,-0.71
Welt,"Bangkok",TH,13.76,100.5,27.8,1928,-0.85
Welt,"Bangkok",TH,13.76,100.5,27.8,1929,-0.58
Welt,"Bangkok",TH,13.76,100.5,27.8,1930,-0.45
Welt,"Bangkok",TH,13.76,100.5,27.8,1931,-0.5
Welt,"Bangkok",TH,13.76,100.5,27.8,1932,-0.66
Welt,"Bangkok",TH,13.76,100.5,27.8,1933,-0.87
Welt,"Bangkok",TH,13.76,100.5,27.8,1934,-0.07
Welt,"Bangkok",TH,13.76,100.5,27.8,1935,0.33
Welt,"Bangkok",TH,13.76,100.5,27.8,1936,0.24
Welt,"Bangkok",TH,13.76,100.5,27.8,1937,-0.3
Welt,"Bangkok",TH,13.76,100.5,27.8,1938,-0.04
Welt,"Bangkok",TH,13.76,100.5,27.8,1939,-0.56
Welt,"Bangkok",TH,13.76,100.5,27.8,1940,0.15
Welt,"Bangkok",TH,13.76,100.5,27.8,1941,0.47
Welt,"Bangkok",TH,13.76,100.5,27.8,1942,-0.15
Welt,"Bangkok",TH,13.76,100.5,27.8,1943,0.13
Welt,"Bangkok",TH,13.76,100.5,27.8,1944,0.6
Welt,"Bangkok",TH,13.76,100.5,27.8,1945,0.24
Welt,"Bangkok",TH,13.76,100.5,27.8,1946,0.37
Welt,"Bangkok",TH,13.76,100.5,27.8,1947,-0.49
Welt,"Bangkok",TH,13.76,100.5,27.8,1948,-0.48
Welt,"Bangkok",TH,13.76,100.5,27.8,1949,-0.28
Welt,"Bangkok",TH,13.76,100.5,27.8,1950,-0.85
Welt,"Bangkok",TH,13.76,100.5,27.8,1951,-0.22
Welt,"Bangkok",TH,13.76,100.5,27.8,1952,0.26
Welt,"Bangkok",TH,13.76,100.5,27.8,1953,-0.08
Welt,"Bangkok",TH,13.76,100.5,27.8,1954,-0.15
Welt,"Bangkok",TH,13.76,100.5,27.8,1955,-0.21
Welt,"Bangkok",TH,13.76,100.5,27.8,1956,-0.75
Welt,"Bangkok",TH,13.76,100.5,27.8,1957,-0.17
Welt,"Bangkok",TH,13.76,100.5,27.8,1958,0.36
Welt,"Bangkok",TH,13.76,100.5,27.8,1959,-0.34
Welt,"Bangkok",TH,13.76,100.5,27.8,1960,-0.16
Welt,"Bangkok",TH,13.76,100.5,27.8,1961,0.17
Welt,"Bangkok",TH,13.76,100.5,27.8,1962,-0.42
Welt,"Bangkok",TH,13.76,100.5,27.8,1963,0.24
Welt,"Bangkok",TH,13.76,100.5,27.8,1964,-0.46
Welt,"Bangkok",TH,13.76,100.5,27.8,1965,0.06
Welt,"Bangkok",TH,13.76,100.5,27.8,1966,-0.15
Welt,"Bangkok",TH,13.76,100.5,27.8,1967,0.38
Welt,"Bangkok",TH,13.76,100.5,27.8,1968,-0.24
Welt,"Bangkok",TH,13.76,100.5,27.8,1969,-0.23
Welt,"Bangkok",TH,13.76,100.5,27.8,1970,0.25
Welt,"Bangkok",TH,13.76,100.5,27.8,1971,-0.38
Welt,"Bangkok",TH,13.76,100.5,27.8,1972,-0.4
Welt,"Bangkok",TH,13.76,100.5,27.8,1973,0.12
Welt,"Bangkok",TH,13.76,100.5,27.8,1974,-0.5
Welt,"Bangkok",TH,13.76,100.5,27.8,1975,-0.2
Welt,"Bangkok",TH,13.76,100.5,27.8,1976,-0.95
Welt,"Bangkok",TH,13.76,100.5,27.8,1977,0.32
Welt,"Bangkok",TH,13.76,100.5,27.8,1978,-0.03
Welt,"Bangkok",TH,13.76,100.5,27.8,1979,0.15
Welt,"Bangkok",TH,13.76,100.5,27.8,1980,-0.3
Welt,"Bangkok",TH,13.76,100.5,27.8,1981,0.6
Welt,"Bangkok",TH,13.76,100.5,27.8,1982,0.51
Welt,"Bangkok",TH,13.76,100.5,27.8,1983,0.36
Welt,"Bangkok",TH,13.76,100.5,27.8,1984,0.3
Welt,"Bangkok",TH,13.76,100.5,27.8,1985,-0.08
Welt,"Bangkok",TH,13.76,100.5,27.8,1986,-0.41
Welt,"Bangkok",TH,13.76,100.5,27.8,1987,0.06
Welt,"Bangkok",TH,13.76,100.5,27.8,1988,0.28
Welt,"Bangkok",TH,13.76,100.5,27.8,1989,0.23
Welt,"Bangkok",TH,13.76,100.5,27.8,1990,0.74
Welt,"Bangkok",TH,13.76,100.5,27.8,1991,0.44
Welt,"Bangkok",TH,13.76,100.5,27.8,1992,0
Welt,"Bangkok",TH,13.76,100.5,27.8,1993,0.24
Welt,"Bangkok",TH,13.76,100.5,27.8,1994,-0.45
Welt,"Bangkok",TH,13.76,100.5,27.8,1995,0.07
Welt,"Bangkok",TH,13.76,100.5,27.8,1996,-0.03
Welt,"Bangkok",TH,13.76,100.5,27.8,1997,0.47
Welt,"Bangkok",TH,13.76,100.5,27.8,1998,0.56
Welt,"Bangkok",TH,13.76,100.5,27.8,1999,0.65
Welt,"Bangkok",TH,13.76,100.5,27.8,2000,0.66
Welt,"Bangkok",TH,13.76,100.5,27.8,2001,0.58
Welt,"Bangkok",TH,13.76,100.5,27.8,2002,0.76
Welt,"Bangkok",TH,13.76,100.5,27.8,2003,0.59
Welt,"Bangkok",TH,13.76,100.5,27.8,2004,0.77
Welt,"Bangkok",TH,13.76,100.5,27.8,2005,0.37
Welt,"Bangkok",TH,13.76,100.5,27.8,2006,0.66
Welt,"Bangkok",TH,13.76,100.5,27.8,2007,0.87
Welt,"Bangkok",TH,13.76,100.5,27.8,2008,1.11
Welt,"Bangkok",TH,13.76,100.5,27.8,2009,0.5
Welt,"Bangkok",TH,13.76,100.5,27.8,2010,0.5
Welt,"Bangkok",TH,13.76,100.5,27.8,2011,0.15
Welt,"Bangkok",TH,13.76,100.5,27.8,2012,0.58
Welt,"Bangkok",TH,13.76,100.5,27.8,2013,0.31
Welt,"Bangkok",TH,13.76,100.5,27.8,2014,0.93
Welt,"Bangkok",TH,13.76,100.5,27.8,2015,0.66
Welt,"Bangkok",TH,13.76,100.5,27.8,2016,1.19
Welt,"Bangkok",TH,13.76,100.5,27.8,2017,1.13
Welt,"Bangkok",TH,13.76,100.5,27.8,2018,0.83
Welt,"Bangkok",TH,13.76,100.5,27.8,2019,1.3
Welt,"Bangkok",TH,13.76,100.5,27.8,2020,1.06
Welt,"Bangkok",TH,13.76,100.5,27.8,2021,0.96
Welt,"Bangkok",TH,13.76,100.5,27.8,2022,0.74
Welt,"Bangkok",TH,13.76,100.5,27.8,2023,0.9
Welt,"Bangkok",TH,13.76,100.5,27.8,2024,1.11
Welt,"Bangkok",TH,13.76,100.5,27.8,2025,1.46
Welt,"Lagos",NG,6.52,3.38,26.8,1850,-0.66
Welt,"Lagos",NG,6.52,3.38,26.8,1851,-0.41
Welt,"Lagos",NG,6.52,3.38,26.8,1852,0.18
Welt,"Lagos",NG,6.52,3.38,26.8,1853,-0.36
Welt,"Lagos",NG,6.52,3.38,26.8,1854,-0.39
Welt,"Lagos",NG,6.52,3.38,26.8,1855,-0.4
Welt,"Lagos",NG,6.52,3.38,26.8,1856,0.17
Welt,"Lagos",NG,6.52,3.38,26.8,1857,-0.06
Welt,"Lagos",NG,6.52,3.38,26.8,1858,-0.02
Welt,"Lagos",NG,6.52,3.38,26.8,1859,-0.03
Welt,"Lagos",NG,6.52,3.38,26.8,1860,-0.1
Welt,"Lagos",NG,6.52,3.38,26.8,1861,-0.79
Welt,"Lagos",NG,6.52,3.38,26.8,1862,-0.52
Welt,"Lagos",NG,6.52,3.38,26.8,1863,-0.34
Welt,"Lagos",NG,6.52,3.38,26.8,1864,-0.09
Welt,"Lagos",NG,6.52,3.38,26.8,1865,-0.21
Welt,"Lagos",NG,6.52,3.38,26.8,1866,-0.2
Welt,"Lagos",NG,6.52,3.38,26.8,1867,0.13
Welt,"Lagos",NG,6.52,3.38,26.8,1868,0.35
Welt,"Lagos",NG,6.52,3.38,26.8,1869,-0.03
Welt,"Lagos",NG,6.52,3.38,26.8,1870,-0.59
Welt,"Lagos",NG,6.52,3.38,26.8,1871,-0.89
Welt,"Lagos",NG,6.52,3.38,26.8,1872,-0.47
Welt,"Lagos",NG,6.52,3.38,26.8,1873,-0.36
Welt,"Lagos",NG,6.52,3.38,26.8,1874,-0.36
Welt,"Lagos",NG,6.52,3.38,26.8,1875,-0.81
Welt,"Lagos",NG,6.52,3.38,26.8,1876,-0.79
Welt,"Lagos",NG,6.52,3.38,26.8,1877,-0.42
Welt,"Lagos",NG,6.52,3.38,26.8,1878,-0.06
Welt,"Lagos",NG,6.52,3.38,26.8,1879,0.03
Welt,"Lagos",NG,6.52,3.38,26.8,1880,-0.05
Welt,"Lagos",NG,6.52,3.38,26.8,1881,0.18
Welt,"Lagos",NG,6.52,3.38,26.8,1882,-0.12
Welt,"Lagos",NG,6.52,3.38,26.8,1883,-0.29
Welt,"Lagos",NG,6.52,3.38,26.8,1884,-0.58
Welt,"Lagos",NG,6.52,3.38,26.8,1885,-0.54
Welt,"Lagos",NG,6.52,3.38,26.8,1886,-0.54
Welt,"Lagos",NG,6.52,3.38,26.8,1887,-0.22
Welt,"Lagos",NG,6.52,3.38,26.8,1888,-0.61
Welt,"Lagos",NG,6.52,3.38,26.8,1889,-0.7
Welt,"Lagos",NG,6.52,3.38,26.8,1890,-0.58
Welt,"Lagos",NG,6.52,3.38,26.8,1891,-0.04
Welt,"Lagos",NG,6.52,3.38,26.8,1892,-0.36
Welt,"Lagos",NG,6.52,3.38,26.8,1893,-0.21
Welt,"Lagos",NG,6.52,3.38,26.8,1894,-0.48
Welt,"Lagos",NG,6.52,3.38,26.8,1895,-0.47
Welt,"Lagos",NG,6.52,3.38,26.8,1896,-0.09
Welt,"Lagos",NG,6.52,3.38,26.8,1897,-0.33
Welt,"Lagos",NG,6.52,3.38,26.8,1898,-0.51
Welt,"Lagos",NG,6.52,3.38,26.8,1899,-0.5
Welt,"Lagos",NG,6.52,3.38,26.8,1900,-0.16
Welt,"Lagos",NG,6.52,3.38,26.8,1901,-0.05
Welt,"Lagos",NG,6.52,3.38,26.8,1902,-0.25
Welt,"Lagos",NG,6.52,3.38,26.8,1903,-0.2
Welt,"Lagos",NG,6.52,3.38,26.8,1904,-0.55
Welt,"Lagos",NG,6.52,3.38,26.8,1905,-0.23
Welt,"Lagos",NG,6.52,3.38,26.8,1906,-0.45
Welt,"Lagos",NG,6.52,3.38,26.8,1907,-0.57
Welt,"Lagos",NG,6.52,3.38,26.8,1908,-0.85
Welt,"Lagos",NG,6.52,3.38,26.8,1909,-0.58
Welt,"Lagos",NG,6.52,3.38,26.8,1910,-0.83
Welt,"Lagos",NG,6.52,3.38,26.8,1911,-0.58
Welt,"Lagos",NG,6.52,3.38,26.8,1912,-0.45
Welt,"Lagos",NG,6.52,3.38,26.8,1913,-0.12
Welt,"Lagos",NG,6.52,3.38,26.8,1914,0.03
Welt,"Lagos",NG,6.52,3.38,26.8,1915,-0.18
Welt,"Lagos",NG,6.52,3.38,26.8,1916,-0.14
Welt,"Lagos",NG,6.52,3.38,26.8,1917,-0.8
Welt,"Lagos",NG,6.52,3.38,26.8,1918,-0.27
Welt,"Lagos",NG,6.52,3.38,26.8,1919,-0.36
Welt,"Lagos",NG,6.52,3.38,26.8,1920,-0.12
Welt,"Lagos",NG,6.52,3.38,26.8,1921,-0.1
Welt,"Lagos",NG,6.52,3.38,26.8,1922,-0.76
Welt,"Lagos",NG,6.52,3.38,26.8,1923,-0.74
Welt,"Lagos",NG,6.52,3.38,26.8,1924,-0.57
Welt,"Lagos",NG,6.52,3.38,26.8,1925,-0.61
Welt,"Lagos",NG,6.52,3.38,26.8,1926,-0.1
Welt,"Lagos",NG,6.52,3.38,26.8,1927,-0.27
Welt,"Lagos",NG,6.52,3.38,26.8,1928,-0.12
Welt,"Lagos",NG,6.52,3.38,26.8,1929,-0.25
Welt,"Lagos",NG,6.52,3.38,26.8,1930,-0.11
Welt,"Lagos",NG,6.52,3.38,26.8,1931,0.05
Welt,"Lagos",NG,6.52,3.38,26.8,1932,-0.06
Welt,"Lagos",NG,6.52,3.38,26.8,1933,-0.25
Welt,"Lagos",NG,6.52,3.38,26.8,1934,-0.42
Welt,"Lagos",NG,6.52,3.38,26.8,1935,-0.11
Welt,"Lagos",NG,6.52,3.38,26.8,1936,-0.34
Welt,"Lagos",NG,6.52,3.38,26.8,1937,-0.6
Welt,"Lagos",NG,6.52,3.38,26.8,1938,-0.63
Welt,"Lagos",NG,6.52,3.38,26.8,1939,-0.36
Welt,"Lagos",NG,6.52,3.38,26.8,1940,-0.11
Welt,"Lagos",NG,6.52,3.38,26.8,1941,-0.04
Welt,"Lagos",NG,6.52,3.38,26.8,1942,-0.27
Welt,"Lagos",NG,6.52,3.38,26.8,1943,0.43
Welt,"Lagos",NG,6.52,3.38,26.8,1944,0.48
Welt,"Lagos",NG,6.52,3.38,26.8,1945,-0.05
Welt,"Lagos",NG,6.52,3.38,26.8,1946,0.03
Welt,"Lagos",NG,6.52,3.38,26.8,1947,0.34
Welt,"Lagos",NG,6.52,3.38,26.8,1948,0.28
Welt,"Lagos",NG,6.52,3.38,26.8,1949,-0.42
Welt,"Lagos",NG,6.52,3.38,26.8,1950,-0.87
Welt,"Lagos",NG,6.52,3.38,26.8,1951,0.21
Welt,"Lagos",NG,6.52,3.38,26.8,1952,0.34
Welt,"Lagos",NG,6.52,3.38,26.8,1953,0.29
Welt,"Lagos",NG,6.52,3.38,26.8,1954,-0.2
Welt,"Lagos",NG,6.52,3.38,26.8,1955,0.16
Welt,"Lagos",NG,6.52,3.38,26.8,1956,-0.3
Welt,"Lagos",NG,6.52,3.38,26.8,1957,-0.17
Welt,"Lagos",NG,6.52,3.38,26.8,1958,0.05
Welt,"Lagos",NG,6.52,3.38,26.8,1959,0.1
Welt,"Lagos",NG,6.52,3.38,26.8,1960,0.06
Welt,"Lagos",NG,6.52,3.38,26.8,1961,0.06
Welt,"Lagos",NG,6.52,3.38,26.8,1962,0.18
Welt,"Lagos",NG,6.52,3.38,26.8,1963,0.49
Welt,"Lagos",NG,6.52,3.38,26.8,1964,-0.46
Welt,"Lagos",NG,6.52,3.38,26.8,1965,-0.57
Welt,"Lagos",NG,6.52,3.38,26.8,1966,-0.16
Welt,"Lagos",NG,6.52,3.38,26.8,1967,-0.05
Welt,"Lagos",NG,6.52,3.38,26.8,1968,-0.28
Welt,"Lagos",NG,6.52,3.38,26.8,1969,-0.13
Welt,"Lagos",NG,6.52,3.38,26.8,1970,-0.08
Welt,"Lagos",NG,6.52,3.38,26.8,1971,0.08
Welt,"Lagos",NG,6.52,3.38,26.8,1972,0
Welt,"Lagos",NG,6.52,3.38,26.8,1973,0.58
Welt,"Lagos",NG,6.52,3.38,26.8,1974,0.31
Welt,"Lagos",NG,6.52,3.38,26.8,1975,0.31
Welt,"Lagos",NG,6.52,3.38,26.8,1976,-0.5
Welt,"Lagos",NG,6.52,3.38,26.8,1977,-0.38
Welt,"Lagos",NG,6.52,3.38,26.8,1978,-0.48
Welt,"Lagos",NG,6.52,3.38,26.8,1979,0.11
Welt,"Lagos",NG,6.52,3.38,26.8,1980,0.65
Welt,"Lagos",NG,6.52,3.38,26.8,1981,0.55
Welt,"Lagos",NG,6.52,3.38,26.8,1982,0.38
Welt,"Lagos",NG,6.52,3.38,26.8,1983,0.16
Welt,"Lagos",NG,6.52,3.38,26.8,1984,-0.2
Welt,"Lagos",NG,6.52,3.38,26.8,1985,-0.11
Welt,"Lagos",NG,6.52,3.38,26.8,1986,0.34
Welt,"Lagos",NG,6.52,3.38,26.8,1987,-0.11
Welt,"Lagos",NG,6.52,3.38,26.8,1988,-0.15
Welt,"Lagos",NG,6.52,3.38,26.8,1989,-0.34
Welt,"Lagos",NG,6.52,3.38,26.8,1990,-0.19
Welt,"Lagos",NG,6.52,3.38,26.8,1991,-0.38
Welt,"Lagos",NG,6.52,3.38,26.8,1992,-0.79
Welt,"Lagos",NG,6.52,3.38,26.8,1993,0.07
Welt,"Lagos",NG,6.52,3.38,26.8,1994,0.32
Welt,"Lagos",NG,6.52,3.38,26.8,1995,0.62
Welt,"Lagos",NG,6.52,3.38,26.8,1996,-0.13
Welt,"Lagos",NG,6.52,3.38,26.8,1997,0.58
Welt,"Lagos",NG,6.52,3.38,26.8,1998,0.4
Welt,"Lagos",NG,6.52,3.38,26.8,1999,0.25
Welt,"Lagos",NG,6.52,3.38,26.8,2000,-0.21
Welt,"Lagos",NG,6.52,3.38,26.8,2001,0.51
Welt,"Lagos",NG,6.52,3.38,26.8,2002,0.31
Welt,"Lagos",NG,6.52,3.38,26.8,2003,0.51
Welt,"Lagos",NG,6.52,3.38,26.8,2004,0.98
Welt,"Lagos",NG,6.52,3.38,26.8,2005,0.53
Welt,"Lagos",NG,6.52,3.38,26.8,2006,0.01
Welt,"Lagos",NG,6.52,3.38,26.8,2007,0.2
Welt,"Lagos",NG,6.52,3.38,26.8,2008,0
Welt,"Lagos",NG,6.52,3.38,26.8,2009,0.36
Welt,"Lagos",NG,6.52,3.38,26.8,2010,0.69
Welt,"Lagos",NG,6.52,3.38,26.8,2011,0.39
Welt,"Lagos",NG,6.52,3.38,26.8,2012,0.58
Welt,"Lagos",NG,6.52,3.38,26.8,2013,0.72
Welt,"Lagos",NG,6.52,3.38,26.8,2014,0.4
Welt,"Lagos",NG,6.52,3.38,26.8,2015,1.1
Welt,"Lagos",NG,6.52,3.38,26.8,2016,1.21
Welt,"Lagos",NG,6.52,3.38,26.8,2017,1.26
Welt,"Lagos",NG,6.52,3.38,26.8,2018,0.76
Welt,"Lagos",NG,6.52,3.38,26.8,2019,1.14
Welt,"Lagos",NG,6.52,3.38,26.8,2020,1.17
Welt,"Lagos",NG,6.52,3.38,26.8,2021,0.43
Welt,"Lagos",NG,6.52,3.38,26.8,2022,0.39
Welt,"Lagos",NG,6.52,3.38,26.8,2023,0.58
Welt,"Lagos",NG,6.52,3.38,26.8,2024,1
Welt,"Lagos",NG,6.52,3.38,26.8,2025,1.27
Welt,"Singapur",SG,1.35,103.82,26.8,1850,-0.48
Welt,"Singapur",SG,1.35,103.82,26.8,1851,-0.23
Welt,"Singapur",SG,1.35,103.82,26.8,1852,-0.15
Welt,"Singapur",SG,1.35,103.82,26.8,1853,-0.07
Welt,"Singapur",SG,1.35,103.82,26.8,1854,0.22
Welt,"Singapur",SG,1.35,103.82,26.8,1855,0.22
Welt,"Singapur",SG,1.35,103.82,26.8,1856,0.53
Welt,"Singapur",SG,1.35,103.82,26.8,1857,0.09
Welt,"Singapur",SG,1.35,103.82,26.8,1858,-0.06
Welt,"Singapur",SG,1.35,103.82,26.8,1859,0.4
Welt,"Singapur",SG,1.35,103.82,26.8,1860,0.09
Welt,"Singapur",SG,1.35,103.82,26.8,1861,-0.17
Welt,"Singapur",SG,1.35,103.82,26.8,1862,-0.29
Welt,"Singapur",SG,1.35,103.82,26.8,1863,-0.53
Welt,"Singapur",SG,1.35,103.82,26.8,1864,-0.05
Welt,"Singapur",SG,1.35,103.82,26.8,1865,-0.16
Welt,"Singapur",SG,1.35,103.82,26.8,1866,-0.16
Welt,"Singapur",SG,1.35,103.82,26.8,1867,-0.09
Welt,"Singapur",SG,1.35,103.82,26.8,1868,-0.55
Welt,"Singapur",SG,1.35,103.82,26.8,1869,-0.15
Welt,"Singapur",SG,1.35,103.82,26.8,1870,-0.56
Welt,"Singapur",SG,1.35,103.82,26.8,1871,-0.39
Welt,"Singapur",SG,1.35,103.82,26.8,1872,-0.37
Welt,"Singapur",SG,1.35,103.82,26.8,1873,-0.3
Welt,"Singapur",SG,1.35,103.82,26.8,1874,-0.4
Welt,"Singapur",SG,1.35,103.82,26.8,1875,-0.5
Welt,"Singapur",SG,1.35,103.82,26.8,1876,-0.44
Welt,"Singapur",SG,1.35,103.82,26.8,1877,0.11
Welt,"Singapur",SG,1.35,103.82,26.8,1878,0.67
Welt,"Singapur",SG,1.35,103.82,26.8,1879,-0.54
Welt,"Singapur",SG,1.35,103.82,26.8,1880,-0.69
Welt,"Singapur",SG,1.35,103.82,26.8,1881,0
Welt,"Singapur",SG,1.35,103.82,26.8,1882,0.31
Welt,"Singapur",SG,1.35,103.82,26.8,1883,-0.27
Welt,"Singapur",SG,1.35,103.82,26.8,1884,-0.8
Welt,"Singapur",SG,1.35,103.82,26.8,1885,-0.46
Welt,"Singapur",SG,1.35,103.82,26.8,1886,-0.41
Welt,"Singapur",SG,1.35,103.82,26.8,1887,-0.48
Welt,"Singapur",SG,1.35,103.82,26.8,1888,-0.36
Welt,"Singapur",SG,1.35,103.82,26.8,1889,-0.32
Welt,"Singapur",SG,1.35,103.82,26.8,1890,-0.41
Welt,"Singapur",SG,1.35,103.82,26.8,1891,-0.31
Welt,"Singapur",SG,1.35,103.82,26.8,1892,-0.55
Welt,"Singapur",SG,1.35,103.82,26.8,1893,-0.52
Welt,"Singapur",SG,1.35,103.82,26.8,1894,-0.8
Welt,"Singapur",SG,1.35,103.82,26.8,1895,-0.66
Welt,"Singapur",SG,1.35,103.82,26.8,1896,-0.32
Welt,"Singapur",SG,1.35,103.82,26.8,1897,0.12
Welt,"Singapur",SG,1.35,103.82,26.8,1898,-0.44
Welt,"Singapur",SG,1.35,103.82,26.8,1899,-0.43
Welt,"Singapur",SG,1.35,103.82,26.8,1900,-0.73
Welt,"Singapur",SG,1.35,103.82,26.8,1901,-0.32
Welt,"Singapur",SG,1.35,103.82,26.8,1902,-0.51
Welt,"Singapur",SG,1.35,103.82,26.8,1903,-0.68
Welt,"Singapur",SG,1.35,103.82,26.8,1904,-0.3
Welt,"Singapur",SG,1.35,103.82,26.8,1905,-0.23
Welt,"Singapur",SG,1.35,103.82,26.8,1906,-0.56
Welt,"Singapur",SG,1.35,103.82,26.8,1907,-0.48
Welt,"Singapur",SG,1.35,103.82,26.8,1908,-0.19
Welt,"Singapur",SG,1.35,103.82,26.8,1909,-0.56
Welt,"Singapur",SG,1.35,103.82,26.8,1910,-1.02
Welt,"Singapur",SG,1.35,103.82,26.8,1911,-0.73
Welt,"Singapur",SG,1.35,103.82,26.8,1912,-0.78
Welt,"Singapur",SG,1.35,103.82,26.8,1913,-0.12
Welt,"Singapur",SG,1.35,103.82,26.8,1914,0.13
Welt,"Singapur",SG,1.35,103.82,26.8,1915,0.1
Welt,"Singapur",SG,1.35,103.82,26.8,1916,-0.15
Welt,"Singapur",SG,1.35,103.82,26.8,1917,-0.62
Welt,"Singapur",SG,1.35,103.82,26.8,1918,-0.58
Welt,"Singapur",SG,1.35,103.82,26.8,1919,-0.2
Welt,"Singapur",SG,1.35,103.82,26.8,1920,-0.13
Welt,"Singapur",SG,1.35,103.82,26.8,1921,-0.55
Welt,"Singapur",SG,1.35,103.82,26.8,1922,-0.44
Welt,"Singapur",SG,1.35,103.82,26.8,1923,-0.43
Welt,"Singapur",SG,1.35,103.82,26.8,1924,-0.66
Welt,"Singapur",SG,1.35,103.82,26.8,1925,-0.14
Welt,"Singapur",SG,1.35,103.82,26.8,1926,0.31
Welt,"Singapur",SG,1.35,103.82,26.8,1927,0.03
Welt,"Singapur",SG,1.35,103.82,26.8,1928,0
Welt,"Singapur",SG,1.35,103.82,26.8,1929,-0.58
Welt,"Singapur",SG,1.35,103.82,26.8,1930,-0.49
Welt,"Singapur",SG,1.35,103.82,26.8,1931,0.3
Welt,"Singapur",SG,1.35,103.82,26.8,1932,0.14
Welt,"Singapur",SG,1.35,103.82,26.8,1933,-0.18
Welt,"Singapur",SG,1.35,103.82,26.8,1934,-0.08
Welt,"Singapur",SG,1.35,103.82,26.8,1935,0.08
Welt,"Singapur",SG,1.35,103.82,26.8,1936,0
Welt,"Singapur",SG,1.35,103.82,26.8,1937,-0.03
Welt,"Singapur",SG,1.35,103.82,26.8,1938,0.02
Welt,"Singapur",SG,1.35,103.82,26.8,1939,0.05
Welt,"Singapur",SG,1.35,103.82,26.8,1940,0.34
Welt,"Singapur",SG,1.35,103.82,26.8,1941,0.04
Welt,"Singapur",SG,1.35,103.82,26.8,1942,0.01
Welt,"Singapur",SG,1.35,103.82,26.8,1943,0.08
Welt,"Singapur",SG,1.35,103.82,26.8,1944,0.03
Welt,"Singapur",SG,1.35,103.82,26.8,1945,0.01
Welt,"Singapur",SG,1.35,103.82,26.8,1946,0.03
Welt,"Singapur",SG,1.35,103.82,26.8,1947,-0.4
Welt,"Singapur",SG,1.35,103.82,26.8,1948,-0.01
Welt,"Singapur",SG,1.35,103.82,26.8,1949,-0.37
Welt,"Singapur",SG,1.35,103.82,26.8,1950,-0.42
Welt,"Singapur",SG,1.35,103.82,26.8,1951,0.21
Welt,"Singapur",SG,1.35,103.82,26.8,1952,0.27
Welt,"Singapur",SG,1.35,103.82,26.8,1953,0.1
Welt,"Singapur",SG,1.35,103.82,26.8,1954,0.07
Welt,"Singapur",SG,1.35,103.82,26.8,1955,0.29
Welt,"Singapur",SG,1.35,103.82,26.8,1956,-0.14
Welt,"Singapur",SG,1.35,103.82,26.8,1957,0.32
Welt,"Singapur",SG,1.35,103.82,26.8,1958,0.32
Welt,"Singapur",SG,1.35,103.82,26.8,1959,0.48
Welt,"Singapur",SG,1.35,103.82,26.8,1960,-0.05
Welt,"Singapur",SG,1.35,103.82,26.8,1961,0.26
Welt,"Singapur",SG,1.35,103.82,26.8,1962,0.08
Welt,"Singapur",SG,1.35,103.82,26.8,1963,0.22
Welt,"Singapur",SG,1.35,103.82,26.8,1964,-0.35
Welt,"Singapur",SG,1.35,103.82,26.8,1965,0.22
Welt,"Singapur",SG,1.35,103.82,26.8,1966,-0.19
Welt,"Singapur",SG,1.35,103.82,26.8,1967,-0.31
Welt,"Singapur",SG,1.35,103.82,26.8,1968,-0.5
Welt,"Singapur",SG,1.35,103.82,26.8,1969,-0.17
Welt,"Singapur",SG,1.35,103.82,26.8,1970,-0.12
Welt,"Singapur",SG,1.35,103.82,26.8,1971,-0.26
Welt,"Singapur",SG,1.35,103.82,26.8,1972,-0.09
Welt,"Singapur",SG,1.35,103.82,26.8,1973,-0.14
Welt,"Singapur",SG,1.35,103.82,26.8,1974,-0.5
Welt,"Singapur",SG,1.35,103.82,26.8,1975,0.32
Welt,"Singapur",SG,1.35,103.82,26.8,1976,-0.43
Welt,"Singapur",SG,1.35,103.82,26.8,1977,0.01
Welt,"Singapur",SG,1.35,103.82,26.8,1978,0.22
Welt,"Singapur",SG,1.35,103.82,26.8,1979,0.14
Welt,"Singapur",SG,1.35,103.82,26.8,1980,0.1
Welt,"Singapur",SG,1.35,103.82,26.8,1981,0.2
Welt,"Singapur",SG,1.35,103.82,26.8,1982,-0.32
Welt,"Singapur",SG,1.35,103.82,26.8,1983,-0.28
Welt,"Singapur",SG,1.35,103.82,26.8,1984,0.08
Welt,"Singapur",SG,1.35,103.82,26.8,1985,0.22
Welt,"Singapur",SG,1.35,103.82,26.8,1986,0.21
Welt,"Singapur",SG,1.35,103.82,26.8,1987,0.6
Welt,"Singapur",SG,1.35,103.82,26.8,1988,0.7
Welt,"Singapur",SG,1.35,103.82,26.8,1989,0.07
Welt,"Singapur",SG,1.35,103.82,26.8,1990,0.04
Welt,"Singapur",SG,1.35,103.82,26.8,1991,0.18
Welt,"Singapur",SG,1.35,103.82,26.8,1992,-0.43
Welt,"Singapur",SG,1.35,103.82,26.8,1993,0.35
Welt,"Singapur",SG,1.35,103.82,26.8,1994,0.45
Welt,"Singapur",SG,1.35,103.82,26.8,1995,0.23
Welt,"Singapur",SG,1.35,103.82,26.8,1996,0.15
Welt,"Singapur",SG,1.35,103.82,26.8,1997,0.73
Welt,"Singapur",SG,1.35,103.82,26.8,1998,0.83
Welt,"Singapur",SG,1.35,103.82,26.8,1999,0.23
Welt,"Singapur",SG,1.35,103.82,26.8,2000,0.29
Welt,"Singapur",SG,1.35,103.82,26.8,2001,0.77
Welt,"Singapur",SG,1.35,103.82,26.8,2002,0.7
Welt,"Singapur",SG,1.35,103.82,26.8,2003,0.56
Welt,"Singapur",SG,1.35,103.82,26.8,2004,0.78
Welt,"Singapur",SG,1.35,103.82,26.8,2005,0.39
Welt,"Singapur",SG,1.35,103.82,26.8,2006,0.39
Welt,"Singapur",SG,1.35,103.82,26.8,2007,0.37
Welt,"Singapur",SG,1.35,103.82,26.8,2008,0.27
Welt,"Singapur",SG,1.35,103.82,26.8,2009,0.63
Welt,"Singapur",SG,1.35,103.82,26.8,2010,0.71
Welt,"Singapur",SG,1.35,103.82,26.8,2011,0.13
Welt,"Singapur",SG,1.35,103.82,26.8,2012,0.42
Welt,"Singapur",SG,1.35,103.82,26.8,2013,1.07
Welt,"Singapur",SG,1.35,103.82,26.8,2014,0.92
Welt,"Singapur",SG,1.35,103.82,26.8,2015,1.01
Welt,"Singapur",SG,1.35,103.82,26.8,2016,1.31
Welt,"Singapur",SG,1.35,103.82,26.8,2017,1.35
Welt,"Singapur",SG,1.35,103.82,26.8,2018,1.07
Welt,"Singapur",SG,1.35,103.82,26.8,2019,1.05
Welt,"Singapur",SG,1.35,103.82,26.8,2020,1.16
Welt,"Singapur",SG,1.35,103.82,26.8,2021,1
Welt,"Singapur",SG,1.35,103.82,26.8,2022,0.96
Welt,"Singapur",SG,1.35,103.82,26.8,2023,1.49
Welt,"Singapur",SG,1.35,103.82,26.8,2024,1.73
Welt,"Singapur",SG,1.35,103.82,26.8,2025,1.4
Welt,"Nairobi",KE,-1.29,36.82,19,1850,-0.8
Welt,"Nairobi",KE,-1.29,36.82,19,1851,-0.08
Welt,"Nairobi",KE,-1.29,36.82,19,1852,0.09
Welt,"Nairobi",KE,-1.29,36.82,19,1853,-0.47
Welt,"Nairobi",KE,-1.29,36.82,19,1854,-0.84
Welt,"Nairobi",KE,-1.29,36.82,19,1855,-0.5
Welt,"Nairobi",KE,-1.29,36.82,19,1856,0.29
Welt,"Nairobi",KE,-1.29,36.82,19,1857,-0.17
Welt,"Nairobi",KE,-1.29,36.82,19,1858,-0.51
Welt,"Nairobi",KE,-1.29,36.82,19,1859,-0.79
Welt,"Nairobi",KE,-1.29,36.82,19,1860,-0.37
Welt,"Nairobi",KE,-1.29,36.82,19,1861,-0.78
Welt,"Nairobi",KE,-1.29,36.82,19,1862,-0.61
Welt,"Nairobi",KE,-1.29,36.82,19,1863,-0.19
Welt,"Nairobi",KE,-1.29,36.82,19,1864,-0.32
Welt,"Nairobi",KE,-1.29,36.82,19,1865,-0.18
Welt,"Nairobi",KE,-1.29,36.82,19,1866,0.04
Welt,"Nairobi",KE,-1.29,36.82,19,1867,-0.68
Welt,"Nairobi",KE,-1.29,36.82,19,1868,-0.62
Welt,"Nairobi",KE,-1.29,36.82,19,1869,-0.37
Welt,"Nairobi",KE,-1.29,36.82,19,1870,-0.15
Welt,"Nairobi",KE,-1.29,36.82,19,1871,-0.78
Welt,"Nairobi",KE,-1.29,36.82,19,1872,-1
Welt,"Nairobi",KE,-1.29,36.82,19,1873,-0.28
Welt,"Nairobi",KE,-1.29,36.82,19,1874,-0.27
Welt,"Nairobi",KE,-1.29,36.82,19,1875,-0.49
Welt,"Nairobi",KE,-1.29,36.82,19,1876,-0.61
Welt,"Nairobi",KE,-1.29,36.82,19,1877,-0.09
Welt,"Nairobi",KE,-1.29,36.82,19,1878,-0.21
Welt,"Nairobi",KE,-1.29,36.82,19,1879,-0.54
Welt,"Nairobi",KE,-1.29,36.82,19,1880,-0.04
Welt,"Nairobi",KE,-1.29,36.82,19,1881,-0.31
Welt,"Nairobi",KE,-1.29,36.82,19,1882,-0.84
Welt,"Nairobi",KE,-1.29,36.82,19,1883,-0.65
Welt,"Nairobi",KE,-1.29,36.82,19,1884,-0.6
Welt,"Nairobi",KE,-1.29,36.82,19,1885,-0.17
Welt,"Nairobi",KE,-1.29,36.82,19,1886,-0.58
Welt,"Nairobi",KE,-1.29,36.82,19,1887,-1.11
Welt,"Nairobi",KE,-1.29,36.82,19,1888,-0.34
Welt,"Nairobi",KE,-1.29,36.82,19,1889,-0.72
Welt,"Nairobi",KE,-1.29,36.82,19,1890,-0.14
Welt,"Nairobi",KE,-1.29,36.82,19,1891,0.06
Welt,"Nairobi",KE,-1.29,36.82,19,1892,-0.12
Welt,"Nairobi",KE,-1.29,36.82,19,1893,0.07
Welt,"Nairobi",KE,-1.29,36.82,19,1894,-0.08
Welt,"Nairobi",KE,-1.29,36.82,19,1895,-0.46
Welt,"Nairobi",KE,-1.29,36.82,19,1896,-0.77
Welt,"Nairobi",KE,-1.29,36.82,19,1897,-0.13
Welt,"Nairobi",KE,-1.29,36.82,19,1898,-0.18
Welt,"Nairobi",KE,-1.29,36.82,19,1899,-0.48
Welt,"Nairobi",KE,-1.29,36.82,19,1900,-0.47
Welt,"Nairobi",KE,-1.29,36.82,19,1901,-0.31
Welt,"Nairobi",KE,-1.29,36.82,19,1902,-0.39
Welt,"Nairobi",KE,-1.29,36.82,19,1903,-0.77
Welt,"Nairobi",KE,-1.29,36.82,19,1904,-0.35
Welt,"Nairobi",KE,-1.29,36.82,19,1905,-0.04
Welt,"Nairobi",KE,-1.29,36.82,19,1906,-0.6
Welt,"Nairobi",KE,-1.29,36.82,19,1907,-0.78
Welt,"Nairobi",KE,-1.29,36.82,19,1908,-0.71
Welt,"Nairobi",KE,-1.29,36.82,19,1909,-0.5
Welt,"Nairobi",KE,-1.29,36.82,19,1910,-1.16
Welt,"Nairobi",KE,-1.29,36.82,19,1911,-0.68
Welt,"Nairobi",KE,-1.29,36.82,19,1912,-0.43
Welt,"Nairobi",KE,-1.29,36.82,19,1913,-0.64
Welt,"Nairobi",KE,-1.29,36.82,19,1914,-0.04
Welt,"Nairobi",KE,-1.29,36.82,19,1915,0.44
Welt,"Nairobi",KE,-1.29,36.82,19,1916,-0.1
Welt,"Nairobi",KE,-1.29,36.82,19,1917,-0.21
Welt,"Nairobi",KE,-1.29,36.82,19,1918,-0.3
Welt,"Nairobi",KE,-1.29,36.82,19,1919,0.15
Welt,"Nairobi",KE,-1.29,36.82,19,1920,0.09
Welt,"Nairobi",KE,-1.29,36.82,19,1921,-0.05
Welt,"Nairobi",KE,-1.29,36.82,19,1922,0.33
Welt,"Nairobi",KE,-1.29,36.82,19,1923,-0.59
Welt,"Nairobi",KE,-1.29,36.82,19,1924,-0.08
Welt,"Nairobi",KE,-1.29,36.82,19,1925,-0.21
Welt,"Nairobi",KE,-1.29,36.82,19,1926,-0.12
Welt,"Nairobi",KE,-1.29,36.82,19,1927,-0.17
Welt,"Nairobi",KE,-1.29,36.82,19,1928,-0.82
Welt,"Nairobi",KE,-1.29,36.82,19,1929,0.01
Welt,"Nairobi",KE,-1.29,36.82,19,1930,-0.08
Welt,"Nairobi",KE,-1.29,36.82,19,1931,0.3
Welt,"Nairobi",KE,-1.29,36.82,19,1932,0.02
Welt,"Nairobi",KE,-1.29,36.82,19,1933,-0.27
Welt,"Nairobi",KE,-1.29,36.82,19,1934,0.1
Welt,"Nairobi",KE,-1.29,36.82,19,1935,0.28
Welt,"Nairobi",KE,-1.29,36.82,19,1936,0.02
Welt,"Nairobi",KE,-1.29,36.82,19,1937,-0.51
Welt,"Nairobi",KE,-1.29,36.82,19,1938,-0.06
Welt,"Nairobi",KE,-1.29,36.82,19,1939,-0.06
Welt,"Nairobi",KE,-1.29,36.82,19,1940,-0.09
Welt,"Nairobi",KE,-1.29,36.82,19,1941,0.2
Welt,"Nairobi",KE,-1.29,36.82,19,1942,0.52
Welt,"Nairobi",KE,-1.29,36.82,19,1943,0.16
Welt,"Nairobi",KE,-1.29,36.82,19,1944,0.7
Welt,"Nairobi",KE,-1.29,36.82,19,1945,-0.21
Welt,"Nairobi",KE,-1.29,36.82,19,1946,-0.87
Welt,"Nairobi",KE,-1.29,36.82,19,1947,-0.73
Welt,"Nairobi",KE,-1.29,36.82,19,1948,-0.59
Welt,"Nairobi",KE,-1.29,36.82,19,1949,-0.26
Welt,"Nairobi",KE,-1.29,36.82,19,1950,-0.42
Welt,"Nairobi",KE,-1.29,36.82,19,1951,-0.16
Welt,"Nairobi",KE,-1.29,36.82,19,1952,-0.47
Welt,"Nairobi",KE,-1.29,36.82,19,1953,-0.49
Welt,"Nairobi",KE,-1.29,36.82,19,1954,-0.19
Welt,"Nairobi",KE,-1.29,36.82,19,1955,-0.15
Welt,"Nairobi",KE,-1.29,36.82,19,1956,0.01
Welt,"Nairobi",KE,-1.29,36.82,19,1957,-0.02
Welt,"Nairobi",KE,-1.29,36.82,19,1958,0.15
Welt,"Nairobi",KE,-1.29,36.82,19,1959,0.1
Welt,"Nairobi",KE,-1.29,36.82,19,1960,0.03
Welt,"Nairobi",KE,-1.29,36.82,19,1961,-0.19
Welt,"Nairobi",KE,-1.29,36.82,19,1962,-0.04
Welt,"Nairobi",KE,-1.29,36.82,19,1963,0.11
Welt,"Nairobi",KE,-1.29,36.82,19,1964,-0.34
Welt,"Nairobi",KE,-1.29,36.82,19,1965,0.36
Welt,"Nairobi",KE,-1.29,36.82,19,1966,-0.32
Welt,"Nairobi",KE,-1.29,36.82,19,1967,-0.54
Welt,"Nairobi",KE,-1.29,36.82,19,1968,-0.65
Welt,"Nairobi",KE,-1.29,36.82,19,1969,-0.61
Welt,"Nairobi",KE,-1.29,36.82,19,1970,0.1
Welt,"Nairobi",KE,-1.29,36.82,19,1971,-0.56
Welt,"Nairobi",KE,-1.29,36.82,19,1972,-0.05
Welt,"Nairobi",KE,-1.29,36.82,19,1973,-0.07
Welt,"Nairobi",KE,-1.29,36.82,19,1974,-0.8
Welt,"Nairobi",KE,-1.29,36.82,19,1975,-0.28
Welt,"Nairobi",KE,-1.29,36.82,19,1976,-0.05
Welt,"Nairobi",KE,-1.29,36.82,19,1977,0.34
Welt,"Nairobi",KE,-1.29,36.82,19,1978,0.24
Welt,"Nairobi",KE,-1.29,36.82,19,1979,0.01
Welt,"Nairobi",KE,-1.29,36.82,19,1980,0.19
Welt,"Nairobi",KE,-1.29,36.82,19,1981,0.3
Welt,"Nairobi",KE,-1.29,36.82,19,1982,0.23
Welt,"Nairobi",KE,-1.29,36.82,19,1983,0.02
Welt,"Nairobi",KE,-1.29,36.82,19,1984,0.36
Welt,"Nairobi",KE,-1.29,36.82,19,1985,0.41
Welt,"Nairobi",KE,-1.29,36.82,19,1986,-0.35
Welt,"Nairobi",KE,-1.29,36.82,19,1987,0.67
Welt,"Nairobi",KE,-1.29,36.82,19,1988,0.61
Welt,"Nairobi",KE,-1.29,36.82,19,1989,0.65
Welt,"Nairobi",KE,-1.29,36.82,19,1990,0.25
Welt,"Nairobi",KE,-1.29,36.82,19,1991,0.28
Welt,"Nairobi",KE,-1.29,36.82,19,1992,-0.36
Welt,"Nairobi",KE,-1.29,36.82,19,1993,-0.35
Welt,"Nairobi",KE,-1.29,36.82,19,1994,0.05
Welt,"Nairobi",KE,-1.29,36.82,19,1995,-0.11
Welt,"Nairobi",KE,-1.29,36.82,19,1996,0.61
Welt,"Nairobi",KE,-1.29,36.82,19,1997,0.66
Welt,"Nairobi",KE,-1.29,36.82,19,1998,0.42
Welt,"Nairobi",KE,-1.29,36.82,19,1999,0.13
Welt,"Nairobi",KE,-1.29,36.82,19,2000,-0.04
Welt,"Nairobi",KE,-1.29,36.82,19,2001,-0.22
Welt,"Nairobi",KE,-1.29,36.82,19,2002,0.52
Welt,"Nairobi",KE,-1.29,36.82,19,2003,0.16
Welt,"Nairobi",KE,-1.29,36.82,19,2004,-0.16
Welt,"Nairobi",KE,-1.29,36.82,19,2005,0.56
Welt,"Nairobi",KE,-1.29,36.82,19,2006,0.55
Welt,"Nairobi",KE,-1.29,36.82,19,2007,0.32
Welt,"Nairobi",KE,-1.29,36.82,19,2008,0.31
Welt,"Nairobi",KE,-1.29,36.82,19,2009,1
Welt,"Nairobi",KE,-1.29,36.82,19,2010,0.41
Welt,"Nairobi",KE,-1.29,36.82,19,2011,0.36
Welt,"Nairobi",KE,-1.29,36.82,19,2012,0.25
Welt,"Nairobi",KE,-1.29,36.82,19,2013,0.2
Welt,"Nairobi",KE,-1.29,36.82,19,2014,0.57
Welt,"Nairobi",KE,-1.29,36.82,19,2015,1.35
Welt,"Nairobi",KE,-1.29,36.82,19,2016,1.19
Welt,"Nairobi",KE,-1.29,36.82,19,2017,1.08
Welt,"Nairobi",KE,-1.29,36.82,19,2018,0.77
Welt,"Nairobi",KE,-1.29,36.82,19,2019,0.93
Welt,"Nairobi",KE,-1.29,36.82,19,2020,0.52
Welt,"Nairobi",KE,-1.29,36.82,19,2021,0.5
Welt,"Nairobi",KE,-1.29,36.82,19,2022,0.53
Welt,"Nairobi",KE,-1.29,36.82,19,2023,1.14
Welt,"Nairobi",KE,-1.29,36.82,19,2024,1.51
Welt,"Nairobi",KE,-1.29,36.82,19,2025,1.1
Welt,"Jakarta",ID,-6.21,106.85,26.9,1850,-0.81
Welt,"Jakarta",ID,-6.21,106.85,26.9,1851,-0.82
Welt,"Jakarta",ID,-6.21,106.85,26.9,1852,-0.56
Welt,"Jakarta",ID,-6.21,106.85,26.9,1853,-0.55
Welt,"Jakarta",ID,-6.21,106.85,26.9,1854,-0.13
Welt,"Jakarta",ID,-6.21,106.85,26.9,1855,-0.6
Welt,"Jakarta",ID,-6.21,106.85,26.9,1856,-0.33
Welt,"Jakarta",ID,-6.21,106.85,26.9,1857,0.07
Welt,"Jakarta",ID,-6.21,106.85,26.9,1858,-0.08
Welt,"Jakarta",ID,-6.21,106.85,26.9,1859,-0.16
Welt,"Jakarta",ID,-6.21,106.85,26.9,1860,-0.48
Welt,"Jakarta",ID,-6.21,106.85,26.9,1861,-1.01
Welt,"Jakarta",ID,-6.21,106.85,26.9,1862,-0.93
Welt,"Jakarta",ID,-6.21,106.85,26.9,1863,-0.5
Welt,"Jakarta",ID,-6.21,106.85,26.9,1864,-0.34
Welt,"Jakarta",ID,-6.21,106.85,26.9,1865,-0.67
Welt,"Jakarta",ID,-6.21,106.85,26.9,1866,-0.41
Welt,"Jakarta",ID,-6.21,106.85,26.9,1867,-0.34
Welt,"Jakarta",ID,-6.21,106.85,26.9,1868,-0.78
Welt,"Jakarta",ID,-6.21,106.85,26.9,1869,-1.03
Welt,"Jakarta",ID,-6.21,106.85,26.9,1870,-0.57
Welt,"Jakarta",ID,-6.21,106.85,26.9,1871,-0.55
Welt,"Jakarta",ID,-6.21,106.85,26.9,1872,-0.82
Welt,"Jakarta",ID,-6.21,106.85,26.9,1873,-0.23
Welt,"Jakarta",ID,-6.21,106.85,26.9,1874,-0.3
Welt,"Jakarta",ID,-6.21,106.85,26.9,1875,-0.84
Welt,"Jakarta",ID,-6.21,106.85,26.9,1876,-0.62
Welt,"Jakarta",ID,-6.21,106.85,26.9,1877,-0.29
Welt,"Jakarta",ID,-6.21,106.85,26.9,1878,-0.27
Welt,"Jakarta",ID,-6.21,106.85,26.9,1879,-0.27
Welt,"Jakarta",ID,-6.21,106.85,26.9,1880,-0.52
Welt,"Jakarta",ID,-6.21,106.85,26.9,1881,-0.24
Welt,"Jakarta",ID,-6.21,106.85,26.9,1882,0.09
Welt,"Jakarta",ID,-6.21,106.85,26.9,1883,-0.26
Welt,"Jakarta",ID,-6.21,106.85,26.9,1884,-1.01
Welt,"Jakarta",ID,-6.21,106.85,26.9,1885,-0.8
Welt,"Jakarta",ID,-6.21,106.85,26.9,1886,-0.39
Welt,"Jakarta",ID,-6.21,106.85,26.9,1887,-0.17
Welt,"Jakarta",ID,-6.21,106.85,26.9,1888,0.11
Welt,"Jakarta",ID,-6.21,106.85,26.9,1889,0.36
Welt,"Jakarta",ID,-6.21,106.85,26.9,1890,-0.34
Welt,"Jakarta",ID,-6.21,106.85,26.9,1891,-0.49
Welt,"Jakarta",ID,-6.21,106.85,26.9,1892,-1.13
Welt,"Jakarta",ID,-6.21,106.85,26.9,1893,-0.83
Welt,"Jakarta",ID,-6.21,106.85,26.9,1894,-0.52
Welt,"Jakarta",ID,-6.21,106.85,26.9,1895,-0.09
Welt,"Jakarta",ID,-6.21,106.85,26.9,1896,-0.44
Welt,"Jakarta",ID,-6.21,106.85,26.9,1897,-0.65
Welt,"Jakarta",ID,-6.21,106.85,26.9,1898,-0.58
Welt,"Jakarta",ID,-6.21,106.85,26.9,1899,-0.67
Welt,"Jakarta",ID,-6.21,106.85,26.9,1900,-0.68
Welt,"Jakarta",ID,-6.21,106.85,26.9,1901,-0.33
Welt,"Jakarta",ID,-6.21,106.85,26.9,1902,-0.68
Welt,"Jakarta",ID,-6.21,106.85,26.9,1903,-0.67
Welt,"Jakarta",ID,-6.21,106.85,26.9,1904,-1.32
Welt,"Jakarta",ID,-6.21,106.85,26.9,1905,-0.62
Welt,"Jakarta",ID,-6.21,106.85,26.9,1906,-0.65
Welt,"Jakarta",ID,-6.21,106.85,26.9,1907,-0.89
Welt,"Jakarta",ID,-6.21,106.85,26.9,1908,-0.94
Welt,"Jakarta",ID,-6.21,106.85,26.9,1909,-0.89
Welt,"Jakarta",ID,-6.21,106.85,26.9,1910,-0.78
Welt,"Jakarta",ID,-6.21,106.85,26.9,1911,-0.97
Welt,"Jakarta",ID,-6.21,106.85,26.9,1912,-0.57
Welt,"Jakarta",ID,-6.21,106.85,26.9,1913,-0.36
Welt,"Jakarta",ID,-6.21,106.85,26.9,1914,-0.28
Welt,"Jakarta",ID,-6.21,106.85,26.9,1915,0.14
Welt,"Jakarta",ID,-6.21,106.85,26.9,1916,-0.54
Welt,"Jakarta",ID,-6.21,106.85,26.9,1917,-0.62
Welt,"Jakarta",ID,-6.21,106.85,26.9,1918,-0.3
Welt,"Jakarta",ID,-6.21,106.85,26.9,1919,-0.47
Welt,"Jakarta",ID,-6.21,106.85,26.9,1920,-0.41
Welt,"Jakarta",ID,-6.21,106.85,26.9,1921,-0.5
Welt,"Jakarta",ID,-6.21,106.85,26.9,1922,-0.74
Welt,"Jakarta",ID,-6.21,106.85,26.9,1923,-0.8
Welt,"Jakarta",ID,-6.21,106.85,26.9,1924,-0.49
Welt,"Jakarta",ID,-6.21,106.85,26.9,1925,-0.5
Welt,"Jakarta",ID,-6.21,106.85,26.9,1926,0.2
Welt,"Jakarta",ID,-6.21,106.85,26.9,1927,-0.03
Welt,"Jakarta",ID,-6.21,106.85,26.9,1928,-0.37
Welt,"Jakarta",ID,-6.21,106.85,26.9,1929,0.05
Welt,"Jakarta",ID,-6.21,106.85,26.9,1930,-0.46
Welt,"Jakarta",ID,-6.21,106.85,26.9,1931,-0.13
Welt,"Jakarta",ID,-6.21,106.85,26.9,1932,-0.32
Welt,"Jakarta",ID,-6.21,106.85,26.9,1933,-0.71
Welt,"Jakarta",ID,-6.21,106.85,26.9,1934,-0.52
Welt,"Jakarta",ID,-6.21,106.85,26.9,1935,-0.25
Welt,"Jakarta",ID,-6.21,106.85,26.9,1936,-0.45
Welt,"Jakarta",ID,-6.21,106.85,26.9,1937,0.17
Welt,"Jakarta",ID,-6.21,106.85,26.9,1938,-0.04
Welt,"Jakarta",ID,-6.21,106.85,26.9,1939,-0.01
Welt,"Jakarta",ID,-6.21,106.85,26.9,1940,0.53
Welt,"Jakarta",ID,-6.21,106.85,26.9,1941,0.43
Welt,"Jakarta",ID,-6.21,106.85,26.9,1942,0.16
Welt,"Jakarta",ID,-6.21,106.85,26.9,1943,-0.22
Welt,"Jakarta",ID,-6.21,106.85,26.9,1944,-0.19
Welt,"Jakarta",ID,-6.21,106.85,26.9,1945,-0.45
Welt,"Jakarta",ID,-6.21,106.85,26.9,1946,-0.48
Welt,"Jakarta",ID,-6.21,106.85,26.9,1947,-0.29
Welt,"Jakarta",ID,-6.21,106.85,26.9,1948,-0.48
Welt,"Jakarta",ID,-6.21,106.85,26.9,1949,-0.64
Welt,"Jakarta",ID,-6.21,106.85,26.9,1950,-0.91
Welt,"Jakarta",ID,-6.21,106.85,26.9,1951,-0.3
Welt,"Jakarta",ID,-6.21,106.85,26.9,1952,0.39
Welt,"Jakarta",ID,-6.21,106.85,26.9,1953,0.64
Welt,"Jakarta",ID,-6.21,106.85,26.9,1954,0
Welt,"Jakarta",ID,-6.21,106.85,26.9,1955,-0.5
Welt,"Jakarta",ID,-6.21,106.85,26.9,1956,-0.41
Welt,"Jakarta",ID,-6.21,106.85,26.9,1957,-0.06
Welt,"Jakarta",ID,-6.21,106.85,26.9,1958,0.52
Welt,"Jakarta",ID,-6.21,106.85,26.9,1959,0.03
Welt,"Jakarta",ID,-6.21,106.85,26.9,1960,0.31
Welt,"Jakarta",ID,-6.21,106.85,26.9,1961,0.51
Welt,"Jakarta",ID,-6.21,106.85,26.9,1962,0.03
Welt,"Jakarta",ID,-6.21,106.85,26.9,1963,-0.18
Welt,"Jakarta",ID,-6.21,106.85,26.9,1964,-0.82
Welt,"Jakarta",ID,-6.21,106.85,26.9,1965,-0.02
Welt,"Jakarta",ID,-6.21,106.85,26.9,1966,-0.45
Welt,"Jakarta",ID,-6.21,106.85,26.9,1967,-0.65
Welt,"Jakarta",ID,-6.21,106.85,26.9,1968,-0.09
Welt,"Jakarta",ID,-6.21,106.85,26.9,1969,-0.39
Welt,"Jakarta",ID,-6.21,106.85,26.9,1970,-0.88
Welt,"Jakarta",ID,-6.21,106.85,26.9,1971,-0.7
Welt,"Jakarta",ID,-6.21,106.85,26.9,1972,0.05
Welt,"Jakarta",ID,-6.21,106.85,26.9,1973,0.26
Welt,"Jakarta",ID,-6.21,106.85,26.9,1974,-0.1
Welt,"Jakarta",ID,-6.21,106.85,26.9,1975,0.17
Welt,"Jakarta",ID,-6.21,106.85,26.9,1976,0.26
Welt,"Jakarta",ID,-6.21,106.85,26.9,1977,-0.04
Welt,"Jakarta",ID,-6.21,106.85,26.9,1978,0.13
Welt,"Jakarta",ID,-6.21,106.85,26.9,1979,0.43
Welt,"Jakarta",ID,-6.21,106.85,26.9,1980,0.19
Welt,"Jakarta",ID,-6.21,106.85,26.9,1981,0.53
Welt,"Jakarta",ID,-6.21,106.85,26.9,1982,0.05
Welt,"Jakarta",ID,-6.21,106.85,26.9,1983,0.48
Welt,"Jakarta",ID,-6.21,106.85,26.9,1984,-0.38
Welt,"Jakarta",ID,-6.21,106.85,26.9,1985,-0.26
Welt,"Jakarta",ID,-6.21,106.85,26.9,1986,0.15
Welt,"Jakarta",ID,-6.21,106.85,26.9,1987,0.61
Welt,"Jakarta",ID,-6.21,106.85,26.9,1988,0.52
Welt,"Jakarta",ID,-6.21,106.85,26.9,1989,0.38
Welt,"Jakarta",ID,-6.21,106.85,26.9,1990,0.22
Welt,"Jakarta",ID,-6.21,106.85,26.9,1991,0.28
Welt,"Jakarta",ID,-6.21,106.85,26.9,1992,-0.19
Welt,"Jakarta",ID,-6.21,106.85,26.9,1993,0.01
Welt,"Jakarta",ID,-6.21,106.85,26.9,1994,0.09
Welt,"Jakarta",ID,-6.21,106.85,26.9,1995,0.48
Welt,"Jakarta",ID,-6.21,106.85,26.9,1996,0.25
Welt,"Jakarta",ID,-6.21,106.85,26.9,1997,0.49
Welt,"Jakarta",ID,-6.21,106.85,26.9,1998,0.3
Welt,"Jakarta",ID,-6.21,106.85,26.9,1999,0.17
Welt,"Jakarta",ID,-6.21,106.85,26.9,2000,0.14
Welt,"Jakarta",ID,-6.21,106.85,26.9,2001,0.26
Welt,"Jakarta",ID,-6.21,106.85,26.9,2002,0.11
Welt,"Jakarta",ID,-6.21,106.85,26.9,2003,0.64
Welt,"Jakarta",ID,-6.21,106.85,26.9,2004,0.77
Welt,"Jakarta",ID,-6.21,106.85,26.9,2005,0.3
Welt,"Jakarta",ID,-6.21,106.85,26.9,2006,0.38
Welt,"Jakarta",ID,-6.21,106.85,26.9,2007,0
Welt,"Jakarta",ID,-6.21,106.85,26.9,2008,-0.32
Welt,"Jakarta",ID,-6.21,106.85,26.9,2009,0.63
Welt,"Jakarta",ID,-6.21,106.85,26.9,2010,0.86
Welt,"Jakarta",ID,-6.21,106.85,26.9,2011,0.29
Welt,"Jakarta",ID,-6.21,106.85,26.9,2012,0.57
Welt,"Jakarta",ID,-6.21,106.85,26.9,2013,0.58
Welt,"Jakarta",ID,-6.21,106.85,26.9,2014,0.76
Welt,"Jakarta",ID,-6.21,106.85,26.9,2015,1.06
Welt,"Jakarta",ID,-6.21,106.85,26.9,2016,1.26
Welt,"Jakarta",ID,-6.21,106.85,26.9,2017,1.16
Welt,"Jakarta",ID,-6.21,106.85,26.9,2018,0.88
Welt,"Jakarta",ID,-6.21,106.85,26.9,2019,1.01
Welt,"Jakarta",ID,-6.21,106.85,26.9,2020,1.06
Welt,"Jakarta",ID,-6.21,106.85,26.9,2021,0.8
Welt,"Jakarta",ID,-6.21,106.85,26.9,2022,0.44
Welt,"Jakarta",ID,-6.21,106.85,26.9,2023,1.4
Welt,"Jakarta",ID,-6.21,106.85,26.9,2024,1.49
Welt,"Jakarta",ID,-6.21,106.85,26.9,2025,1.35
Welt,"Lima",PE,-12.05,-77.04,19.2,1850,-0.48
Welt,"Lima",PE,-12.05,-77.04,19.2,1851,-0.28
Welt,"Lima",PE,-12.05,-77.04,19.2,1852,0.34
Welt,"Lima",PE,-12.05,-77.04,19.2,1853,-0.3
Welt,"Lima",PE,-12.05,-77.04,19.2,1854,-0.07
Welt,"Lima",PE,-12.05,-77.04,19.2,1855,0.54
Welt,"Lima",PE,-12.05,-77.04,19.2,1856,0.71
Welt,"Lima",PE,-12.05,-77.04,19.2,1857,0.42
Welt,"Lima",PE,-12.05,-77.04,19.2,1858,-0.73
Welt,"Lima",PE,-12.05,-77.04,19.2,1859,-0.6
Welt,"Lima",PE,-12.05,-77.04,19.2,1860,-0.34
Welt,"Lima",PE,-12.05,-77.04,19.2,1861,0.3
Welt,"Lima",PE,-12.05,-77.04,19.2,1862,-0.11
Welt,"Lima",PE,-12.05,-77.04,19.2,1863,-0.88
Welt,"Lima",PE,-12.05,-77.04,19.2,1864,-0.86
Welt,"Lima",PE,-12.05,-77.04,19.2,1865,-0.46
Welt,"Lima",PE,-12.05,-77.04,19.2,1866,-0.21
Welt,"Lima",PE,-12.05,-77.04,19.2,1867,-0.05
Welt,"Lima",PE,-12.05,-77.04,19.2,1868,-0.05
Welt,"Lima",PE,-12.05,-77.04,19.2,1869,-0.49
Welt,"Lima",PE,-12.05,-77.04,19.2,1870,0.3
Welt,"Lima",PE,-12.05,-77.04,19.2,1871,-0.36
Welt,"Lima",PE,-12.05,-77.04,19.2,1872,-0.06
Welt,"Lima",PE,-12.05,-77.04,19.2,1873,-0.71
Welt,"Lima",PE,-12.05,-77.04,19.2,1874,-0.06
Welt,"Lima",PE,-12.05,-77.04,19.2,1875,-0.18
Welt,"Lima",PE,-12.05,-77.04,19.2,1876,-0.78
Welt,"Lima",PE,-12.05,-77.04,19.2,1877,-0.23
Welt,"Lima",PE,-12.05,-77.04,19.2,1878,0.12
Welt,"Lima",PE,-12.05,-77.04,19.2,1879,-0.63
Welt,"Lima",PE,-12.05,-77.04,19.2,1880,0.06
Welt,"Lima",PE,-12.05,-77.04,19.2,1881,-0.44
Welt,"Lima",PE,-12.05,-77.04,19.2,1882,0.15
Welt,"Lima",PE,-12.05,-77.04,19.2,1883,-0.08
Welt,"Lima",PE,-12.05,-77.04,19.2,1884,0.12
Welt,"Lima",PE,-12.05,-77.04,19.2,1885,0.38
Welt,"Lima",PE,-12.05,-77.04,19.2,1886,-0.73
Welt,"Lima",PE,-12.05,-77.04,19.2,1887,-0.48
Welt,"Lima",PE,-12.05,-77.04,19.2,1888,-0.48
Welt,"Lima",PE,-12.05,-77.04,19.2,1889,-0.02
Welt,"Lima",PE,-12.05,-77.04,19.2,1890,-0.07
Welt,"Lima",PE,-12.05,-77.04,19.2,1891,-0.81
Welt,"Lima",PE,-12.05,-77.04,19.2,1892,-0.29
Welt,"Lima",PE,-12.05,-77.04,19.2,1893,-0.8
Welt,"Lima",PE,-12.05,-77.04,19.2,1894,-0.66
Welt,"Lima",PE,-12.05,-77.04,19.2,1895,0.21
Welt,"Lima",PE,-12.05,-77.04,19.2,1896,-0.07
Welt,"Lima",PE,-12.05,-77.04,19.2,1897,-0.27
Welt,"Lima",PE,-12.05,-77.04,19.2,1898,-0.27
Welt,"Lima",PE,-12.05,-77.04,19.2,1899,-0.54
Welt,"Lima",PE,-12.05,-77.04,19.2,1900,-0.01
Welt,"Lima",PE,-12.05,-77.04,19.2,1901,-0.09
Welt,"Lima",PE,-12.05,-77.04,19.2,1902,-0.41
Welt,"Lima",PE,-12.05,-77.04,19.2,1903,-0.34
Welt,"Lima",PE,-12.05,-77.04,19.2,1904,-0.91
Welt,"Lima",PE,-12.05,-77.04,19.2,1905,-1
Welt,"Lima",PE,-12.05,-77.04,19.2,1906,0.12
Welt,"Lima",PE,-12.05,-77.04,19.2,1907,0.08
Welt,"Lima",PE,-12.05,-77.04,19.2,1908,-0.67
Welt,"Lima",PE,-12.05,-77.04,19.2,1909,-0.63
Welt,"Lima",PE,-12.05,-77.04,19.2,1910,-0.67
Welt,"Lima",PE,-12.05,-77.04,19.2,1911,-0.25
Welt,"Lima",PE,-12.05,-77.04,19.2,1912,-0.05
Welt,"Lima",PE,-12.05,-77.04,19.2,1913,-0.3
Welt,"Lima",PE,-12.05,-77.04,19.2,1914,-0.25
Welt,"Lima",PE,-12.05,-77.04,19.2,1915,-0.54
Welt,"Lima",PE,-12.05,-77.04,19.2,1916,0.05
Welt,"Lima",PE,-12.05,-77.04,19.2,1917,-0.37
Welt,"Lima",PE,-12.05,-77.04,19.2,1918,-0.32
Welt,"Lima",PE,-12.05,-77.04,19.2,1919,-0.15
Welt,"Lima",PE,-12.05,-77.04,19.2,1920,0.64
Welt,"Lima",PE,-12.05,-77.04,19.2,1921,-0.02
Welt,"Lima",PE,-12.05,-77.04,19.2,1922,0.05
Welt,"Lima",PE,-12.05,-77.04,19.2,1923,0.5
Welt,"Lima",PE,-12.05,-77.04,19.2,1924,0.71
Welt,"Lima",PE,-12.05,-77.04,19.2,1925,-0.01
Welt,"Lima",PE,-12.05,-77.04,19.2,1926,-0.45
Welt,"Lima",PE,-12.05,-77.04,19.2,1927,-0.54
Welt,"Lima",PE,-12.05,-77.04,19.2,1928,0.01
Welt,"Lima",PE,-12.05,-77.04,19.2,1929,-0.87
Welt,"Lima",PE,-12.05,-77.04,19.2,1930,-0.22
Welt,"Lima",PE,-12.05,-77.04,19.2,1931,0.2
Welt,"Lima",PE,-12.05,-77.04,19.2,1932,0.66
Welt,"Lima",PE,-12.05,-77.04,19.2,1933,-0.15
Welt,"Lima",PE,-12.05,-77.04,19.2,1934,-0.35
Welt,"Lima",PE,-12.05,-77.04,19.2,1935,-0.68
Welt,"Lima",PE,-12.05,-77.04,19.2,1936,-0.2
Welt,"Lima",PE,-12.05,-77.04,19.2,1937,-0.17
Welt,"Lima",PE,-12.05,-77.04,19.2,1938,-0.49
Welt,"Lima",PE,-12.05,-77.04,19.2,1939,-0.08
Welt,"Lima",PE,-12.05,-77.04,19.2,1940,0.15
Welt,"Lima",PE,-12.05,-77.04,19.2,1941,-0.43
Welt,"Lima",PE,-12.05,-77.04,19.2,1942,0.19
Welt,"Lima",PE,-12.05,-77.04,19.2,1943,0.03
Welt,"Lima",PE,-12.05,-77.04,19.2,1944,0.17
Welt,"Lima",PE,-12.05,-77.04,19.2,1945,-0.58
Welt,"Lima",PE,-12.05,-77.04,19.2,1946,-0.58
Welt,"Lima",PE,-12.05,-77.04,19.2,1947,0.13
Welt,"Lima",PE,-12.05,-77.04,19.2,1948,-0.35
Welt,"Lima",PE,-12.05,-77.04,19.2,1949,0.14
Welt,"Lima",PE,-12.05,-77.04,19.2,1950,-0.23
Welt,"Lima",PE,-12.05,-77.04,19.2,1951,0.17
Welt,"Lima",PE,-12.05,-77.04,19.2,1952,-0.45
Welt,"Lima",PE,-12.05,-77.04,19.2,1953,0.6
Welt,"Lima",PE,-12.05,-77.04,19.2,1954,0.02
Welt,"Lima",PE,-12.05,-77.04,19.2,1955,0.15
Welt,"Lima",PE,-12.05,-77.04,19.2,1956,-0.15
Welt,"Lima",PE,-12.05,-77.04,19.2,1957,0.35
Welt,"Lima",PE,-12.05,-77.04,19.2,1958,-0.37
Welt,"Lima",PE,-12.05,-77.04,19.2,1959,0.23
Welt,"Lima",PE,-12.05,-77.04,19.2,1960,0.53
Welt,"Lima",PE,-12.05,-77.04,19.2,1961,-0.24
Welt,"Lima",PE,-12.05,-77.04,19.2,1962,-0.36
Welt,"Lima",PE,-12.05,-77.04,19.2,1963,-0.3
Welt,"Lima",PE,-12.05,-77.04,19.2,1964,-1
Welt,"Lima",PE,-12.05,-77.04,19.2,1965,-0.54
Welt,"Lima",PE,-12.05,-77.04,19.2,1966,-0.86
Welt,"Lima",PE,-12.05,-77.04,19.2,1967,-0.26
Welt,"Lima",PE,-12.05,-77.04,19.2,1968,-0.68
Welt,"Lima",PE,-12.05,-77.04,19.2,1969,-0.25
Welt,"Lima",PE,-12.05,-77.04,19.2,1970,-0.7
Welt,"Lima",PE,-12.05,-77.04,19.2,1971,-0.37
Welt,"Lima",PE,-12.05,-77.04,19.2,1972,-0.07
Welt,"Lima",PE,-12.05,-77.04,19.2,1973,0.02
Welt,"Lima",PE,-12.05,-77.04,19.2,1974,0.07
Welt,"Lima",PE,-12.05,-77.04,19.2,1975,0.05
Welt,"Lima",PE,-12.05,-77.04,19.2,1976,0.26
Welt,"Lima",PE,-12.05,-77.04,19.2,1977,-0.38
Welt,"Lima",PE,-12.05,-77.04,19.2,1978,0.08
Welt,"Lima",PE,-12.05,-77.04,19.2,1979,0.16
Welt,"Lima",PE,-12.05,-77.04,19.2,1980,0.48
Welt,"Lima",PE,-12.05,-77.04,19.2,1981,0.48
Welt,"Lima",PE,-12.05,-77.04,19.2,1982,0.8
Welt,"Lima",PE,-12.05,-77.04,19.2,1983,0.97
Welt,"Lima",PE,-12.05,-77.04,19.2,1984,-0.14
Welt,"Lima",PE,-12.05,-77.04,19.2,1985,-0.27
Welt,"Lima",PE,-12.05,-77.04,19.2,1986,0.41
Welt,"Lima",PE,-12.05,-77.04,19.2,1987,1.3
Welt,"Lima",PE,-12.05,-77.04,19.2,1988,1.42
Welt,"Lima",PE,-12.05,-77.04,19.2,1989,0
Welt,"Lima",PE,-12.05,-77.04,19.2,1990,-0.04
Welt,"Lima",PE,-12.05,-77.04,19.2,1991,0.04
Welt,"Lima",PE,-12.05,-77.04,19.2,1992,-0.44
Welt,"Lima",PE,-12.05,-77.04,19.2,1993,0.25
Welt,"Lima",PE,-12.05,-77.04,19.2,1994,-0.23
Welt,"Lima",PE,-12.05,-77.04,19.2,1995,0.74
Welt,"Lima",PE,-12.05,-77.04,19.2,1996,0.7
Welt,"Lima",PE,-12.05,-77.04,19.2,1997,1.23
Welt,"Lima",PE,-12.05,-77.04,19.2,1998,1.18
Welt,"Lima",PE,-12.05,-77.04,19.2,1999,0.51
Welt,"Lima",PE,-12.05,-77.04,19.2,2000,0.47
Welt,"Lima",PE,-12.05,-77.04,19.2,2001,0.44
Welt,"Lima",PE,-12.05,-77.04,19.2,2002,0.49
Welt,"Lima",PE,-12.05,-77.04,19.2,2003,0.25
Welt,"Lima",PE,-12.05,-77.04,19.2,2004,0.22
Welt,"Lima",PE,-12.05,-77.04,19.2,2005,0.87
Welt,"Lima",PE,-12.05,-77.04,19.2,2006,0.53
Welt,"Lima",PE,-12.05,-77.04,19.2,2007,0.11
Welt,"Lima",PE,-12.05,-77.04,19.2,2008,0.58
Welt,"Lima",PE,-12.05,-77.04,19.2,2009,0.07
Welt,"Lima",PE,-12.05,-77.04,19.2,2010,0.39
Welt,"Lima",PE,-12.05,-77.04,19.2,2011,-0.02
Welt,"Lima",PE,-12.05,-77.04,19.2,2012,1.11
Welt,"Lima",PE,-12.05,-77.04,19.2,2013,0.98
Welt,"Lima",PE,-12.05,-77.04,19.2,2014,0.33
Welt,"Lima",PE,-12.05,-77.04,19.2,2015,0.05
Welt,"Lima",PE,-12.05,-77.04,19.2,2016,1.18
Welt,"Lima",PE,-12.05,-77.04,19.2,2017,0.78
Welt,"Lima",PE,-12.05,-77.04,19.2,2018,0.74
Welt,"Lima",PE,-12.05,-77.04,19.2,2019,0.79
Welt,"Lima",PE,-12.05,-77.04,19.2,2020,0.87
Welt,"Lima",PE,-12.05,-77.04,19.2,2021,0.83
Welt,"Lima",PE,-12.05,-77.04,19.2,2022,0.88
Welt,"Lima",PE,-12.05,-77.04,19.2,2023,1.19
Welt,"Lima",PE,-12.05,-77.04,19.2,2024,1.45
Welt,"Lima",PE,-12.05,-77.04,19.2,2025,0.62
Welt,"São Paulo",BR,-23.55,-46.63,19,1850,-0.14
Welt,"São Paulo",BR,-23.55,-46.63,19,1851,0.27
Welt,"São Paulo",BR,-23.55,-46.63,19,1852,-0.47
Welt,"São Paulo",BR,-23.55,-46.63,19,1853,-0.91
Welt,"São Paulo",BR,-23.55,-46.63,19,1854,-0.55
Welt,"São Paulo",BR,-23.55,-46.63,19,1855,0.05
Welt,"São Paulo",BR,-23.55,-46.63,19,1856,0.27
Welt,"São Paulo",BR,-23.55,-46.63,19,1857,-0.82
Welt,"São Paulo",BR,-23.55,-46.63,19,1858,-0.46
Welt,"São Paulo",BR,-23.55,-46.63,19,1859,-0.22
Welt,"São Paulo",BR,-23.55,-46.63,19,1860,-0.47
Welt,"São Paulo",BR,-23.55,-46.63,19,1861,-0.12
Welt,"São Paulo",BR,-23.55,-46.63,19,1862,-1.07
Welt,"São Paulo",BR,-23.55,-46.63,19,1863,-1
Welt,"São Paulo",BR,-23.55,-46.63,19,1864,-0.89
Welt,"São Paulo",BR,-23.55,-46.63,19,1865,-0.09
Welt,"São Paulo",BR,-23.55,-46.63,19,1866,-1.12
Welt,"São Paulo",BR,-23.55,-46.63,19,1867,-0.64
Welt,"São Paulo",BR,-23.55,-46.63,19,1868,-0.55
Welt,"São Paulo",BR,-23.55,-46.63,19,1869,-0.84
Welt,"São Paulo",BR,-23.55,-46.63,19,1870,-0.18
Welt,"São Paulo",BR,-23.55,-46.63,19,1871,-1.11
Welt,"São Paulo",BR,-23.55,-46.63,19,1872,-0.96
Welt,"São Paulo",BR,-23.55,-46.63,19,1873,-1.46
Welt,"São Paulo",BR,-23.55,-46.63,19,1874,-0.55
Welt,"São Paulo",BR,-23.55,-46.63,19,1875,-0.81
Welt,"São Paulo",BR,-23.55,-46.63,19,1876,0.13
Welt,"São Paulo",BR,-23.55,-46.63,19,1877,0.93
Welt,"São Paulo",BR,-23.55,-46.63,19,1878,1.31
Welt,"São Paulo",BR,-23.55,-46.63,19,1879,0.03
Welt,"São Paulo",BR,-23.55,-46.63,19,1880,-0.33
Welt,"São Paulo",BR,-23.55,-46.63,19,1881,0.38
Welt,"São Paulo",BR,-23.55,-46.63,19,1882,0.1
Welt,"São Paulo",BR,-23.55,-46.63,19,1883,-0.18
Welt,"São Paulo",BR,-23.55,-46.63,19,1884,-0.44
Welt,"São Paulo",BR,-23.55,-46.63,19,1885,-1.34
Welt,"São Paulo",BR,-23.55,-46.63,19,1886,-1.72
Welt,"São Paulo",BR,-23.55,-46.63,19,1887,-0.83
Welt,"São Paulo",BR,-23.55,-46.63,19,1888,-0.72
Welt,"São Paulo",BR,-23.55,-46.63,19,1889,-0.97
Welt,"São Paulo",BR,-23.55,-46.63,19,1890,-0.4
Welt,"São Paulo",BR,-23.55,-46.63,19,1891,-0.82
Welt,"São Paulo",BR,-23.55,-46.63,19,1892,-1.11
Welt,"São Paulo",BR,-23.55,-46.63,19,1893,-0.74
Welt,"São Paulo",BR,-23.55,-46.63,19,1894,-0.85
Welt,"São Paulo",BR,-23.55,-46.63,19,1895,-0.35
Welt,"São Paulo",BR,-23.55,-46.63,19,1896,0.44
Welt,"São Paulo",BR,-23.55,-46.63,19,1897,0.43
Welt,"São Paulo",BR,-23.55,-46.63,19,1898,-0.14
Welt,"São Paulo",BR,-23.55,-46.63,19,1899,0.36
Welt,"São Paulo",BR,-23.55,-46.63,19,1900,0.41
Welt,"São Paulo",BR,-23.55,-46.63,19,1901,-0.27
Welt,"São Paulo",BR,-23.55,-46.63,19,1902,-0.58
Welt,"São Paulo",BR,-23.55,-46.63,19,1903,-0.87
Welt,"São Paulo",BR,-23.55,-46.63,19,1904,-0.69
Welt,"São Paulo",BR,-23.55,-46.63,19,1905,-0.68
Welt,"São Paulo",BR,-23.55,-46.63,19,1906,-0.31
Welt,"São Paulo",BR,-23.55,-46.63,19,1907,-0.73
Welt,"São Paulo",BR,-23.55,-46.63,19,1908,-0.92
Welt,"São Paulo",BR,-23.55,-46.63,19,1909,-0.14
Welt,"São Paulo",BR,-23.55,-46.63,19,1910,0.06
Welt,"São Paulo",BR,-23.55,-46.63,19,1911,-0.09
Welt,"São Paulo",BR,-23.55,-46.63,19,1912,-0.06
Welt,"São Paulo",BR,-23.55,-46.63,19,1913,-0.1
Welt,"São Paulo",BR,-23.55,-46.63,19,1914,0.14
Welt,"São Paulo",BR,-23.55,-46.63,19,1915,-0.41
Welt,"São Paulo",BR,-23.55,-46.63,19,1916,-0.84
Welt,"São Paulo",BR,-23.55,-46.63,19,1917,-1.06
Welt,"São Paulo",BR,-23.55,-46.63,19,1918,-1.29
Welt,"São Paulo",BR,-23.55,-46.63,19,1919,-1.05
Welt,"São Paulo",BR,-23.55,-46.63,19,1920,-1.25
Welt,"São Paulo",BR,-23.55,-46.63,19,1921,-1.32
Welt,"São Paulo",BR,-23.55,-46.63,19,1922,-0.41
Welt,"São Paulo",BR,-23.55,-46.63,19,1923,-0.41
Welt,"São Paulo",BR,-23.55,-46.63,19,1924,-0.24
Welt,"São Paulo",BR,-23.55,-46.63,19,1925,0.1
Welt,"São Paulo",BR,-23.55,-46.63,19,1926,-0.6
Welt,"São Paulo",BR,-23.55,-46.63,19,1927,-0.57
Welt,"São Paulo",BR,-23.55,-46.63,19,1928,-0.08
Welt,"São Paulo",BR,-23.55,-46.63,19,1929,-0.21
Welt,"São Paulo",BR,-23.55,-46.63,19,1930,-0.25
Welt,"São Paulo",BR,-23.55,-46.63,19,1931,0.11
Welt,"São Paulo",BR,-23.55,-46.63,19,1932,-0.09
Welt,"São Paulo",BR,-23.55,-46.63,19,1933,-0.91
Welt,"São Paulo",BR,-23.55,-46.63,19,1934,-1.24
Welt,"São Paulo",BR,-23.55,-46.63,19,1935,-1.25
Welt,"São Paulo",BR,-23.55,-46.63,19,1936,-0.14
Welt,"São Paulo",BR,-23.55,-46.63,19,1937,0.26
Welt,"São Paulo",BR,-23.55,-46.63,19,1938,-0.19
Welt,"São Paulo",BR,-23.55,-46.63,19,1939,-0.2
Welt,"São Paulo",BR,-23.55,-46.63,19,1940,-0.6
Welt,"São Paulo",BR,-23.55,-46.63,19,1941,0
Welt,"São Paulo",BR,-23.55,-46.63,19,1942,-0.63
Welt,"São Paulo",BR,-23.55,-46.63,19,1943,-0.41
Welt,"São Paulo",BR,-23.55,-46.63,19,1944,-0.3
Welt,"São Paulo",BR,-23.55,-46.63,19,1945,-0.18
Welt,"São Paulo",BR,-23.55,-46.63,19,1946,-0.01
Welt,"São Paulo",BR,-23.55,-46.63,19,1947,-0.32
Welt,"São Paulo",BR,-23.55,-46.63,19,1948,0.05
Welt,"São Paulo",BR,-23.55,-46.63,19,1949,0.11
Welt,"São Paulo",BR,-23.55,-46.63,19,1950,0.47
Welt,"São Paulo",BR,-23.55,-46.63,19,1951,1.09
Welt,"São Paulo",BR,-23.55,-46.63,19,1952,0.96
Welt,"São Paulo",BR,-23.55,-46.63,19,1953,0.15
Welt,"São Paulo",BR,-23.55,-46.63,19,1954,0.42
Welt,"São Paulo",BR,-23.55,-46.63,19,1955,-0.08
Welt,"São Paulo",BR,-23.55,-46.63,19,1956,0.38
Welt,"São Paulo",BR,-23.55,-46.63,19,1957,0.62
Welt,"São Paulo",BR,-23.55,-46.63,19,1958,0.28
Welt,"São Paulo",BR,-23.55,-46.63,19,1959,0.31
Welt,"São Paulo",BR,-23.55,-46.63,19,1960,-0.84
Welt,"São Paulo",BR,-23.55,-46.63,19,1961,-0.16
Welt,"São Paulo",BR,-23.55,-46.63,19,1962,0.09
Welt,"São Paulo",BR,-23.55,-46.63,19,1963,0.29
Welt,"São Paulo",BR,-23.55,-46.63,19,1964,-0.05
Welt,"São Paulo",BR,-23.55,-46.63,19,1965,0.23
Welt,"São Paulo",BR,-23.55,-46.63,19,1966,0.24
Welt,"São Paulo",BR,-23.55,-46.63,19,1967,0.12
Welt,"São Paulo",BR,-23.55,-46.63,19,1968,-0.49
Welt,"São Paulo",BR,-23.55,-46.63,19,1969,-0.83
Welt,"São Paulo",BR,-23.55,-46.63,19,1970,0
Welt,"São Paulo",BR,-23.55,-46.63,19,1971,-0.16
Welt,"São Paulo",BR,-23.55,-46.63,19,1972,0.18
Welt,"São Paulo",BR,-23.55,-46.63,19,1973,-0.51
Welt,"São Paulo",BR,-23.55,-46.63,19,1974,-0.28
Welt,"São Paulo",BR,-23.55,-46.63,19,1975,0.69
Welt,"São Paulo",BR,-23.55,-46.63,19,1976,0.04
Welt,"São Paulo",BR,-23.55,-46.63,19,1977,0.58
Welt,"São Paulo",BR,-23.55,-46.63,19,1978,0.27
Welt,"São Paulo",BR,-23.55,-46.63,19,1979,0.28
Welt,"São Paulo",BR,-23.55,-46.63,19,1980,0.37
Welt,"São Paulo",BR,-23.55,-46.63,19,1981,0.36
Welt,"São Paulo",BR,-23.55,-46.63,19,1982,-0.57
Welt,"São Paulo",BR,-23.55,-46.63,19,1983,-0.02
Welt,"São Paulo",BR,-23.55,-46.63,19,1984,0.09
Welt,"São Paulo",BR,-23.55,-46.63,19,1985,-0.41
Welt,"São Paulo",BR,-23.55,-46.63,19,1986,-0.08
Welt,"São Paulo",BR,-23.55,-46.63,19,1987,0.33
Welt,"São Paulo",BR,-23.55,-46.63,19,1988,0.35
Welt,"São Paulo",BR,-23.55,-46.63,19,1989,-0.72
Welt,"São Paulo",BR,-23.55,-46.63,19,1990,-0.22
Welt,"São Paulo",BR,-23.55,-46.63,19,1991,0.72
Welt,"São Paulo",BR,-23.55,-46.63,19,1992,0.62
Welt,"São Paulo",BR,-23.55,-46.63,19,1993,0.45
Welt,"São Paulo",BR,-23.55,-46.63,19,1994,0.07
Welt,"São Paulo",BR,-23.55,-46.63,19,1995,-0.02
Welt,"São Paulo",BR,-23.55,-46.63,19,1996,-0.23
Welt,"São Paulo",BR,-23.55,-46.63,19,1997,0.9
Welt,"São Paulo",BR,-23.55,-46.63,19,1998,0.85
Welt,"São Paulo",BR,-23.55,-46.63,19,1999,0.07
Welt,"São Paulo",BR,-23.55,-46.63,19,2000,0.82
Welt,"São Paulo",BR,-23.55,-46.63,19,2001,1.08
Welt,"São Paulo",BR,-23.55,-46.63,19,2002,1.02
Welt,"São Paulo",BR,-23.55,-46.63,19,2003,1.28
Welt,"São Paulo",BR,-23.55,-46.63,19,2004,0.73
Welt,"São Paulo",BR,-23.55,-46.63,19,2005,0.43
Welt,"São Paulo",BR,-23.55,-46.63,19,2006,0.34
Welt,"São Paulo",BR,-23.55,-46.63,19,2007,1.33
Welt,"São Paulo",BR,-23.55,-46.63,19,2008,0.89
Welt,"São Paulo",BR,-23.55,-46.63,19,2009,0.85
Welt,"São Paulo",BR,-23.55,-46.63,19,2010,0.55
Welt,"São Paulo",BR,-23.55,-46.63,19,2011,0.48
Welt,"São Paulo",BR,-23.55,-46.63,19,2012,-0.09
Welt,"São Paulo",BR,-23.55,-46.63,19,2013,0.32
Welt,"São Paulo",BR,-23.55,-46.63,19,2014,0.87
Welt,"São Paulo",BR,-23.55,-46.63,19,2015,1.07
Welt,"São Paulo",BR,-23.55,-46.63,19,2016,1.52
Welt,"São Paulo",BR,-23.55,-46.63,19,2017,0.55
Welt,"São Paulo",BR,-23.55,-46.63,19,2018,1.04
Welt,"São Paulo",BR,-23.55,-46.63,19,2019,0.79
Welt,"São Paulo",BR,-23.55,-46.63,19,2020,1.54
Welt,"São Paulo",BR,-23.55,-46.63,19,2021,0.8
Welt,"São Paulo",BR,-23.55,-46.63,19,2022,0.63
Welt,"São Paulo",BR,-23.55,-46.63,19,2023,1.79
Welt,"São Paulo",BR,-23.55,-46.63,19,2024,1.94
Welt,"São Paulo",BR,-23.55,-46.63,19,2025,1.04
Welt,"Johannesburg",ZA,-26.2,28.05,15.5,1850,-0.56
Welt,"Johannesburg",ZA,-26.2,28.05,15.5,1851,0.22
Welt,"Johannesburg",ZA,-26.2,28.05,15.5,1852,0.52
Welt,"Johannesburg",ZA,-26.2,28.05,15.5,1853,0.78
Welt,"Johannesburg",ZA,-26.2,28.05,15.5,1854,1.2
Welt,"Johannesburg",ZA,-26.2,28.05,15.5,1855,0.49
Welt,"Johannesburg",ZA,-26.2,28.05,15.5,1856,-0.41
Welt,"Johannesburg",ZA,-26.2,28.05,15.5,1857,-0.85
Welt,"Johannesburg",ZA,-26.2,28.05,15.5,1858,-0.81
Welt,"Johannesburg",ZA,-26.2,28.05,15.5,1859,-0.41
Welt,"Johannesburg",ZA,-26.2,28.05,15.5,1860,-0.16
Welt,"Johannesburg",ZA,-26.2,28.05,15.5,1861,-0.55
Welt,"Johannesburg",ZA,-26.2,28.05,15.5,1862,-0.04
Welt,"Johannesburg",ZA,-26.2,28.05,15.5,1863,0.12
Welt,"Johannesburg",ZA,-26.2,28.05,15.5,1864,0.55
Welt,"Johannesburg",ZA,-26.2,28.05,15.5,1865,0.05
Welt,"Johannesburg",ZA,-26.2,28.05,15.5,1866,0.8
Welt,"Johannesburg",ZA,-26.2,28.05,15.5,1867,-0.46
Welt,"Johannesburg",ZA,-26.2,28.05,15.5,1868,-0.55
Welt,"Johannesburg",ZA,-26.2,28.05,15.5,1869,0.34
Welt,"Johannesburg",ZA,-26.2,28.05,15.5,1870,-0.32
Welt,"Johannesburg",ZA,-26.2,28.05,15.5,1871,-0.25
Welt,"Johannesburg",ZA,-26.2,28.05,15.5,1872,-0.43
Welt,"Johannesburg",ZA,-26.2,28.05,15.5,1873,0.19
Welt,"Johannesburg",ZA,-26.2,28.05,15.5,1874,0.01
Welt,"Johannesburg",ZA,-26.2,28.05,15.5,1875,0.24
Welt,"Johannesburg",ZA,-26.2,28.05,15.5,1876,-0.04
Welt,"Johannesburg",ZA,-26.2,28.05,15.5,1877,0.52
Welt,"Johannesburg",ZA,-26.2,28.05,15.5,1878,0.54
Welt,"Johannesburg",ZA,-26.2,28.05,15.5,1879,-0.2
Welt,"Johannesburg",ZA,-26.2,28.05,15.5,1880,-0.11
Welt,"Johannesburg",ZA,-26.2,28.05,15.5,1881,0.11
Welt,"Johannesburg",ZA,-26.2,28.05,15.5,1882,-0.67
Welt,"Johannesburg",ZA,-26.2,28.05,15.5,1883,-0.51
Welt,"Johannesburg",ZA,-26.2,28.05,15.5,1884,-0.61
Welt,"Johannesburg",ZA,-26.2,28.05,15.5,1885,-0.19
Welt,"Johannesburg",ZA,-26.2,28.05,15.5,1886,-0.15
Welt,"Johannesburg",ZA,-26.2,28.05,15.5,1887,-0.26
Welt,"Johannesburg",ZA,-26.2,28.05,15.5,1888,0.29
Welt,"Johannesburg",ZA,-26.2,28.05,15.5,1889,0.6
Welt,"Johannesburg",ZA,-26.2,28.05,15.5,1890,0.31
Welt,"Johannesburg",ZA,-26.2,28.05,15.5,1891,-0.17
Welt,"Johannesburg",ZA,-26.2,28.05,15.5,1892,-0.44
Welt,"Johannesburg",ZA,-26.2,28.05,15.5,1893,-0.24
Welt,"Johannesburg",ZA,-26.2,28.05,15.5,1894,-0.25
Welt,"Johannesburg",ZA,-26.2,28.05,15.5,1895,-0.28
Welt,"Johannesburg",ZA,-26.2,28.05,15.5,1896,-0.87
Welt,"Johannesburg",ZA,-26.2,28.05,15.5,1897,-0.92
Welt,"Johannesburg",ZA,-26.2,28.05,15.5,1898,-1.22
Welt,"Johannesburg",ZA,-26.2,28.05,15.5,1899,-0.09
Welt,"Johannesburg",ZA,-26.2,28.05,15.5,1900,-0.29
Welt,"Johannesburg",ZA,-26.2,28.05,15.5,1901,-0.9
Welt,"Johannesburg",ZA,-26.2,28.05,15.5,1902,-0.71
Welt,"Johannesburg",ZA,-26.2,28.05,15.5,1903,-0.21
Welt,"Johannesburg",ZA,-26.2,28.05,15.5,1904,-0.56
Welt,"Johannesburg",ZA,-26.2,28.05,15.5,1905,0.02
Welt,"Johannesburg",ZA,-26.2,28.05,15.5,1906,0.33
Welt,"Johannesburg",ZA,-26.2,28.05,15.5,1907,-0.32
Welt,"Johannesburg",ZA,-26.2,28.05,15.5,1908,-0.36
Welt,"Johannesburg",ZA,-26.2,28.05,15.5,1909,0.42
Welt,"Johannesburg",ZA,-26.2,28.05,15.5,1910,0.08
Welt,"Johannesburg",ZA,-26.2,28.05,15.5,1911,-0.51
Welt,"Johannesburg",ZA,-26.2,28.05,15.5,1912,-0.71
Welt,"Johannesburg",ZA,-26.2,28.05,15.5,1913,-0.53
Welt,"Johannesburg",ZA,-26.2,28.05,15.5,1914,0
Welt,"Johannesburg",ZA,-26.2,28.05,15.5,1915,0.09
Welt,"Johannesburg",ZA,-26.2,28.05,15.5,1916,-0.36
Welt,"Johannesburg",ZA,-26.2,28.05,15.5,1917,-0.49
Welt,"Johannesburg",ZA,-26.2,28.05,15.5,1918,0.1
Welt,"Johannesburg",ZA,-26.2,28.05,15.5,1919,0.02
Welt,"Johannesburg",ZA,-26.2,28.05,15.5,1920,0.13
Welt,"Johannesburg",ZA,-26.2,28.05,15.5,1921,0.53
Welt,"Johannesburg",ZA,-26.2,28.05,15.5,1922,0.02
Welt,"Johannesburg",ZA,-26.2,28.05,15.5,1923,-0.14
Welt,"Johannesburg",ZA,-26.2,28.05,15.5,1924,0.26
Welt,"Johannesburg",ZA,-26.2,28.05,15.5,1925,0.27
Welt,"Johannesburg",ZA,-26.2,28.05,15.5,1926,-0.12
Welt,"Johannesburg",ZA,-26.2,28.05,15.5,1927,-0.01
Welt,"Johannesburg",ZA,-26.2,28.05,15.5,1928,-0.83
Welt,"Johannesburg",ZA,-26.2,28.05,15.5,1929,-1.14
Welt,"Johannesburg",ZA,-26.2,28.05,15.5,1930,-0.66
Welt,"Johannesburg",ZA,-26.2,28.05,15.5,1931,-0.22
Welt,"Johannesburg",ZA,-26.2,28.05,15.5,1932,0.09
Welt,"Johannesburg",ZA,-26.2,28.05,15.5,1933,0.7
Welt,"Johannesburg",ZA,-26.2,28.05,15.5,1934,0.38
Welt,"Johannesburg",ZA,-26.2,28.05,15.5,1935,0.06
Welt,"Johannesburg",ZA,-26.2,28.05,15.5,1936,-0.46
Welt,"Johannesburg",ZA,-26.2,28.05,15.5,1937,-0.37
Welt,"Johannesburg",ZA,-26.2,28.05,15.5,1938,0.01
Welt,"Johannesburg",ZA,-26.2,28.05,15.5,1939,-0.44
Welt,"Johannesburg",ZA,-26.2,28.05,15.5,1940,0.06
Welt,"Johannesburg",ZA,-26.2,28.05,15.5,1941,0.65
Welt,"Johannesburg",ZA,-26.2,28.05,15.5,1942,0.36
Welt,"Johannesburg",ZA,-26.2,28.05,15.5,1943,0.37
Welt,"Johannesburg",ZA,-26.2,28.05,15.5,1944,0.94
Welt,"Johannesburg",ZA,-26.2,28.05,15.5,1945,0.72
Welt,"Johannesburg",ZA,-26.2,28.05,15.5,1946,0.24
Welt,"Johannesburg",ZA,-26.2,28.05,15.5,1947,0.01
Welt,"Johannesburg",ZA,-26.2,28.05,15.5,1948,0.17
Welt,"Johannesburg",ZA,-26.2,28.05,15.5,1949,-0.66
Welt,"Johannesburg",ZA,-26.2,28.05,15.5,1950,-0.05
Welt,"Johannesburg",ZA,-26.2,28.05,15.5,1951,-0.32
Welt,"Johannesburg",ZA,-26.2,28.05,15.5,1952,-0.57
Welt,"Johannesburg",ZA,-26.2,28.05,15.5,1953,0.13
Welt,"Johannesburg",ZA,-26.2,28.05,15.5,1954,0.14
Welt,"Johannesburg",ZA,-26.2,28.05,15.5,1955,0.04
Welt,"Johannesburg",ZA,-26.2,28.05,15.5,1956,-0.25
Welt,"Johannesburg",ZA,-26.2,28.05,15.5,1957,-0.47
Welt,"Johannesburg",ZA,-26.2,28.05,15.5,1958,0.39
Welt,"Johannesburg",ZA,-26.2,28.05,15.5,1959,0.22
Welt,"Johannesburg",ZA,-26.2,28.05,15.5,1960,0.22
Welt,"Johannesburg",ZA,-26.2,28.05,15.5,1961,-0.51
Welt,"Johannesburg",ZA,-26.2,28.05,15.5,1962,-0.21
Welt,"Johannesburg",ZA,-26.2,28.05,15.5,1963,0.92
Welt,"Johannesburg",ZA,-26.2,28.05,15.5,1964,-0.26
Welt,"Johannesburg",ZA,-26.2,28.05,15.5,1965,-0.59
Welt,"Johannesburg",ZA,-26.2,28.05,15.5,1966,-0.67
Welt,"Johannesburg",ZA,-26.2,28.05,15.5,1967,-0.44
Welt,"Johannesburg",ZA,-26.2,28.05,15.5,1968,-0.07
Welt,"Johannesburg",ZA,-26.2,28.05,15.5,1969,0.93
Welt,"Johannesburg",ZA,-26.2,28.05,15.5,1970,-0.07
Welt,"Johannesburg",ZA,-26.2,28.05,15.5,1971,-0.42
Welt,"Johannesburg",ZA,-26.2,28.05,15.5,1972,0.17
Welt,"Johannesburg",ZA,-26.2,28.05,15.5,1973,0.73
Welt,"Johannesburg",ZA,-26.2,28.05,15.5,1974,0.95
Welt,"Johannesburg",ZA,-26.2,28.05,15.5,1975,-0.24
Welt,"Johannesburg",ZA,-26.2,28.05,15.5,1976,-0.96
Welt,"Johannesburg",ZA,-26.2,28.05,15.5,1977,0.03
Welt,"Johannesburg",ZA,-26.2,28.05,15.5,1978,-0.29
Welt,"Johannesburg",ZA,-26.2,28.05,15.5,1979,-0.3
Welt,"Johannesburg",ZA,-26.2,28.05,15.5,1980,0.16
Welt,"Johannesburg",ZA,-26.2,28.05,15.5,1981,0.25
Welt,"Johannesburg",ZA,-26.2,28.05,15.5,1982,0.18
Welt,"Johannesburg",ZA,-26.2,28.05,15.5,1983,0.5
Welt,"Johannesburg",ZA,-26.2,28.05,15.5,1984,0.05
Welt,"Johannesburg",ZA,-26.2,28.05,15.5,1985,-0.32
Welt,"Johannesburg",ZA,-26.2,28.05,15.5,1986,0.33
Welt,"Johannesburg",ZA,-26.2,28.05,15.5,1987,0
Welt,"Johannesburg",ZA,-26.2,28.05,15.5,1988,-0.16
Welt,"Johannesburg",ZA,-26.2,28.05,15.5,1989,-0.12
Welt,"Johannesburg",ZA,-26.2,28.05,15.5,1990,0.42
Welt,"Johannesburg",ZA,-26.2,28.05,15.5,1991,0.47
Welt,"Johannesburg",ZA,-26.2,28.05,15.5,1992,0.79
Welt,"Johannesburg",ZA,-26.2,28.05,15.5,1993,-0.12
Welt,"Johannesburg",ZA,-26.2,28.05,15.5,1994,0.47
Welt,"Johannesburg",ZA,-26.2,28.05,15.5,1995,0.21
Welt,"Johannesburg",ZA,-26.2,28.05,15.5,1996,0.52
Welt,"Johannesburg",ZA,-26.2,28.05,15.5,1997,0.82
Welt,"Johannesburg",ZA,-26.2,28.05,15.5,1998,0.21
Welt,"Johannesburg",ZA,-26.2,28.05,15.5,1999,-0.31
Welt,"Johannesburg",ZA,-26.2,28.05,15.5,2000,-0.14
Welt,"Johannesburg",ZA,-26.2,28.05,15.5,2001,-0.08
Welt,"Johannesburg",ZA,-26.2,28.05,15.5,2002,0.88
Welt,"Johannesburg",ZA,-26.2,28.05,15.5,2003,0.9
Welt,"Johannesburg",ZA,-26.2,28.05,15.5,2004,0.09
Welt,"Johannesburg",ZA,-26.2,28.05,15.5,2005,1.03
Welt,"Johannesburg",ZA,-26.2,28.05,15.5,2006,0.7
Welt,"Johannesburg",ZA,-26.2,28.05,15.5,2007,0.86
Welt,"Johannesburg",ZA,-26.2,28.05,15.5,2008,0.85
Welt,"Johannesburg",ZA,-26.2,28.05,15.5,2009,0.48
Welt,"Johannesburg",ZA,-26.2,28.05,15.5,2010,1.5
Welt,"Johannesburg",ZA,-26.2,28.05,15.5,2011,0.56
Welt,"Johannesburg",ZA,-26.2,28.05,15.5,2012,1.31
Welt,"Johannesburg",ZA,-26.2,28.05,15.5,2013,1.46
Welt,"Johannesburg",ZA,-26.2,28.05,15.5,2014,1.35
Welt,"Johannesburg",ZA,-26.2,28.05,15.5,2015,0.48
Welt,"Johannesburg",ZA,-26.2,28.05,15.5,2016,0.86
Welt,"Johannesburg",ZA,-26.2,28.05,15.5,2017,0.91
Welt,"Johannesburg",ZA,-26.2,28.05,15.5,2018,1.47
Welt,"Johannesburg",ZA,-26.2,28.05,15.5,2019,1.41
Welt,"Johannesburg",ZA,-26.2,28.05,15.5,2020,0.82
Welt,"Johannesburg",ZA,-26.2,28.05,15.5,2021,1.06
Welt,"Johannesburg",ZA,-26.2,28.05,15.5,2022,0.71
Welt,"Johannesburg",ZA,-26.2,28.05,15.5,2023,0.89
Welt,"Johannesburg",ZA,-26.2,28.05,15.5,2024,1.26
Welt,"Johannesburg",ZA,-26.2,28.05,15.5,2025,1.24
Welt,"Santiago de Chile",CL,-33.45,-70.67,14,1850,-0.53
Welt,"Santiago de Chile",CL,-33.45,-70.67,14,1851,-0.54
Welt,"Santiago de Chile",CL,-33.45,-70.67,14,1852,-0.4
Welt,"Santiago de Chile",CL,-33.45,-70.67,14,1853,-0.07
Welt,"Santiago de Chile",CL,-33.45,-70.67,14,1854,-0.95
Welt,"Santiago de Chile",CL,-33.45,-70.67,14,1855,-0.71
Welt,"Santiago de Chile",CL,-33.45,-70.67,14,1856,-0.59
Welt,"Santiago de Chile",CL,-33.45,-70.67,14,1857,-0.5
Welt,"Santiago de Chile",CL,-33.45,-70.67,14,1858,-0.19
Welt,"Santiago de Chile",CL,-33.45,-70.67,14,1859,0.13
Welt,"Santiago de Chile",CL,-33.45,-70.67,14,1860,0.13
Welt,"Santiago de Chile",CL,-33.45,-70.67,14,1861,-0.08
Welt,"Santiago de Chile",CL,-33.45,-70.67,14,1862,-0.59
Welt,"Santiago de Chile",CL,-33.45,-70.67,14,1863,-0.33
Welt,"Santiago de Chile",CL,-33.45,-70.67,14,1864,-1.13
Welt,"Santiago de Chile",CL,-33.45,-70.67,14,1865,-0.29
Welt,"Santiago de Chile",CL,-33.45,-70.67,14,1866,-0.5
Welt,"Santiago de Chile",CL,-33.45,-70.67,14,1867,-0.58
Welt,"Santiago de Chile",CL,-33.45,-70.67,14,1868,0.3
Welt,"Santiago de Chile",CL,-33.45,-70.67,14,1869,0.22
Welt,"Santiago de Chile",CL,-33.45,-70.67,14,1870,0.01
Welt,"Santiago de Chile",CL,-33.45,-70.67,14,1871,-0.75
Welt,"Santiago de Chile",CL,-33.45,-70.67,14,1872,-0.65
Welt,"Santiago de Chile",CL,-33.45,-70.67,14,1873,-0.95
Welt,"Santiago de Chile",CL,-33.45,-70.67,14,1874,-0.86
Welt,"Santiago de Chile",CL,-33.45,-70.67,14,1875,-0.59
Welt,"Santiago de Chile",CL,-33.45,-70.67,14,1876,-1.37
Welt,"Santiago de Chile",CL,-33.45,-70.67,14,1877,-0.55
Welt,"Santiago de Chile",CL,-33.45,-70.67,14,1878,0.67
Welt,"Santiago de Chile",CL,-33.45,-70.67,14,1879,0.57
Welt,"Santiago de Chile",CL,-33.45,-70.67,14,1880,-0.26
Welt,"Santiago de Chile",CL,-33.45,-70.67,14,1881,-0.19
Welt,"Santiago de Chile",CL,-33.45,-70.67,14,1882,-0.76
Welt,"Santiago de Chile",CL,-33.45,-70.67,14,1883,-0.65
Welt,"Santiago de Chile",CL,-33.45,-70.67,14,1884,-0.91
Welt,"Santiago de Chile",CL,-33.45,-70.67,14,1885,-0.85
Welt,"Santiago de Chile",CL,-33.45,-70.67,14,1886,-0.97
Welt,"Santiago de Chile",CL,-33.45,-70.67,14,1887,-0.75
Welt,"Santiago de Chile",CL,-33.45,-70.67,14,1888,-0.12
Welt,"Santiago de Chile",CL,-33.45,-70.67,14,1889,0.55
Welt,"Santiago de Chile",CL,-33.45,-70.67,14,1890,-0.93
Welt,"Santiago de Chile",CL,-33.45,-70.67,14,1891,0.06
Welt,"Santiago de Chile",CL,-33.45,-70.67,14,1892,-1.11
Welt,"Santiago de Chile",CL,-33.45,-70.67,14,1893,-1.72
Welt,"Santiago de Chile",CL,-33.45,-70.67,14,1894,-0.52
Welt,"Santiago de Chile",CL,-33.45,-70.67,14,1895,-0.82
Welt,"Santiago de Chile",CL,-33.45,-70.67,14,1896,-0.99
Welt,"Santiago de Chile",CL,-33.45,-70.67,14,1897,-0.44
Welt,"Santiago de Chile",CL,-33.45,-70.67,14,1898,-0.59
Welt,"Santiago de Chile",CL,-33.45,-70.67,14,1899,-0.68
Welt,"Santiago de Chile",CL,-33.45,-70.67,14,1900,-0.23
Welt,"Santiago de Chile",CL,-33.45,-70.67,14,1901,-1.02
Welt,"Santiago de Chile",CL,-33.45,-70.67,14,1902,-1.02
Welt,"Santiago de Chile",CL,-33.45,-70.67,14,1903,-0.54
Welt,"Santiago de Chile",CL,-33.45,-70.67,14,1904,-0.09
Welt,"Santiago de Chile",CL,-33.45,-70.67,14,1905,-0.43
Welt,"Santiago de Chile",CL,-33.45,-70.67,14,1906,-0.25
Welt,"Santiago de Chile",CL,-33.45,-70.67,14,1907,0.08
Welt,"Santiago de Chile",CL,-33.45,-70.67,14,1908,0.19
Welt,"Santiago de Chile",CL,-33.45,-70.67,14,1909,-1.13
Welt,"Santiago de Chile",CL,-33.45,-70.67,14,1910,-0.98
Welt,"Santiago de Chile",CL,-33.45,-70.67,14,1911,-0.86
Welt,"Santiago de Chile",CL,-33.45,-70.67,14,1912,-0.16
Welt,"Santiago de Chile",CL,-33.45,-70.67,14,1913,-0.9
Welt,"Santiago de Chile",CL,-33.45,-70.67,14,1914,-0.69
Welt,"Santiago de Chile",CL,-33.45,-70.67,14,1915,-0.45
Welt,"Santiago de Chile",CL,-33.45,-70.67,14,1916,-0.72
Welt,"Santiago de Chile",CL,-33.45,-70.67,14,1917,-0.45
Welt,"Santiago de Chile",CL,-33.45,-70.67,14,1918,-0.65
Welt,"Santiago de Chile",CL,-33.45,-70.67,14,1919,-0.09
Welt,"Santiago de Chile",CL,-33.45,-70.67,14,1920,-0.65
Welt,"Santiago de Chile",CL,-33.45,-70.67,14,1921,-0.4
Welt,"Santiago de Chile",CL,-33.45,-70.67,14,1922,-1.01
Welt,"Santiago de Chile",CL,-33.45,-70.67,14,1923,0.05
Welt,"Santiago de Chile",CL,-33.45,-70.67,14,1924,-0.89
Welt,"Santiago de Chile",CL,-33.45,-70.67,14,1925,0.11
Welt,"Santiago de Chile",CL,-33.45,-70.67,14,1926,-0.42
Welt,"Santiago de Chile",CL,-33.45,-70.67,14,1927,-1.14
Welt,"Santiago de Chile",CL,-33.45,-70.67,14,1928,-0.99
Welt,"Santiago de Chile",CL,-33.45,-70.67,14,1929,-0.34
Welt,"Santiago de Chile",CL,-33.45,-70.67,14,1930,0.04
Welt,"Santiago de Chile",CL,-33.45,-70.67,14,1931,0.02
Welt,"Santiago de Chile",CL,-33.45,-70.67,14,1932,-0.34
Welt,"Santiago de Chile",CL,-33.45,-70.67,14,1933,-1.25
Welt,"Santiago de Chile",CL,-33.45,-70.67,14,1934,-0.18
Welt,"Santiago de Chile",CL,-33.45,-70.67,14,1935,-0.12
Welt,"Santiago de Chile",CL,-33.45,-70.67,14,1936,0.53
Welt,"Santiago de Chile",CL,-33.45,-70.67,14,1937,0.17
Welt,"Santiago de Chile",CL,-33.45,-70.67,14,1938,-0.07
Welt,"Santiago de Chile",CL,-33.45,-70.67,14,1939,0.28
Welt,"Santiago de Chile",CL,-33.45,-70.67,14,1940,0.52
Welt,"Santiago de Chile",CL,-33.45,-70.67,14,1941,-0.64
Welt,"Santiago de Chile",CL,-33.45,-70.67,14,1942,-0.45
Welt,"Santiago de Chile",CL,-33.45,-70.67,14,1943,-0.18
Welt,"Santiago de Chile",CL,-33.45,-70.67,14,1944,0.77
Welt,"Santiago de Chile",CL,-33.45,-70.67,14,1945,0.64
Welt,"Santiago de Chile",CL,-33.45,-70.67,14,1946,-0.37
Welt,"Santiago de Chile",CL,-33.45,-70.67,14,1947,-0.67
Welt,"Santiago de Chile",CL,-33.45,-70.67,14,1948,-0.22
Welt,"Santiago de Chile",CL,-33.45,-70.67,14,1949,-0.05
Welt,"Santiago de Chile",CL,-33.45,-70.67,14,1950,-0.51
Welt,"Santiago de Chile",CL,-33.45,-70.67,14,1951,-1.01
Welt,"Santiago de Chile",CL,-33.45,-70.67,14,1952,0.05
Welt,"Santiago de Chile",CL,-33.45,-70.67,14,1953,0.83
Welt,"Santiago de Chile",CL,-33.45,-70.67,14,1954,0.5
Welt,"Santiago de Chile",CL,-33.45,-70.67,14,1955,0.02
Welt,"Santiago de Chile",CL,-33.45,-70.67,14,1956,-0.72
Welt,"Santiago de Chile",CL,-33.45,-70.67,14,1957,-0.74
Welt,"Santiago de Chile",CL,-33.45,-70.67,14,1958,-0.28
Welt,"Santiago de Chile",CL,-33.45,-70.67,14,1959,-0.49
Welt,"Santiago de Chile",CL,-33.45,-70.67,14,1960,-0.89
Welt,"Santiago de Chile",CL,-33.45,-70.67,14,1961,-0.29
Welt,"Santiago de Chile",CL,-33.45,-70.67,14,1962,0.16
Welt,"Santiago de Chile",CL,-33.45,-70.67,14,1963,0.58
Welt,"Santiago de Chile",CL,-33.45,-70.67,14,1964,-0.45
Welt,"Santiago de Chile",CL,-33.45,-70.67,14,1965,-0.48
Welt,"Santiago de Chile",CL,-33.45,-70.67,14,1966,0.36
Welt,"Santiago de Chile",CL,-33.45,-70.67,14,1967,-0.01
Welt,"Santiago de Chile",CL,-33.45,-70.67,14,1968,0.57
Welt,"Santiago de Chile",CL,-33.45,-70.67,14,1969,-0.07
Welt,"Santiago de Chile",CL,-33.45,-70.67,14,1970,-0.36
Welt,"Santiago de Chile",CL,-33.45,-70.67,14,1971,-0.46
Welt,"Santiago de Chile",CL,-33.45,-70.67,14,1972,-0.5
Welt,"Santiago de Chile",CL,-33.45,-70.67,14,1973,-0.09
Welt,"Santiago de Chile",CL,-33.45,-70.67,14,1974,0.46
Welt,"Santiago de Chile",CL,-33.45,-70.67,14,1975,0.49
Welt,"Santiago de Chile",CL,-33.45,-70.67,14,1976,-0.81
Welt,"Santiago de Chile",CL,-33.45,-70.67,14,1977,-0.54
Welt,"Santiago de Chile",CL,-33.45,-70.67,14,1978,-0.3
Welt,"Santiago de Chile",CL,-33.45,-70.67,14,1979,0.69
Welt,"Santiago de Chile",CL,-33.45,-70.67,14,1980,0.25
Welt,"Santiago de Chile",CL,-33.45,-70.67,14,1981,-0.05
Welt,"Santiago de Chile",CL,-33.45,-70.67,14,1982,-0.28
Welt,"Santiago de Chile",CL,-33.45,-70.67,14,1983,-0.75
Welt,"Santiago de Chile",CL,-33.45,-70.67,14,1984,-1.25
Welt,"Santiago de Chile",CL,-33.45,-70.67,14,1985,-0.03
Welt,"Santiago de Chile",CL,-33.45,-70.67,14,1986,0.02
Welt,"Santiago de Chile",CL,-33.45,-70.67,14,1987,0.62
Welt,"Santiago de Chile",CL,-33.45,-70.67,14,1988,0.88
Welt,"Santiago de Chile",CL,-33.45,-70.67,14,1989,1.05
Welt,"Santiago de Chile",CL,-33.45,-70.67,14,1990,0.61
Welt,"Santiago de Chile",CL,-33.45,-70.67,14,1991,1.01
Welt,"Santiago de Chile",CL,-33.45,-70.67,14,1992,-0.16
Welt,"Santiago de Chile",CL,-33.45,-70.67,14,1993,0.25
Welt,"Santiago de Chile",CL,-33.45,-70.67,14,1994,-0.15
Welt,"Santiago de Chile",CL,-33.45,-70.67,14,1995,0.55
Welt,"Santiago de Chile",CL,-33.45,-70.67,14,1996,-0.53
Welt,"Santiago de Chile",CL,-33.45,-70.67,14,1997,-0.67
Welt,"Santiago de Chile",CL,-33.45,-70.67,14,1998,0.07
Welt,"Santiago de Chile",CL,-33.45,-70.67,14,1999,0.2
Welt,"Santiago de Chile",CL,-33.45,-70.67,14,2000,0.49
Welt,"Santiago de Chile",CL,-33.45,-70.67,14,2001,0.82
Welt,"Santiago de Chile",CL,-33.45,-70.67,14,2002,0.79
Welt,"Santiago de Chile",CL,-33.45,-70.67,14,2003,0.46
Welt,"Santiago de Chile",CL,-33.45,-70.67,14,2004,0.67
Welt,"Santiago de Chile",CL,-33.45,-70.67,14,2005,-0.09
Welt,"Santiago de Chile",CL,-33.45,-70.67,14,2006,0.32
Welt,"Santiago de Chile",CL,-33.45,-70.67,14,2007,0.81
Welt,"Santiago de Chile",CL,-33.45,-70.67,14,2008,0.16
Welt,"Santiago de Chile",CL,-33.45,-70.67,14,2009,1.18
Welt,"Santiago de Chile",CL,-33.45,-70.67,14,2010,0.29
Welt,"Santiago de Chile",CL,-33.45,-70.67,14,2011,0.54
Welt,"Santiago de Chile",CL,-33.45,-70.67,14,2012,0.38
Welt,"Santiago de Chile",CL,-33.45,-70.67,14,2013,0.19
Welt,"Santiago de Chile",CL,-33.45,-70.67,14,2014,1.27
Welt,"Santiago de Chile",CL,-33.45,-70.67,14,2015,0.71
Welt,"Santiago de Chile",CL,-33.45,-70.67,14,2016,0.61
Welt,"Santiago de Chile",CL,-33.45,-70.67,14,2017,0.61
Welt,"Santiago de Chile",CL,-33.45,-70.67,14,2018,0.49
Welt,"Santiago de Chile",CL,-33.45,-70.67,14,2019,0.65
Welt,"Santiago de Chile",CL,-33.45,-70.67,14,2020,1.08
Welt,"Santiago de Chile",CL,-33.45,-70.67,14,2021,0.46
Welt,"Santiago de Chile",CL,-33.45,-70.67,14,2022,-0.1
Welt,"Santiago de Chile",CL,-33.45,-70.67,14,2023,0.72
Welt,"Santiago de Chile",CL,-33.45,-70.67,14,2024,0.98
Welt,"Santiago de Chile",CL,-33.45,-70.67,14,2025,1.01
Welt,"Sydney",AU,-33.87,151.21,17.7,1850,-0.46
Welt,"Sydney",AU,-33.87,151.21,17.7,1851,-0.4
Welt,"Sydney",AU,-33.87,151.21,17.7,1852,-0.7
Welt,"Sydney",AU,-33.87,151.21,17.7,1853,-1.03
Welt,"Sydney",AU,-33.87,151.21,17.7,1854,-1.02
Welt,"Sydney",AU,-33.87,151.21,17.7,1855,-0.22
Welt,"Sydney",AU,-33.87,151.21,17.7,1856,-0.1
Welt,"Sydney",AU,-33.87,151.21,17.7,1857,-0.28
Welt,"Sydney",AU,-33.87,151.21,17.7,1858,-0.07
Welt,"Sydney",AU,-33.87,151.21,17.7,1859,-0.61
Welt,"Sydney",AU,-33.87,151.21,17.7,1860,-0.56
Welt,"Sydney",AU,-33.87,151.21,17.7,1861,-0.65
Welt,"Sydney",AU,-33.87,151.21,17.7,1862,-0.8
Welt,"Sydney",AU,-33.87,151.21,17.7,1863,-0.81
Welt,"Sydney",AU,-33.87,151.21,17.7,1864,-0.87
Welt,"Sydney",AU,-33.87,151.21,17.7,1865,-0.44
Welt,"Sydney",AU,-33.87,151.21,17.7,1866,-0.98
Welt,"Sydney",AU,-33.87,151.21,17.7,1867,-0.94
Welt,"Sydney",AU,-33.87,151.21,17.7,1868,-0.24
Welt,"Sydney",AU,-33.87,151.21,17.7,1869,-0.24
Welt,"Sydney",AU,-33.87,151.21,17.7,1870,0.27
Welt,"Sydney",AU,-33.87,151.21,17.7,1871,0.32
Welt,"Sydney",AU,-33.87,151.21,17.7,1872,-0.92
Welt,"Sydney",AU,-33.87,151.21,17.7,1873,-0.67
Welt,"Sydney",AU,-33.87,151.21,17.7,1874,-0.37
Welt,"Sydney",AU,-33.87,151.21,17.7,1875,-0.28
Welt,"Sydney",AU,-33.87,151.21,17.7,1876,-0.22
Welt,"Sydney",AU,-33.87,151.21,17.7,1877,-0.17
Welt,"Sydney",AU,-33.87,151.21,17.7,1878,-0.11
Welt,"Sydney",AU,-33.87,151.21,17.7,1879,-0.4
Welt,"Sydney",AU,-33.87,151.21,17.7,1880,-0.15
Welt,"Sydney",AU,-33.87,151.21,17.7,1881,-0.31
Welt,"Sydney",AU,-33.87,151.21,17.7,1882,0.1
Welt,"Sydney",AU,-33.87,151.21,17.7,1883,-0.32
Welt,"Sydney",AU,-33.87,151.21,17.7,1884,-0.85
Welt,"Sydney",AU,-33.87,151.21,17.7,1885,-0.08
Welt,"Sydney",AU,-33.87,151.21,17.7,1886,0.04
Welt,"Sydney",AU,-33.87,151.21,17.7,1887,-0.15
Welt,"Sydney",AU,-33.87,151.21,17.7,1888,-0.59
Welt,"Sydney",AU,-33.87,151.21,17.7,1889,-0.73
Welt,"Sydney",AU,-33.87,151.21,17.7,1890,-0.34
Welt,"Sydney",AU,-33.87,151.21,17.7,1891,0.09
Welt,"Sydney",AU,-33.87,151.21,17.7,1892,0.2
Welt,"Sydney",AU,-33.87,151.21,17.7,1893,-0.51
Welt,"Sydney",AU,-33.87,151.21,17.7,1894,-0.93
Welt,"Sydney",AU,-33.87,151.21,17.7,1895,-0.14
Welt,"Sydney",AU,-33.87,151.21,17.7,1896,-0.75
Welt,"Sydney",AU,-33.87,151.21,17.7,1897,-0.41
Welt,"Sydney",AU,-33.87,151.21,17.7,1898,-0.87
Welt,"Sydney",AU,-33.87,151.21,17.7,1899,-0.34
Welt,"Sydney",AU,-33.87,151.21,17.7,1900,-0.68
Welt,"Sydney",AU,-33.87,151.21,17.7,1901,-1.32
Welt,"Sydney",AU,-33.87,151.21,17.7,1902,-1.48
Welt,"Sydney",AU,-33.87,151.21,17.7,1903,-0.91
Welt,"Sydney",AU,-33.87,151.21,17.7,1904,-0.82
Welt,"Sydney",AU,-33.87,151.21,17.7,1905,-1.39
Welt,"Sydney",AU,-33.87,151.21,17.7,1906,-0.7
Welt,"Sydney",AU,-33.87,151.21,17.7,1907,-1.41
Welt,"Sydney",AU,-33.87,151.21,17.7,1908,-1.03
Welt,"Sydney",AU,-33.87,151.21,17.7,1909,-0.86
Welt,"Sydney",AU,-33.87,151.21,17.7,1910,-0.45
Welt,"Sydney",AU,-33.87,151.21,17.7,1911,-1.01
Welt,"Sydney",AU,-33.87,151.21,17.7,1912,-1.16
Welt,"Sydney",AU,-33.87,151.21,17.7,1913,-1.03
Welt,"Sydney",AU,-33.87,151.21,17.7,1914,-0.44
Welt,"Sydney",AU,-33.87,151.21,17.7,1915,-0.58
Welt,"Sydney",AU,-33.87,151.21,17.7,1916,-1.25
Welt,"Sydney",AU,-33.87,151.21,17.7,1917,-1.17
Welt,"Sydney",AU,-33.87,151.21,17.7,1918,0.01
Welt,"Sydney",AU,-33.87,151.21,17.7,1919,0.7
Welt,"Sydney",AU,-33.87,151.21,17.7,1920,0.12
Welt,"Sydney",AU,-33.87,151.21,17.7,1921,-0.03
Welt,"Sydney",AU,-33.87,151.21,17.7,1922,-0.08
Welt,"Sydney",AU,-33.87,151.21,17.7,1923,0.32
Welt,"Sydney",AU,-33.87,151.21,17.7,1924,0.04
Welt,"Sydney",AU,-33.87,151.21,17.7,1925,-0.1
Welt,"Sydney",AU,-33.87,151.21,17.7,1926,0.14
Welt,"Sydney",AU,-33.87,151.21,17.7,1927,-0.78
Welt,"Sydney",AU,-33.87,151.21,17.7,1928,-0.02
Welt,"Sydney",AU,-33.87,151.21,17.7,1929,-0.11
Welt,"Sydney",AU,-33.87,151.21,17.7,1930,-0.12
Welt,"Sydney",AU,-33.87,151.21,17.7,1931,0.1
Welt,"Sydney",AU,-33.87,151.21,17.7,1932,-0.14
Welt,"Sydney",AU,-33.87,151.21,17.7,1933,-0.76
Welt,"Sydney",AU,-33.87,151.21,17.7,1934,-0.14
Welt,"Sydney",AU,-33.87,151.21,17.7,1935,-0.98
Welt,"Sydney",AU,-33.87,151.21,17.7,1936,0.14
Welt,"Sydney",AU,-33.87,151.21,17.7,1937,-0.65
Welt,"Sydney",AU,-33.87,151.21,17.7,1938,-0.67
Welt,"Sydney",AU,-33.87,151.21,17.7,1939,-0.07
Welt,"Sydney",AU,-33.87,151.21,17.7,1940,-0.61
Welt,"Sydney",AU,-33.87,151.21,17.7,1941,0.52
Welt,"Sydney",AU,-33.87,151.21,17.7,1942,0.16
Welt,"Sydney",AU,-33.87,151.21,17.7,1943,-0.8
Welt,"Sydney",AU,-33.87,151.21,17.7,1944,-0.03
Welt,"Sydney",AU,-33.87,151.21,17.7,1945,-0.04
Welt,"Sydney",AU,-33.87,151.21,17.7,1946,-0.07
Welt,"Sydney",AU,-33.87,151.21,17.7,1947,-0.63
Welt,"Sydney",AU,-33.87,151.21,17.7,1948,0.36
Welt,"Sydney",AU,-33.87,151.21,17.7,1949,0.5
Welt,"Sydney",AU,-33.87,151.21,17.7,1950,-0.44
Welt,"Sydney",AU,-33.87,151.21,17.7,1951,0.11
Welt,"Sydney",AU,-33.87,151.21,17.7,1952,-0.58
Welt,"Sydney",AU,-33.87,151.21,17.7,1953,-0.63
Welt,"Sydney",AU,-33.87,151.21,17.7,1954,-0.54
Welt,"Sydney",AU,-33.87,151.21,17.7,1955,-0.82
Welt,"Sydney",AU,-33.87,151.21,17.7,1956,-1.02
Welt,"Sydney",AU,-33.87,151.21,17.7,1957,-0.63
Welt,"Sydney",AU,-33.87,151.21,17.7,1958,-0.74
Welt,"Sydney",AU,-33.87,151.21,17.7,1959,-0.15
Welt,"Sydney",AU,-33.87,151.21,17.7,1960,0.18
Welt,"Sydney",AU,-33.87,151.21,17.7,1961,-0.78
Welt,"Sydney",AU,-33.87,151.21,17.7,1962,-0.54
Welt,"Sydney",AU,-33.87,151.21,17.7,1963,-0.28
Welt,"Sydney",AU,-33.87,151.21,17.7,1964,-0.3
Welt,"Sydney",AU,-33.87,151.21,17.7,1965,0.22
Welt,"Sydney",AU,-33.87,151.21,17.7,1966,-0.02
Welt,"Sydney",AU,-33.87,151.21,17.7,1967,0.65
Welt,"Sydney",AU,-33.87,151.21,17.7,1968,0.31
Welt,"Sydney",AU,-33.87,151.21,17.7,1969,0.14
Welt,"Sydney",AU,-33.87,151.21,17.7,1970,0.61
Welt,"Sydney",AU,-33.87,151.21,17.7,1971,-0.2
Welt,"Sydney",AU,-33.87,151.21,17.7,1972,-0.34
Welt,"Sydney",AU,-33.87,151.21,17.7,1973,0.34
Welt,"Sydney",AU,-33.87,151.21,17.7,1974,-0.99
Welt,"Sydney",AU,-33.87,151.21,17.7,1975,-0.54
Welt,"Sydney",AU,-33.87,151.21,17.7,1976,-0.26
Welt,"Sydney",AU,-33.87,151.21,17.7,1977,0.76
Welt,"Sydney",AU,-33.87,151.21,17.7,1978,0.05
Welt,"Sydney",AU,-33.87,151.21,17.7,1979,0.83
Welt,"Sydney",AU,-33.87,151.21,17.7,1980,0.68
Welt,"Sydney",AU,-33.87,151.21,17.7,1981,0.52
Welt,"Sydney",AU,-33.87,151.21,17.7,1982,0.33
Welt,"Sydney",AU,-33.87,151.21,17.7,1983,0.32
Welt,"Sydney",AU,-33.87,151.21,17.7,1984,-0.77
Welt,"Sydney",AU,-33.87,151.21,17.7,1985,-0.42
Welt,"Sydney",AU,-33.87,151.21,17.7,1986,-0.02
Welt,"Sydney",AU,-33.87,151.21,17.7,1987,0.39
Welt,"Sydney",AU,-33.87,151.21,17.7,1988,0.33
Welt,"Sydney",AU,-33.87,151.21,17.7,1989,-0.16
Welt,"Sydney",AU,-33.87,151.21,17.7,1990,-0.83
Welt,"Sydney",AU,-33.87,151.21,17.7,1991,-1.03
Welt,"Sydney",AU,-33.87,151.21,17.7,1992,-0.12
Welt,"Sydney",AU,-33.87,151.21,17.7,1993,-0.7
Welt,"Sydney",AU,-33.87,151.21,17.7,1994,-0.6
Welt,"Sydney",AU,-33.87,151.21,17.7,1995,0.17
Welt,"Sydney",AU,-33.87,151.21,17.7,1996,0.08
Welt,"Sydney",AU,-33.87,151.21,17.7,1997,0.05
Welt,"Sydney",AU,-33.87,151.21,17.7,1998,-0.39
Welt,"Sydney",AU,-33.87,151.21,17.7,1999,0.2
Welt,"Sydney",AU,-33.87,151.21,17.7,2000,0
Welt,"Sydney",AU,-33.87,151.21,17.7,2001,0.65
Welt,"Sydney",AU,-33.87,151.21,17.7,2002,-0.15
Welt,"Sydney",AU,-33.87,151.21,17.7,2003,-0.41
Welt,"Sydney",AU,-33.87,151.21,17.7,2004,0.12
Welt,"Sydney",AU,-33.87,151.21,17.7,2005,0.33
Welt,"Sydney",AU,-33.87,151.21,17.7,2006,0.51
Welt,"Sydney",AU,-33.87,151.21,17.7,2007,0.36
Welt,"Sydney",AU,-33.87,151.21,17.7,2008,0.35
Welt,"Sydney",AU,-33.87,151.21,17.7,2009,1.04
Welt,"Sydney",AU,-33.87,151.21,17.7,2010,1.38
Welt,"Sydney",AU,-33.87,151.21,17.7,2011,0.98
Welt,"Sydney",AU,-33.87,151.21,17.7,2012,0.79
Welt,"Sydney",AU,-33.87,151.21,17.7,2013,0.83
Welt,"Sydney",AU,-33.87,151.21,17.7,2014,1.53
Welt,"Sydney",AU,-33.87,151.21,17.7,2015,1.12
Welt,"Sydney",AU,-33.87,151.21,17.7,2016,0.88
Welt,"Sydney",AU,-33.87,151.21,17.7,2017,0.65
Welt,"Sydney",AU,-33.87,151.21,17.7,2018,0.51
Welt,"Sydney",AU,-33.87,151.21,17.7,2019,0.88
Welt,"Sydney",AU,-33.87,151.21,17.7,2020,1.4
Welt,"Sydney",AU,-33.87,151.21,17.7,2021,1.07
Welt,"Sydney",AU,-33.87,151.21,17.7,2022,0.98
Welt,"Sydney",AU,-33.87,151.21,17.7,2023,1.4
Welt,"Sydney",AU,-33.87,151.21,17.7,2024,1
Welt,"Sydney",AU,-33.87,151.21,17.7,2025,0.58
Welt,"Kapstadt",ZA,-33.92,18.42,16.5,1850,-0.44
Welt,"Kapstadt",ZA,-33.92,18.42,16.5,1851,-0.28
Welt,"Kapstadt",ZA,-33.92,18.42,16.5,1852,-0.41
Welt,"Kapstadt",ZA,-33.92,18.42,16.5,1853,-0.65
Welt,"Kapstadt",ZA,-33.92,18.42,16.5,1854,-0.26
Welt,"Kapstadt",ZA,-33.92,18.42,16.5,1855,-0.59
Welt,"Kapstadt",ZA,-33.92,18.42,16.5,1856,-0.73
Welt,"Kapstadt",ZA,-33.92,18.42,16.5,1857,-0.65
Welt,"Kapstadt",ZA,-33.92,18.42,16.5,1858,-0.58
Welt,"Kapstadt",ZA,-33.92,18.42,16.5,1859,-0.15
Welt,"Kapstadt",ZA,-33.92,18.42,16.5,1860,-0.19
Welt,"Kapstadt",ZA,-33.92,18.42,16.5,1861,-0.24
Welt,"Kapstadt",ZA,-33.92,18.42,16.5,1862,-0.53
Welt,"Kapstadt",ZA,-33.92,18.42,16.5,1863,-0.5
Welt,"Kapstadt",ZA,-33.92,18.42,16.5,1864,-0.45
Welt,"Kapstadt",ZA,-33.92,18.42,16.5,1865,-0.25
Welt,"Kapstadt",ZA,-33.92,18.42,16.5,1866,-0.53
Welt,"Kapstadt",ZA,-33.92,18.42,16.5,1867,-0.52
Welt,"Kapstadt",ZA,-33.92,18.42,16.5,1868,-0.68
Welt,"Kapstadt",ZA,-33.92,18.42,16.5,1869,-0.38
Welt,"Kapstadt",ZA,-33.92,18.42,16.5,1870,-0.65
Welt,"Kapstadt",ZA,-33.92,18.42,16.5,1871,-0.99
Welt,"Kapstadt",ZA,-33.92,18.42,16.5,1872,-0.63
Welt,"Kapstadt",ZA,-33.92,18.42,16.5,1873,0.18
Welt,"Kapstadt",ZA,-33.92,18.42,16.5,1874,-0.43
Welt,"Kapstadt",ZA,-33.92,18.42,16.5,1875,-0.72
Welt,"Kapstadt",ZA,-33.92,18.42,16.5,1876,0.22
Welt,"Kapstadt",ZA,-33.92,18.42,16.5,1877,0.3
Welt,"Kapstadt",ZA,-33.92,18.42,16.5,1878,0.2
Welt,"Kapstadt",ZA,-33.92,18.42,16.5,1879,-0.02
Welt,"Kapstadt",ZA,-33.92,18.42,16.5,1880,-0.73
Welt,"Kapstadt",ZA,-33.92,18.42,16.5,1881,-0.31
Welt,"Kapstadt",ZA,-33.92,18.42,16.5,1882,-0.7
Welt,"Kapstadt",ZA,-33.92,18.42,16.5,1883,-0.59
Welt,"Kapstadt",ZA,-33.92,18.42,16.5,1884,-0.31
Welt,"Kapstadt",ZA,-33.92,18.42,16.5,1885,-0.15
Welt,"Kapstadt",ZA,-33.92,18.42,16.5,1886,-0.1
Welt,"Kapstadt",ZA,-33.92,18.42,16.5,1887,-0.23
Welt,"Kapstadt",ZA,-33.92,18.42,16.5,1888,-0.2
Welt,"Kapstadt",ZA,-33.92,18.42,16.5,1889,0.26
Welt,"Kapstadt",ZA,-33.92,18.42,16.5,1890,-0.68
Welt,"Kapstadt",ZA,-33.92,18.42,16.5,1891,-0.74
Welt,"Kapstadt",ZA,-33.92,18.42,16.5,1892,-0.67
Welt,"Kapstadt",ZA,-33.92,18.42,16.5,1893,-0.38
Welt,"Kapstadt",ZA,-33.92,18.42,16.5,1894,-0.02
Welt,"Kapstadt",ZA,-33.92,18.42,16.5,1895,0
Welt,"Kapstadt",ZA,-33.92,18.42,16.5,1896,0.61
Welt,"Kapstadt",ZA,-33.92,18.42,16.5,1897,-0.48
Welt,"Kapstadt",ZA,-33.92,18.42,16.5,1898,-0.68
Welt,"Kapstadt",ZA,-33.92,18.42,16.5,1899,-0.5
Welt,"Kapstadt",ZA,-33.92,18.42,16.5,1900,0.09
Welt,"Kapstadt",ZA,-33.92,18.42,16.5,1901,-0.06
Welt,"Kapstadt",ZA,-33.92,18.42,16.5,1902,-0.56
Welt,"Kapstadt",ZA,-33.92,18.42,16.5,1903,-0.51
Welt,"Kapstadt",ZA,-33.92,18.42,16.5,1904,-1.28
Welt,"Kapstadt",ZA,-33.92,18.42,16.5,1905,-0.01
Welt,"Kapstadt",ZA,-33.92,18.42,16.5,1906,-0.33
Welt,"Kapstadt",ZA,-33.92,18.42,16.5,1907,-1.07
Welt,"Kapstadt",ZA,-33.92,18.42,16.5,1908,-0.57
Welt,"Kapstadt",ZA,-33.92,18.42,16.5,1909,-0.67
Welt,"Kapstadt",ZA,-33.92,18.42,16.5,1910,-0.59
Welt,"Kapstadt",ZA,-33.92,18.42,16.5,1911,-0.73
Welt,"Kapstadt",ZA,-33.92,18.42,16.5,1912,-0.37
Welt,"Kapstadt",ZA,-33.92,18.42,16.5,1913,-0.6
Welt,"Kapstadt",ZA,-33.92,18.42,16.5,1914,-0.69
Welt,"Kapstadt",ZA,-33.92,18.42,16.5,1915,0.01
Welt,"Kapstadt",ZA,-33.92,18.42,16.5,1916,-0.18
Welt,"Kapstadt",ZA,-33.92,18.42,16.5,1917,-0.86
Welt,"Kapstadt",ZA,-33.92,18.42,16.5,1918,-0.08
Welt,"Kapstadt",ZA,-33.92,18.42,16.5,1919,-0.44
Welt,"Kapstadt",ZA,-33.92,18.42,16.5,1920,-0.06
Welt,"Kapstadt",ZA,-33.92,18.42,16.5,1921,-0.22
Welt,"Kapstadt",ZA,-33.92,18.42,16.5,1922,-0.9
Welt,"Kapstadt",ZA,-33.92,18.42,16.5,1923,-0.7
Welt,"Kapstadt",ZA,-33.92,18.42,16.5,1924,-0.15
Welt,"Kapstadt",ZA,-33.92,18.42,16.5,1925,-0.17
Welt,"Kapstadt",ZA,-33.92,18.42,16.5,1926,0.33
Welt,"Kapstadt",ZA,-33.92,18.42,16.5,1927,-0.5
Welt,"Kapstadt",ZA,-33.92,18.42,16.5,1928,-0.36
Welt,"Kapstadt",ZA,-33.92,18.42,16.5,1929,-0.18
Welt,"Kapstadt",ZA,-33.92,18.42,16.5,1930,-0.12
Welt,"Kapstadt",ZA,-33.92,18.42,16.5,1931,-0.06
Welt,"Kapstadt",ZA,-33.92,18.42,16.5,1932,-0.07
Welt,"Kapstadt",ZA,-33.92,18.42,16.5,1933,-0.38
Welt,"Kapstadt",ZA,-33.92,18.42,16.5,1934,0.12
Welt,"Kapstadt",ZA,-33.92,18.42,16.5,1935,-0.25
Welt,"Kapstadt",ZA,-33.92,18.42,16.5,1936,-0.53
Welt,"Kapstadt",ZA,-33.92,18.42,16.5,1937,-0.81
Welt,"Kapstadt",ZA,-33.92,18.42,16.5,1938,0.04
Welt,"Kapstadt",ZA,-33.92,18.42,16.5,1939,0.02
Welt,"Kapstadt",ZA,-33.92,18.42,16.5,1940,0.17
Welt,"Kapstadt",ZA,-33.92,18.42,16.5,1941,-0.49
Welt,"Kapstadt",ZA,-33.92,18.42,16.5,1942,0.35
Welt,"Kapstadt",ZA,-33.92,18.42,16.5,1943,-0.07
Welt,"Kapstadt",ZA,-33.92,18.42,16.5,1944,0.53
Welt,"Kapstadt",ZA,-33.92,18.42,16.5,1945,-0.12
Welt,"Kapstadt",ZA,-33.92,18.42,16.5,1946,-0.37
Welt,"Kapstadt",ZA,-33.92,18.42,16.5,1947,-0.34
Welt,"Kapstadt",ZA,-33.92,18.42,16.5,1948,-0.37
Welt,"Kapstadt",ZA,-33.92,18.42,16.5,1949,-0.23
Welt,"Kapstadt",ZA,-33.92,18.42,16.5,1950,-0.23
Welt,"Kapstadt",ZA,-33.92,18.42,16.5,1951,-0.38
Welt,"Kapstadt",ZA,-33.92,18.42,16.5,1952,0.24
Welt,"Kapstadt",ZA,-33.92,18.42,16.5,1953,0.51
Welt,"Kapstadt",ZA,-33.92,18.42,16.5,1954,-0.12
Welt,"Kapstadt",ZA,-33.92,18.42,16.5,1955,-0.32
Welt,"Kapstadt",ZA,-33.92,18.42,16.5,1956,-0.41
Welt,"Kapstadt",ZA,-33.92,18.42,16.5,1957,-0.22
Welt,"Kapstadt",ZA,-33.92,18.42,16.5,1958,-0.26
Welt,"Kapstadt",ZA,-33.92,18.42,16.5,1959,-0.38
Welt,"Kapstadt",ZA,-33.92,18.42,16.5,1960,0.14
Welt,"Kapstadt",ZA,-33.92,18.42,16.5,1961,-0.1
Welt,"Kapstadt",ZA,-33.92,18.42,16.5,1962,-0.72
Welt,"Kapstadt",ZA,-33.92,18.42,16.5,1963,-0.34
Welt,"Kapstadt",ZA,-33.92,18.42,16.5,1964,-0.84
Welt,"Kapstadt",ZA,-33.92,18.42,16.5,1965,-0.7
Welt,"Kapstadt",ZA,-33.92,18.42,16.5,1966,-0.82
Welt,"Kapstadt",ZA,-33.92,18.42,16.5,1967,-0.61
Welt,"Kapstadt",ZA,-33.92,18.42,16.5,1968,-0.45
Welt,"Kapstadt",ZA,-33.92,18.42,16.5,1969,0.19
Welt,"Kapstadt",ZA,-33.92,18.42,16.5,1970,0.37
Welt,"Kapstadt",ZA,-33.92,18.42,16.5,1971,0.36
Welt,"Kapstadt",ZA,-33.92,18.42,16.5,1972,0.44
Welt,"Kapstadt",ZA,-33.92,18.42,16.5,1973,0.67
Welt,"Kapstadt",ZA,-33.92,18.42,16.5,1974,0.31
Welt,"Kapstadt",ZA,-33.92,18.42,16.5,1975,0.09
Welt,"Kapstadt",ZA,-33.92,18.42,16.5,1976,-0.32
Welt,"Kapstadt",ZA,-33.92,18.42,16.5,1977,-0.26
Welt,"Kapstadt",ZA,-33.92,18.42,16.5,1978,-0.08
Welt,"Kapstadt",ZA,-33.92,18.42,16.5,1979,0.38
Welt,"Kapstadt",ZA,-33.92,18.42,16.5,1980,-0.03
Welt,"Kapstadt",ZA,-33.92,18.42,16.5,1981,0.45
Welt,"Kapstadt",ZA,-33.92,18.42,16.5,1982,0.16
Welt,"Kapstadt",ZA,-33.92,18.42,16.5,1983,-0.08
Welt,"Kapstadt",ZA,-33.92,18.42,16.5,1984,-0.12
Welt,"Kapstadt",ZA,-33.92,18.42,16.5,1985,-0.37
Welt,"Kapstadt",ZA,-33.92,18.42,16.5,1986,0.3
Welt,"Kapstadt",ZA,-33.92,18.42,16.5,1987,0.62
Welt,"Kapstadt",ZA,-33.92,18.42,16.5,1988,0.5
Welt,"Kapstadt",ZA,-33.92,18.42,16.5,1989,0.71
Welt,"Kapstadt",ZA,-33.92,18.42,16.5,1990,0.28
Welt,"Kapstadt",ZA,-33.92,18.42,16.5,1991,0.38
Welt,"Kapstadt",ZA,-33.92,18.42,16.5,1992,0.03
Welt,"Kapstadt",ZA,-33.92,18.42,16.5,1993,0.74
Welt,"Kapstadt",ZA,-33.92,18.42,16.5,1994,0.32
Welt,"Kapstadt",ZA,-33.92,18.42,16.5,1995,0.44
Welt,"Kapstadt",ZA,-33.92,18.42,16.5,1996,0.4
Welt,"Kapstadt",ZA,-33.92,18.42,16.5,1997,0.36
Welt,"Kapstadt",ZA,-33.92,18.42,16.5,1998,0.4
Welt,"Kapstadt",ZA,-33.92,18.42,16.5,1999,-0.11
Welt,"Kapstadt",ZA,-33.92,18.42,16.5,2000,0.27
Welt,"Kapstadt",ZA,-33.92,18.42,16.5,2001,0.57
Welt,"Kapstadt",ZA,-33.92,18.42,16.5,2002,0.89
Welt,"Kapstadt",ZA,-33.92,18.42,16.5,2003,0.74
Welt,"Kapstadt",ZA,-33.92,18.42,16.5,2004,0.54
Welt,"Kapstadt",ZA,-33.92,18.42,16.5,2005,0.96
Welt,"Kapstadt",ZA,-33.92,18.42,16.5,2006,0.52
Welt,"Kapstadt",ZA,-33.92,18.42,16.5,2007,-0.07
Welt,"Kapstadt",ZA,-33.92,18.42,16.5,2008,0.34
Welt,"Kapstadt",ZA,-33.92,18.42,16.5,2009,0.51
Welt,"Kapstadt",ZA,-33.92,18.42,16.5,2010,0.8
Welt,"Kapstadt",ZA,-33.92,18.42,16.5,2011,1.08
Welt,"Kapstadt",ZA,-33.92,18.42,16.5,2012,0.84
Welt,"Kapstadt",ZA,-33.92,18.42,16.5,2013,0.88
Welt,"Kapstadt",ZA,-33.92,18.42,16.5,2014,0.99
Welt,"Kapstadt",ZA,-33.92,18.42,16.5,2015,0.37
Welt,"Kapstadt",ZA,-33.92,18.42,16.5,2016,1.02
Welt,"Kapstadt",ZA,-33.92,18.42,16.5,2017,1.13
Welt,"Kapstadt",ZA,-33.92,18.42,16.5,2018,1.18
Welt,"Kapstadt",ZA,-33.92,18.42,16.5,2019,1.24
Welt,"Kapstadt",ZA,-33.92,18.42,16.5,2020,0.91
Welt,"Kapstadt",ZA,-33.92,18.42,16.5,2021,0.79
Welt,"Kapstadt",ZA,-33.92,18.42,16.5,2022,0.64
Welt,"Kapstadt",ZA,-33.92,18.42,16.5,2023,0.88
Welt,"Kapstadt",ZA,-33.92,18.42,16.5,2024,1.32
Welt,"Kapstadt",ZA,-33.92,18.42,16.5,2025,1.04
Welt,"Buenos Aires",AR,-34.61,-58.38,17.4,1850,-0.07
Welt,"Buenos Aires",AR,-34.61,-58.38,17.4,1851,0.2
Welt,"Buenos Aires",AR,-34.61,-58.38,17.4,1852,0.62
Welt,"Buenos Aires",AR,-34.61,-58.38,17.4,1853,0.67
Welt,"Buenos Aires",AR,-34.61,-58.38,17.4,1854,-0.23
Welt,"Buenos Aires",AR,-34.61,-58.38,17.4,1855,-0.74
Welt,"Buenos Aires",AR,-34.61,-58.38,17.4,1856,-0.26
Welt,"Buenos Aires",AR,-34.61,-58.38,17.4,1857,-0.07
Welt,"Buenos Aires",AR,-34.61,-58.38,17.4,1858,-0.28
Welt,"Buenos Aires",AR,-34.61,-58.38,17.4,1859,-1.04
Welt,"Buenos Aires",AR,-34.61,-58.38,17.4,1860,-0.82
Welt,"Buenos Aires",AR,-34.61,-58.38,17.4,1861,-0.11
Welt,"Buenos Aires",AR,-34.61,-58.38,17.4,1862,-0.11
Welt,"Buenos Aires",AR,-34.61,-58.38,17.4,1863,0.6
Welt,"Buenos Aires",AR,-34.61,-58.38,17.4,1864,0.26
Welt,"Buenos Aires",AR,-34.61,-58.38,17.4,1865,0.55
Welt,"Buenos Aires",AR,-34.61,-58.38,17.4,1866,-0.32
Welt,"Buenos Aires",AR,-34.61,-58.38,17.4,1867,-0.15
Welt,"Buenos Aires",AR,-34.61,-58.38,17.4,1868,0.48
Welt,"Buenos Aires",AR,-34.61,-58.38,17.4,1869,-0.13
Welt,"Buenos Aires",AR,-34.61,-58.38,17.4,1870,-0.35
Welt,"Buenos Aires",AR,-34.61,-58.38,17.4,1871,-0.12
Welt,"Buenos Aires",AR,-34.61,-58.38,17.4,1872,0.23
Welt,"Buenos Aires",AR,-34.61,-58.38,17.4,1873,0.46
Welt,"Buenos Aires",AR,-34.61,-58.38,17.4,1874,-0.67
Welt,"Buenos Aires",AR,-34.61,-58.38,17.4,1875,-0.94
Welt,"Buenos Aires",AR,-34.61,-58.38,17.4,1876,0.13
Welt,"Buenos Aires",AR,-34.61,-58.38,17.4,1877,0.28
Welt,"Buenos Aires",AR,-34.61,-58.38,17.4,1878,0.58
Welt,"Buenos Aires",AR,-34.61,-58.38,17.4,1879,0.08
Welt,"Buenos Aires",AR,-34.61,-58.38,17.4,1880,0.25
Welt,"Buenos Aires",AR,-34.61,-58.38,17.4,1881,-0.26
Welt,"Buenos Aires",AR,-34.61,-58.38,17.4,1882,-0.1
Welt,"Buenos Aires",AR,-34.61,-58.38,17.4,1883,0.34
Welt,"Buenos Aires",AR,-34.61,-58.38,17.4,1884,-0.59
Welt,"Buenos Aires",AR,-34.61,-58.38,17.4,1885,-0.43
Welt,"Buenos Aires",AR,-34.61,-58.38,17.4,1886,-0.77
Welt,"Buenos Aires",AR,-34.61,-58.38,17.4,1887,-1.08
Welt,"Buenos Aires",AR,-34.61,-58.38,17.4,1888,-0.92
Welt,"Buenos Aires",AR,-34.61,-58.38,17.4,1889,0.42
Welt,"Buenos Aires",AR,-34.61,-58.38,17.4,1890,-0.4
Welt,"Buenos Aires",AR,-34.61,-58.38,17.4,1891,-0.26
Welt,"Buenos Aires",AR,-34.61,-58.38,17.4,1892,-0.3
Welt,"Buenos Aires",AR,-34.61,-58.38,17.4,1893,-0.33
Welt,"Buenos Aires",AR,-34.61,-58.38,17.4,1894,0.09
Welt,"Buenos Aires",AR,-34.61,-58.38,17.4,1895,0
Welt,"Buenos Aires",AR,-34.61,-58.38,17.4,1896,0.09
Welt,"Buenos Aires",AR,-34.61,-58.38,17.4,1897,-0.11
Welt,"Buenos Aires",AR,-34.61,-58.38,17.4,1898,-0.79
Welt,"Buenos Aires",AR,-34.61,-58.38,17.4,1899,-0.42
Welt,"Buenos Aires",AR,-34.61,-58.38,17.4,1900,-0.06
Welt,"Buenos Aires",AR,-34.61,-58.38,17.4,1901,-0.65
Welt,"Buenos Aires",AR,-34.61,-58.38,17.4,1902,-0.47
Welt,"Buenos Aires",AR,-34.61,-58.38,17.4,1903,-0.5
Welt,"Buenos Aires",AR,-34.61,-58.38,17.4,1904,-1.25
Welt,"Buenos Aires",AR,-34.61,-58.38,17.4,1905,0.19
Welt,"Buenos Aires",AR,-34.61,-58.38,17.4,1906,-0.06
Welt,"Buenos Aires",AR,-34.61,-58.38,17.4,1907,0.25
Welt,"Buenos Aires",AR,-34.61,-58.38,17.4,1908,0.43
Welt,"Buenos Aires",AR,-34.61,-58.38,17.4,1909,0.12
Welt,"Buenos Aires",AR,-34.61,-58.38,17.4,1910,-0.83
Welt,"Buenos Aires",AR,-34.61,-58.38,17.4,1911,-1.45
Welt,"Buenos Aires",AR,-34.61,-58.38,17.4,1912,-1.57
Welt,"Buenos Aires",AR,-34.61,-58.38,17.4,1913,-1.31
Welt,"Buenos Aires",AR,-34.61,-58.38,17.4,1914,0.39
Welt,"Buenos Aires",AR,-34.61,-58.38,17.4,1915,0.24
Welt,"Buenos Aires",AR,-34.61,-58.38,17.4,1916,-0.94
Welt,"Buenos Aires",AR,-34.61,-58.38,17.4,1917,-1.09
Welt,"Buenos Aires",AR,-34.61,-58.38,17.4,1918,-0.19
Welt,"Buenos Aires",AR,-34.61,-58.38,17.4,1919,0.48
Welt,"Buenos Aires",AR,-34.61,-58.38,17.4,1920,0.77
Welt,"Buenos Aires",AR,-34.61,-58.38,17.4,1921,0.37
Welt,"Buenos Aires",AR,-34.61,-58.38,17.4,1922,-0.07
Welt,"Buenos Aires",AR,-34.61,-58.38,17.4,1923,-0.3
Welt,"Buenos Aires",AR,-34.61,-58.38,17.4,1924,-0.42
Welt,"Buenos Aires",AR,-34.61,-58.38,17.4,1925,0.35
Welt,"Buenos Aires",AR,-34.61,-58.38,17.4,1926,0.11
Welt,"Buenos Aires",AR,-34.61,-58.38,17.4,1927,-0.2
Welt,"Buenos Aires",AR,-34.61,-58.38,17.4,1928,0.43
Welt,"Buenos Aires",AR,-34.61,-58.38,17.4,1929,-0.17
Welt,"Buenos Aires",AR,-34.61,-58.38,17.4,1930,0.27
Welt,"Buenos Aires",AR,-34.61,-58.38,17.4,1931,0.16
Welt,"Buenos Aires",AR,-34.61,-58.38,17.4,1932,0.33
Welt,"Buenos Aires",AR,-34.61,-58.38,17.4,1933,0.1
Welt,"Buenos Aires",AR,-34.61,-58.38,17.4,1934,-0.27
Welt,"Buenos Aires",AR,-34.61,-58.38,17.4,1935,-1.15
Welt,"Buenos Aires",AR,-34.61,-58.38,17.4,1936,-1.49
Welt,"Buenos Aires",AR,-34.61,-58.38,17.4,1937,-1.02
Welt,"Buenos Aires",AR,-34.61,-58.38,17.4,1938,-0.82
Welt,"Buenos Aires",AR,-34.61,-58.38,17.4,1939,-0.34
Welt,"Buenos Aires",AR,-34.61,-58.38,17.4,1940,-0.69
Welt,"Buenos Aires",AR,-34.61,-58.38,17.4,1941,-0.04
Welt,"Buenos Aires",AR,-34.61,-58.38,17.4,1942,0.88
Welt,"Buenos Aires",AR,-34.61,-58.38,17.4,1943,0.7
Welt,"Buenos Aires",AR,-34.61,-58.38,17.4,1944,0.16
Welt,"Buenos Aires",AR,-34.61,-58.38,17.4,1945,0.16
Welt,"Buenos Aires",AR,-34.61,-58.38,17.4,1946,0.43
Welt,"Buenos Aires",AR,-34.61,-58.38,17.4,1947,-0.22
Welt,"Buenos Aires",AR,-34.61,-58.38,17.4,1948,-0.99
Welt,"Buenos Aires",AR,-34.61,-58.38,17.4,1949,-0.48
Welt,"Buenos Aires",AR,-34.61,-58.38,17.4,1950,-1.31
Welt,"Buenos Aires",AR,-34.61,-58.38,17.4,1951,-1.08
Welt,"Buenos Aires",AR,-34.61,-58.38,17.4,1952,-0.28
Welt,"Buenos Aires",AR,-34.61,-58.38,17.4,1953,-0.51
Welt,"Buenos Aires",AR,-34.61,-58.38,17.4,1954,-0.53
Welt,"Buenos Aires",AR,-34.61,-58.38,17.4,1955,-0.77
Welt,"Buenos Aires",AR,-34.61,-58.38,17.4,1956,-0.73
Welt,"Buenos Aires",AR,-34.61,-58.38,17.4,1957,-0.78
Welt,"Buenos Aires",AR,-34.61,-58.38,17.4,1958,-1.11
Welt,"Buenos Aires",AR,-34.61,-58.38,17.4,1959,-0.23
Welt,"Buenos Aires",AR,-34.61,-58.38,17.4,1960,-0.02
Welt,"Buenos Aires",AR,-34.61,-58.38,17.4,1961,-0.18
Welt,"Buenos Aires",AR,-34.61,-58.38,17.4,1962,0.32
Welt,"Buenos Aires",AR,-34.61,-58.38,17.4,1963,-0.49
Welt,"Buenos Aires",AR,-34.61,-58.38,17.4,1964,-0.1
Welt,"Buenos Aires",AR,-34.61,-58.38,17.4,1965,-0.64
Welt,"Buenos Aires",AR,-34.61,-58.38,17.4,1966,-0.38
Welt,"Buenos Aires",AR,-34.61,-58.38,17.4,1967,0.26
Welt,"Buenos Aires",AR,-34.61,-58.38,17.4,1968,-0.35
Welt,"Buenos Aires",AR,-34.61,-58.38,17.4,1969,-0.69
Welt,"Buenos Aires",AR,-34.61,-58.38,17.4,1970,-0.06
Welt,"Buenos Aires",AR,-34.61,-58.38,17.4,1971,0.51
Welt,"Buenos Aires",AR,-34.61,-58.38,17.4,1972,0.09
Welt,"Buenos Aires",AR,-34.61,-58.38,17.4,1973,0.28
Welt,"Buenos Aires",AR,-34.61,-58.38,17.4,1974,0.67
Welt,"Buenos Aires",AR,-34.61,-58.38,17.4,1975,-0.62
Welt,"Buenos Aires",AR,-34.61,-58.38,17.4,1976,-0.45
Welt,"Buenos Aires",AR,-34.61,-58.38,17.4,1977,0.06
Welt,"Buenos Aires",AR,-34.61,-58.38,17.4,1978,0.09
Welt,"Buenos Aires",AR,-34.61,-58.38,17.4,1979,-0.49
Welt,"Buenos Aires",AR,-34.61,-58.38,17.4,1980,-0.26
Welt,"Buenos Aires",AR,-34.61,-58.38,17.4,1981,0.61
Welt,"Buenos Aires",AR,-34.61,-58.38,17.4,1982,0.04
Welt,"Buenos Aires",AR,-34.61,-58.38,17.4,1983,-0.26
Welt,"Buenos Aires",AR,-34.61,-58.38,17.4,1984,0.27
Welt,"Buenos Aires",AR,-34.61,-58.38,17.4,1985,0.41
Welt,"Buenos Aires",AR,-34.61,-58.38,17.4,1986,-0.22
Welt,"Buenos Aires",AR,-34.61,-58.38,17.4,1987,0.08
Welt,"Buenos Aires",AR,-34.61,-58.38,17.4,1988,0.18
Welt,"Buenos Aires",AR,-34.61,-58.38,17.4,1989,0.4
Welt,"Buenos Aires",AR,-34.61,-58.38,17.4,1990,0.93
Welt,"Buenos Aires",AR,-34.61,-58.38,17.4,1991,0.63
Welt,"Buenos Aires",AR,-34.61,-58.38,17.4,1992,0.03
Welt,"Buenos Aires",AR,-34.61,-58.38,17.4,1993,-0.1
Welt,"Buenos Aires",AR,-34.61,-58.38,17.4,1994,-0.71
Welt,"Buenos Aires",AR,-34.61,-58.38,17.4,1995,-0.17
Welt,"Buenos Aires",AR,-34.61,-58.38,17.4,1996,0.06
Welt,"Buenos Aires",AR,-34.61,-58.38,17.4,1997,-0.07
Welt,"Buenos Aires",AR,-34.61,-58.38,17.4,1998,-0.18
Welt,"Buenos Aires",AR,-34.61,-58.38,17.4,1999,-0.08
Welt,"Buenos Aires",AR,-34.61,-58.38,17.4,2000,-0.56
Welt,"Buenos Aires",AR,-34.61,-58.38,17.4,2001,0.56
Welt,"Buenos Aires",AR,-34.61,-58.38,17.4,2002,-0.05
Welt,"Buenos Aires",AR,-34.61,-58.38,17.4,2003,-0.01
Welt,"Buenos Aires",AR,-34.61,-58.38,17.4,2004,0.42
Welt,"Buenos Aires",AR,-34.61,-58.38,17.4,2005,0.74
Welt,"Buenos Aires",AR,-34.61,-58.38,17.4,2006,0.54
Welt,"Buenos Aires",AR,-34.61,-58.38,17.4,2007,0.37
Welt,"Buenos Aires",AR,-34.61,-58.38,17.4,2008,-0.18
Welt,"Buenos Aires",AR,-34.61,-58.38,17.4,2009,-0.48
Welt,"Buenos Aires",AR,-34.61,-58.38,17.4,2010,0.08
Welt,"Buenos Aires",AR,-34.61,-58.38,17.4,2011,0.9
Welt,"Buenos Aires",AR,-34.61,-58.38,17.4,2012,0.25
Welt,"Buenos Aires",AR,-34.61,-58.38,17.4,2013,0.83
Welt,"Buenos Aires",AR,-34.61,-58.38,17.4,2014,0.45
Welt,"Buenos Aires",AR,-34.61,-58.38,17.4,2015,0.64
Welt,"Buenos Aires",AR,-34.61,-58.38,17.4,2016,1.2
Welt,"Buenos Aires",AR,-34.61,-58.38,17.4,2017,1.48
Welt,"Buenos Aires",AR,-34.61,-58.38,17.4,2018,1.11
Welt,"Buenos Aires",AR,-34.61,-58.38,17.4,2019,0.83
Welt,"Buenos Aires",AR,-34.61,-58.38,17.4,2020,0.54
Welt,"Buenos Aires",AR,-34.61,-58.38,17.4,2021,0.88
Welt,"Buenos Aires",AR,-34.61,-58.38,17.4,2022,0.76
Welt,"Buenos Aires",AR,-34.61,-58.38,17.4,2023,1.1
Welt,"Buenos Aires",AR,-34.61,-58.38,17.4,2024,0.83
Welt,"Buenos Aires",AR,-34.61,-58.38,17.4,2025,1.19
Welt,"Auckland",NZ,-36.85,174.76,15.1,1850,-0.55
Welt,"Auckland",NZ,-36.85,174.76,15.1,1851,-0.31
Welt,"Auckland",NZ,-36.85,174.76,15.1,1852,0.07
Welt,"Auckland",NZ,-36.85,174.76,15.1,1853,0.4
Welt,"Auckland",NZ,-36.85,174.76,15.1,1854,0.78
Welt,"Auckland",NZ,-36.85,174.76,15.1,1855,0.26
Welt,"Auckland",NZ,-36.85,174.76,15.1,1856,-0.14
Welt,"Auckland",NZ,-36.85,174.76,15.1,1857,-0.19
Welt,"Auckland",NZ,-36.85,174.76,15.1,1858,0.02
Welt,"Auckland",NZ,-36.85,174.76,15.1,1859,-0.25
Welt,"Auckland",NZ,-36.85,174.76,15.1,1860,-0.11
Welt,"Auckland",NZ,-36.85,174.76,15.1,1861,-0.82
Welt,"Auckland",NZ,-36.85,174.76,15.1,1862,-1.05
Welt,"Auckland",NZ,-36.85,174.76,15.1,1863,-0.65
Welt,"Auckland",NZ,-36.85,174.76,15.1,1864,-0.58
Welt,"Auckland",NZ,-36.85,174.76,15.1,1865,-0.36
Welt,"Auckland",NZ,-36.85,174.76,15.1,1866,-0.3
Welt,"Auckland",NZ,-36.85,174.76,15.1,1867,-0.6
Welt,"Auckland",NZ,-36.85,174.76,15.1,1868,-0.79
Welt,"Auckland",NZ,-36.85,174.76,15.1,1869,-0.92
Welt,"Auckland",NZ,-36.85,174.76,15.1,1870,-1.24
Welt,"Auckland",NZ,-36.85,174.76,15.1,1871,-0.44
Welt,"Auckland",NZ,-36.85,174.76,15.1,1872,-0.33
Welt,"Auckland",NZ,-36.85,174.76,15.1,1873,-0.27
Welt,"Auckland",NZ,-36.85,174.76,15.1,1874,-0.53
Welt,"Auckland",NZ,-36.85,174.76,15.1,1875,-0.62
Welt,"Auckland",NZ,-36.85,174.76,15.1,1876,-1.03
Welt,"Auckland",NZ,-36.85,174.76,15.1,1877,-0.77
Welt,"Auckland",NZ,-36.85,174.76,15.1,1878,0.52
Welt,"Auckland",NZ,-36.85,174.76,15.1,1879,-0.03
Welt,"Auckland",NZ,-36.85,174.76,15.1,1880,-0.3
Welt,"Auckland",NZ,-36.85,174.76,15.1,1881,0.03
Welt,"Auckland",NZ,-36.85,174.76,15.1,1882,-0.17
Welt,"Auckland",NZ,-36.85,174.76,15.1,1883,0.18
Welt,"Auckland",NZ,-36.85,174.76,15.1,1884,-0.26
Welt,"Auckland",NZ,-36.85,174.76,15.1,1885,0.17
Welt,"Auckland",NZ,-36.85,174.76,15.1,1886,0.04
Welt,"Auckland",NZ,-36.85,174.76,15.1,1887,-0.86
Welt,"Auckland",NZ,-36.85,174.76,15.1,1888,-0.3
Welt,"Auckland",NZ,-36.85,174.76,15.1,1889,-0.35
Welt,"Auckland",NZ,-36.85,174.76,15.1,1890,-0.81
Welt,"Auckland",NZ,-36.85,174.76,15.1,1891,-1
Welt,"Auckland",NZ,-36.85,174.76,15.1,1892,-0.38
Welt,"Auckland",NZ,-36.85,174.76,15.1,1893,-0.33
Welt,"Auckland",NZ,-36.85,174.76,15.1,1894,0.14
Welt,"Auckland",NZ,-36.85,174.76,15.1,1895,0.33
Welt,"Auckland",NZ,-36.85,174.76,15.1,1896,-0.16
Welt,"Auckland",NZ,-36.85,174.76,15.1,1897,0.08
Welt,"Auckland",NZ,-36.85,174.76,15.1,1898,-0.11
Welt,"Auckland",NZ,-36.85,174.76,15.1,1899,-0.71
Welt,"Auckland",NZ,-36.85,174.76,15.1,1900,-0.08
Welt,"Auckland",NZ,-36.85,174.76,15.1,1901,-0.09
Welt,"Auckland",NZ,-36.85,174.76,15.1,1902,-0.66
Welt,"Auckland",NZ,-36.85,174.76,15.1,1903,-0.35
Welt,"Auckland",NZ,-36.85,174.76,15.1,1904,-0.59
Welt,"Auckland",NZ,-36.85,174.76,15.1,1905,-0.64
Welt,"Auckland",NZ,-36.85,174.76,15.1,1906,-0.56
Welt,"Auckland",NZ,-36.85,174.76,15.1,1907,-0.29
Welt,"Auckland",NZ,-36.85,174.76,15.1,1908,-0.41
Welt,"Auckland",NZ,-36.85,174.76,15.1,1909,-0.33
Welt,"Auckland",NZ,-36.85,174.76,15.1,1910,-0.79
Welt,"Auckland",NZ,-36.85,174.76,15.1,1911,-0.75
Welt,"Auckland",NZ,-36.85,174.76,15.1,1912,-0.22
Welt,"Auckland",NZ,-36.85,174.76,15.1,1913,-0.23
Welt,"Auckland",NZ,-36.85,174.76,15.1,1914,-0.63
Welt,"Auckland",NZ,-36.85,174.76,15.1,1915,0.32
Welt,"Auckland",NZ,-36.85,174.76,15.1,1916,-0.15
Welt,"Auckland",NZ,-36.85,174.76,15.1,1917,-0.36
Welt,"Auckland",NZ,-36.85,174.76,15.1,1918,-0.41
Welt,"Auckland",NZ,-36.85,174.76,15.1,1919,-0.35
Welt,"Auckland",NZ,-36.85,174.76,15.1,1920,0.48
Welt,"Auckland",NZ,-36.85,174.76,15.1,1921,-0.05
Welt,"Auckland",NZ,-36.85,174.76,15.1,1922,0.29
Welt,"Auckland",NZ,-36.85,174.76,15.1,1923,-0.23
Welt,"Auckland",NZ,-36.85,174.76,15.1,1924,-0.54
Welt,"Auckland",NZ,-36.85,174.76,15.1,1925,-0.02
Welt,"Auckland",NZ,-36.85,174.76,15.1,1926,-0.2
Welt,"Auckland",NZ,-36.85,174.76,15.1,1927,0.44
Welt,"Auckland",NZ,-36.85,174.76,15.1,1928,0.23
Welt,"Auckland",NZ,-36.85,174.76,15.1,1929,-0.52
Welt,"Auckland",NZ,-36.85,174.76,15.1,1930,-0.82
Welt,"Auckland",NZ,-36.85,174.76,15.1,1931,-0.36
Welt,"Auckland",NZ,-36.85,174.76,15.1,1932,-0.3
Welt,"Auckland",NZ,-36.85,174.76,15.1,1933,0.06
Welt,"Auckland",NZ,-36.85,174.76,15.1,1934,0.45
Welt,"Auckland",NZ,-36.85,174.76,15.1,1935,0.2
Welt,"Auckland",NZ,-36.85,174.76,15.1,1936,0.44
Welt,"Auckland",NZ,-36.85,174.76,15.1,1937,-0.04
Welt,"Auckland",NZ,-36.85,174.76,15.1,1938,0.07
Welt,"Auckland",NZ,-36.85,174.76,15.1,1939,-0.14
Welt,"Auckland",NZ,-36.85,174.76,15.1,1940,0.54
Welt,"Auckland",NZ,-36.85,174.76,15.1,1941,0.53
Welt,"Auckland",NZ,-36.85,174.76,15.1,1942,-0.23
Welt,"Auckland",NZ,-36.85,174.76,15.1,1943,-0.44
Welt,"Auckland",NZ,-36.85,174.76,15.1,1944,0.46
Welt,"Auckland",NZ,-36.85,174.76,15.1,1945,0.01
Welt,"Auckland",NZ,-36.85,174.76,15.1,1946,-0.45
Welt,"Auckland",NZ,-36.85,174.76,15.1,1947,-0.01
Welt,"Auckland",NZ,-36.85,174.76,15.1,1948,-0.41
Welt,"Auckland",NZ,-36.85,174.76,15.1,1949,-0.63
Welt,"Auckland",NZ,-36.85,174.76,15.1,1950,-0.29
Welt,"Auckland",NZ,-36.85,174.76,15.1,1951,-0.16
Welt,"Auckland",NZ,-36.85,174.76,15.1,1952,0.19
Welt,"Auckland",NZ,-36.85,174.76,15.1,1953,-0.43
Welt,"Auckland",NZ,-36.85,174.76,15.1,1954,-0.4
Welt,"Auckland",NZ,-36.85,174.76,15.1,1955,-0.61
Welt,"Auckland",NZ,-36.85,174.76,15.1,1956,-0.2
Welt,"Auckland",NZ,-36.85,174.76,15.1,1957,0.14
Welt,"Auckland",NZ,-36.85,174.76,15.1,1958,0.78
Welt,"Auckland",NZ,-36.85,174.76,15.1,1959,0.33
Welt,"Auckland",NZ,-36.85,174.76,15.1,1960,0.03
Welt,"Auckland",NZ,-36.85,174.76,15.1,1961,0.33
Welt,"Auckland",NZ,-36.85,174.76,15.1,1962,-0.09
Welt,"Auckland",NZ,-36.85,174.76,15.1,1963,-0.31
Welt,"Auckland",NZ,-36.85,174.76,15.1,1964,-0.33
Welt,"Auckland",NZ,-36.85,174.76,15.1,1965,-0.02
Welt,"Auckland",NZ,-36.85,174.76,15.1,1966,0
Welt,"Auckland",NZ,-36.85,174.76,15.1,1967,-0.26
Welt,"Auckland",NZ,-36.85,174.76,15.1,1968,-0.12
Welt,"Auckland",NZ,-36.85,174.76,15.1,1969,-0.09
Welt,"Auckland",NZ,-36.85,174.76,15.1,1970,-0.27
Welt,"Auckland",NZ,-36.85,174.76,15.1,1971,0.09
Welt,"Auckland",NZ,-36.85,174.76,15.1,1972,0.09
Welt,"Auckland",NZ,-36.85,174.76,15.1,1973,-0.17
Welt,"Auckland",NZ,-36.85,174.76,15.1,1974,-0.85
Welt,"Auckland",NZ,-36.85,174.76,15.1,1975,-0.32
Welt,"Auckland",NZ,-36.85,174.76,15.1,1976,-0.22
Welt,"Auckland",NZ,-36.85,174.76,15.1,1977,0.3
Welt,"Auckland",NZ,-36.85,174.76,15.1,1978,0
Welt,"Auckland",NZ,-36.85,174.76,15.1,1979,0.4
Welt,"Auckland",NZ,-36.85,174.76,15.1,1980,0.2
Welt,"Auckland",NZ,-36.85,174.76,15.1,1981,-0.17
Welt,"Auckland",NZ,-36.85,174.76,15.1,1982,-0.1
Welt,"Auckland",NZ,-36.85,174.76,15.1,1983,0.74
Welt,"Auckland",NZ,-36.85,174.76,15.1,1984,0.89
Welt,"Auckland",NZ,-36.85,174.76,15.1,1985,0.57
Welt,"Auckland",NZ,-36.85,174.76,15.1,1986,-0.19
Welt,"Auckland",NZ,-36.85,174.76,15.1,1987,-0.23
Welt,"Auckland",NZ,-36.85,174.76,15.1,1988,-0.2
Welt,"Auckland",NZ,-36.85,174.76,15.1,1989,0
Welt,"Auckland",NZ,-36.85,174.76,15.1,1990,0.31
Welt,"Auckland",NZ,-36.85,174.76,15.1,1991,-0.2
Welt,"Auckland",NZ,-36.85,174.76,15.1,1992,0.19
Welt,"Auckland",NZ,-36.85,174.76,15.1,1993,0.63
Welt,"Auckland",NZ,-36.85,174.76,15.1,1994,0.26
Welt,"Auckland",NZ,-36.85,174.76,15.1,1995,0.22
Welt,"Auckland",NZ,-36.85,174.76,15.1,1996,0.19
Welt,"Auckland",NZ,-36.85,174.76,15.1,1997,0.6
Welt,"Auckland",NZ,-36.85,174.76,15.1,1998,0.63
Welt,"Auckland",NZ,-36.85,174.76,15.1,1999,0.32
Welt,"Auckland",NZ,-36.85,174.76,15.1,2000,0.36
Welt,"Auckland",NZ,-36.85,174.76,15.1,2001,0.21
Welt,"Auckland",NZ,-36.85,174.76,15.1,2002,0.45
Welt,"Auckland",NZ,-36.85,174.76,15.1,2003,0.58
Welt,"Auckland",NZ,-36.85,174.76,15.1,2004,0.44
Welt,"Auckland",NZ,-36.85,174.76,15.1,2005,0.25
Welt,"Auckland",NZ,-36.85,174.76,15.1,2006,0.85
Welt,"Auckland",NZ,-36.85,174.76,15.1,2007,0.45
Welt,"Auckland",NZ,-36.85,174.76,15.1,2008,-0.02
Welt,"Auckland",NZ,-36.85,174.76,15.1,2009,0.34
Welt,"Auckland",NZ,-36.85,174.76,15.1,2010,0.07
Welt,"Auckland",NZ,-36.85,174.76,15.1,2011,-0.2
Welt,"Auckland",NZ,-36.85,174.76,15.1,2012,0.72
Welt,"Auckland",NZ,-36.85,174.76,15.1,2013,0.63
Welt,"Auckland",NZ,-36.85,174.76,15.1,2014,0.85
Welt,"Auckland",NZ,-36.85,174.76,15.1,2015,0.44
Welt,"Auckland",NZ,-36.85,174.76,15.1,2016,0.96
Welt,"Auckland",NZ,-36.85,174.76,15.1,2017,0.76
Welt,"Auckland",NZ,-36.85,174.76,15.1,2018,0.37
Welt,"Auckland",NZ,-36.85,174.76,15.1,2019,0.66
Welt,"Auckland",NZ,-36.85,174.76,15.1,2020,0.88
Welt,"Auckland",NZ,-36.85,174.76,15.1,2021,0.64
Welt,"Auckland",NZ,-36.85,174.76,15.1,2022,0.64
Welt,"Auckland",NZ,-36.85,174.76,15.1,2023,0.85
Welt,"Auckland",NZ,-36.85,174.76,15.1,2024,0.76
Welt,"Auckland",NZ,-36.85,174.76,15.1,2025,1.06
Welt,"Melbourne",AU,-37.81,144.96,14.9,1850,-0.95
Welt,"Melbourne",AU,-37.81,144.96,14.9,1851,0.37
Welt,"Melbourne",AU,-37.81,144.96,14.9,1852,-0.5
Welt,"Melbourne",AU,-37.81,144.96,14.9,1853,-0.87
Welt,"Melbourne",AU,-37.81,144.96,14.9,1854,-0.14
Welt,"Melbourne",AU,-37.81,144.96,14.9,1855,-0.08
Welt,"Melbourne",AU,-37.81,144.96,14.9,1856,-0.35
Welt,"Melbourne",AU,-37.81,144.96,14.9,1857,-0.78
Welt,"Melbourne",AU,-37.81,144.96,14.9,1858,-0.84
Welt,"Melbourne",AU,-37.81,144.96,14.9,1859,-0.28
Welt,"Melbourne",AU,-37.81,144.96,14.9,1860,-0.16
Welt,"Melbourne",AU,-37.81,144.96,14.9,1861,-1.11
Welt,"Melbourne",AU,-37.81,144.96,14.9,1862,-0.32
Welt,"Melbourne",AU,-37.81,144.96,14.9,1863,-0.24
Welt,"Melbourne",AU,-37.81,144.96,14.9,1864,-0.03
Welt,"Melbourne",AU,-37.81,144.96,14.9,1865,0.05
Welt,"Melbourne",AU,-37.81,144.96,14.9,1866,0.52
Welt,"Melbourne",AU,-37.81,144.96,14.9,1867,-0.66
Welt,"Melbourne",AU,-37.81,144.96,14.9,1868,0.43
Welt,"Melbourne",AU,-37.81,144.96,14.9,1869,-0.12
Welt,"Melbourne",AU,-37.81,144.96,14.9,1870,0.32
Welt,"Melbourne",AU,-37.81,144.96,14.9,1871,0.08
Welt,"Melbourne",AU,-37.81,144.96,14.9,1872,-0.19
Welt,"Melbourne",AU,-37.81,144.96,14.9,1873,0.07
Welt,"Melbourne",AU,-37.81,144.96,14.9,1874,-0.58
Welt,"Melbourne",AU,-37.81,144.96,14.9,1875,0.36
Welt,"Melbourne",AU,-37.81,144.96,14.9,1876,0.21
Welt,"Melbourne",AU,-37.81,144.96,14.9,1877,-0.22
Welt,"Melbourne",AU,-37.81,144.96,14.9,1878,-0.73
Welt,"Melbourne",AU,-37.81,144.96,14.9,1879,-0.52
Welt,"Melbourne",AU,-37.81,144.96,14.9,1880,-0.44
Welt,"Melbourne",AU,-37.81,144.96,14.9,1881,-0.25
Welt,"Melbourne",AU,-37.81,144.96,14.9,1882,-0.94
Welt,"Melbourne",AU,-37.81,144.96,14.9,1883,-0.74
Welt,"Melbourne",AU,-37.81,144.96,14.9,1884,-1.3
Welt,"Melbourne",AU,-37.81,144.96,14.9,1885,-1.19
Welt,"Melbourne",AU,-37.81,144.96,14.9,1886,-0.3
Welt,"Melbourne",AU,-37.81,144.96,14.9,1887,-0.19
Welt,"Melbourne",AU,-37.81,144.96,14.9,1888,0.89
Welt,"Melbourne",AU,-37.81,144.96,14.9,1889,-0.51
Welt,"Melbourne",AU,-37.81,144.96,14.9,1890,-0.59
Welt,"Melbourne",AU,-37.81,144.96,14.9,1891,-0.68
Welt,"Melbourne",AU,-37.81,144.96,14.9,1892,-0.79
Welt,"Melbourne",AU,-37.81,144.96,14.9,1893,-0.33
Welt,"Melbourne",AU,-37.81,144.96,14.9,1894,-0.13
Welt,"Melbourne",AU,-37.81,144.96,14.9,1895,-0.28
Welt,"Melbourne",AU,-37.81,144.96,14.9,1896,0.74
Welt,"Melbourne",AU,-37.81,144.96,14.9,1897,0.44
Welt,"Melbourne",AU,-37.81,144.96,14.9,1898,-0.49
Welt,"Melbourne",AU,-37.81,144.96,14.9,1899,-0.63
Welt,"Melbourne",AU,-37.81,144.96,14.9,1900,-0.04
Welt,"Melbourne",AU,-37.81,144.96,14.9,1901,0.85
Welt,"Melbourne",AU,-37.81,144.96,14.9,1902,0.65
Welt,"Melbourne",AU,-37.81,144.96,14.9,1903,0.42
Welt,"Melbourne",AU,-37.81,144.96,14.9,1904,-0.41
Welt,"Melbourne",AU,-37.81,144.96,14.9,1905,-0.89
Welt,"Melbourne",AU,-37.81,144.96,14.9,1906,0.28
Welt,"Melbourne",AU,-37.81,144.96,14.9,1907,0.56
Welt,"Melbourne",AU,-37.81,144.96,14.9,1908,-0.16
Welt,"Melbourne",AU,-37.81,144.96,14.9,1909,-0.74
Welt,"Melbourne",AU,-37.81,144.96,14.9,1910,-0.77
Welt,"Melbourne",AU,-37.81,144.96,14.9,1911,-0.34
Welt,"Melbourne",AU,-37.81,144.96,14.9,1912,-0.01
Welt,"Melbourne",AU,-37.81,144.96,14.9,1913,-0.5
Welt,"Melbourne",AU,-37.81,144.96,14.9,1914,-0.47
Welt,"Melbourne",AU,-37.81,144.96,14.9,1915,-0.86
Welt,"Melbourne",AU,-37.81,144.96,14.9,1916,-1.09
Welt,"Melbourne",AU,-37.81,144.96,14.9,1917,-1.37
Welt,"Melbourne",AU,-37.81,144.96,14.9,1918,-1.2
Welt,"Melbourne",AU,-37.81,144.96,14.9,1919,-1.32
Welt,"Melbourne",AU,-37.81,144.96,14.9,1920,-0.78
Welt,"Melbourne",AU,-37.81,144.96,14.9,1921,0.1
Welt,"Melbourne",AU,-37.81,144.96,14.9,1922,-1.01
Welt,"Melbourne",AU,-37.81,144.96,14.9,1923,-0.98
Welt,"Melbourne",AU,-37.81,144.96,14.9,1924,-0.37
Welt,"Melbourne",AU,-37.81,144.96,14.9,1925,0.66
Welt,"Melbourne",AU,-37.81,144.96,14.9,1926,0.66
Welt,"Melbourne",AU,-37.81,144.96,14.9,1927,0.56
Welt,"Melbourne",AU,-37.81,144.96,14.9,1928,0.42
Welt,"Melbourne",AU,-37.81,144.96,14.9,1929,0.02
Welt,"Melbourne",AU,-37.81,144.96,14.9,1930,0.76
Welt,"Melbourne",AU,-37.81,144.96,14.9,1931,0.07
Welt,"Melbourne",AU,-37.81,144.96,14.9,1932,-0.49
Welt,"Melbourne",AU,-37.81,144.96,14.9,1933,-0.18
Welt,"Melbourne",AU,-37.81,144.96,14.9,1934,-0.76
Welt,"Melbourne",AU,-37.81,144.96,14.9,1935,-0.52
Welt,"Melbourne",AU,-37.81,144.96,14.9,1936,0.01
Welt,"Melbourne",AU,-37.81,144.96,14.9,1937,0.5
Welt,"Melbourne",AU,-37.81,144.96,14.9,1938,0.82
Welt,"Melbourne",AU,-37.81,144.96,14.9,1939,0.31
Welt,"Melbourne",AU,-37.81,144.96,14.9,1940,0.34
Welt,"Melbourne",AU,-37.81,144.96,14.9,1941,-0.28
Welt,"Melbourne",AU,-37.81,144.96,14.9,1942,-0.31
Welt,"Melbourne",AU,-37.81,144.96,14.9,1943,0.08
Welt,"Melbourne",AU,-37.81,144.96,14.9,1944,-0.21
Welt,"Melbourne",AU,-37.81,144.96,14.9,1945,0.58
Welt,"Melbourne",AU,-37.81,144.96,14.9,1946,0.65
Welt,"Melbourne",AU,-37.81,144.96,14.9,1947,0.52
Welt,"Melbourne",AU,-37.81,144.96,14.9,1948,-0.29
Welt,"Melbourne",AU,-37.81,144.96,14.9,1949,-0.44
Welt,"Melbourne",AU,-37.81,144.96,14.9,1950,0.4
Welt,"Melbourne",AU,-37.81,144.96,14.9,1951,0.8
Welt,"Melbourne",AU,-37.81,144.96,14.9,1952,0.86
Welt,"Melbourne",AU,-37.81,144.96,14.9,1953,0.61
Welt,"Melbourne",AU,-37.81,144.96,14.9,1954,-0.43
Welt,"Melbourne",AU,-37.81,144.96,14.9,1955,-0.79
Welt,"Melbourne",AU,-37.81,144.96,14.9,1956,0.14
Welt,"Melbourne",AU,-37.81,144.96,14.9,1957,-0.36
Welt,"Melbourne",AU,-37.81,144.96,14.9,1958,0.2
Welt,"Melbourne",AU,-37.81,144.96,14.9,1959,1.07
Welt,"Melbourne",AU,-37.81,144.96,14.9,1960,0.8
Welt,"Melbourne",AU,-37.81,144.96,14.9,1961,-0.35
Welt,"Melbourne",AU,-37.81,144.96,14.9,1962,0.12
Welt,"Melbourne",AU,-37.81,144.96,14.9,1963,-0.42
Welt,"Melbourne",AU,-37.81,144.96,14.9,1964,-0.55
Welt,"Melbourne",AU,-37.81,144.96,14.9,1965,-1.02
Welt,"Melbourne",AU,-37.81,144.96,14.9,1966,-0.49
Welt,"Melbourne",AU,-37.81,144.96,14.9,1967,-0.96
Welt,"Melbourne",AU,-37.81,144.96,14.9,1968,-0.26
Welt,"Melbourne",AU,-37.81,144.96,14.9,1969,0.52
Welt,"Melbourne",AU,-37.81,144.96,14.9,1970,0
Welt,"Melbourne",AU,-37.81,144.96,14.9,1971,0.06
Welt,"Melbourne",AU,-37.81,144.96,14.9,1972,-0.2
Welt,"Melbourne",AU,-37.81,144.96,14.9,1973,0.19
Welt,"Melbourne",AU,-37.81,144.96,14.9,1974,-0.75
Welt,"Melbourne",AU,-37.81,144.96,14.9,1975,-0.18
Welt,"Melbourne",AU,-37.81,144.96,14.9,1976,-0.14
Welt,"Melbourne",AU,-37.81,144.96,14.9,1977,0.24
Welt,"Melbourne",AU,-37.81,144.96,14.9,1978,-0.33
Welt,"Melbourne",AU,-37.81,144.96,14.9,1979,-0.4
Welt,"Melbourne",AU,-37.81,144.96,14.9,1980,-0.37
Welt,"Melbourne",AU,-37.81,144.96,14.9,1981,0.11
Welt,"Melbourne",AU,-37.81,144.96,14.9,1982,0.24
Welt,"Melbourne",AU,-37.81,144.96,14.9,1983,1.31
Welt,"Melbourne",AU,-37.81,144.96,14.9,1984,1.48
Welt,"Melbourne",AU,-37.81,144.96,14.9,1985,0.82
Welt,"Melbourne",AU,-37.81,144.96,14.9,1986,0.55
Welt,"Melbourne",AU,-37.81,144.96,14.9,1987,-0.02
Welt,"Melbourne",AU,-37.81,144.96,14.9,1988,-0.06
Welt,"Melbourne",AU,-37.81,144.96,14.9,1989,0.11
Welt,"Melbourne",AU,-37.81,144.96,14.9,1990,0.76
Welt,"Melbourne",AU,-37.81,144.96,14.9,1991,0.68
Welt,"Melbourne",AU,-37.81,144.96,14.9,1992,0.21
Welt,"Melbourne",AU,-37.81,144.96,14.9,1993,0.3
Welt,"Melbourne",AU,-37.81,144.96,14.9,1994,1.14
Welt,"Melbourne",AU,-37.81,144.96,14.9,1995,0.12
Welt,"Melbourne",AU,-37.81,144.96,14.9,1996,-0.51
Welt,"Melbourne",AU,-37.81,144.96,14.9,1997,0.56
Welt,"Melbourne",AU,-37.81,144.96,14.9,1998,1.35
Welt,"Melbourne",AU,-37.81,144.96,14.9,1999,-0.21
Welt,"Melbourne",AU,-37.81,144.96,14.9,2000,-0.19
Welt,"Melbourne",AU,-37.81,144.96,14.9,2001,0.12
Welt,"Melbourne",AU,-37.81,144.96,14.9,2002,0.66
Welt,"Melbourne",AU,-37.81,144.96,14.9,2003,-0.3
Welt,"Melbourne",AU,-37.81,144.96,14.9,2004,-0.36
Welt,"Melbourne",AU,-37.81,144.96,14.9,2005,-0.3
Welt,"Melbourne",AU,-37.81,144.96,14.9,2006,-0.05
Welt,"Melbourne",AU,-37.81,144.96,14.9,2007,0.17
Welt,"Melbourne",AU,-37.81,144.96,14.9,2008,1.24
Welt,"Melbourne",AU,-37.81,144.96,14.9,2009,0.88
Welt,"Melbourne",AU,-37.81,144.96,14.9,2010,1.68
Welt,"Melbourne",AU,-37.81,144.96,14.9,2011,0.86
Welt,"Melbourne",AU,-37.81,144.96,14.9,2012,1.08
Welt,"Melbourne",AU,-37.81,144.96,14.9,2013,0.82
Welt,"Melbourne",AU,-37.81,144.96,14.9,2014,-0.05
Welt,"Melbourne",AU,-37.81,144.96,14.9,2015,0.23
Welt,"Melbourne",AU,-37.81,144.96,14.9,2016,0.66
Welt,"Melbourne",AU,-37.81,144.96,14.9,2017,1.1
Welt,"Melbourne",AU,-37.81,144.96,14.9,2018,1.41
Welt,"Melbourne",AU,-37.81,144.96,14.9,2019,0.62
Welt,"Melbourne",AU,-37.81,144.96,14.9,2020,0.31
Welt,"Melbourne",AU,-37.81,144.96,14.9,2021,0.59
Welt,"Melbourne",AU,-37.81,144.96,14.9,2022,0.58
Welt,"Melbourne",AU,-37.81,144.96,14.9,2023,0.72
Welt,"Melbourne",AU,-37.81,144.96,14.9,2024,1.03
Welt,"Melbourne",AU,-37.81,144.96,14.9,2025,1.32